element,label,segment,point,x_east_m,y_north_m
hour_line,H=-77.506deg EET-mean T=6.75,0,0,-6.3124,-0.8156
hour_line,H=-77.506deg EET-mean T=6.75,0,1,-6.2451,-0.8454
hour_line,H=-77.506deg EET-mean T=6.75,0,2,-6.1631,-0.8817
hour_line,H=-77.506deg EET-mean T=6.75,0,3,-6.0827,-0.9174
hour_line,H=-77.506deg EET-mean T=6.75,0,4,-6.0038,-0.9523
hour_line,H=-77.506deg EET-mean T=6.75,0,5,-5.9265,-0.9866
hour_line,H=-77.506deg EET-mean T=6.75,0,6,-5.8505,-1.0202
hour_line,H=-77.506deg EET-mean T=6.75,0,7,-5.8131,-1.0368
hour_line,H=-73.756deg EET-mean T=7.00,0,0,-6.3643,0.0933
hour_line,H=-73.756deg EET-mean T=7.00,0,1,-6.3088,0.0610
hour_line,H=-73.756deg EET-mean T=7.00,0,2,-6.2298,0.0149
hour_line,H=-73.756deg EET-mean T=7.00,0,3,-6.1524,-0.0302
hour_line,H=-73.756deg EET-mean T=7.00,0,4,-6.0765,-0.0743
hour_line,H=-73.756deg EET-mean T=7.00,0,5,-6.0022,-0.1177
hour_line,H=-73.756deg EET-mean T=7.00,0,6,-5.9293,-0.1601
hour_line,H=-73.756deg EET-mean T=7.00,0,7,-5.8578,-0.2018
hour_line,H=-73.756deg EET-mean T=7.00,0,8,-5.7876,-0.2427
hour_line,H=-73.756deg EET-mean T=7.00,0,9,-5.7188,-0.2828
hour_line,H=-73.756deg EET-mean T=7.00,0,10,-5.6511,-0.3222
hour_line,H=-73.756deg EET-mean T=7.00,0,11,-5.5847,-0.3609
hour_line,H=-73.756deg EET-mean T=7.00,0,12,-5.5195,-0.3989
hour_line,H=-73.756deg EET-mean T=7.00,0,13,-5.4553,-0.4363
hour_line,H=-73.756deg EET-mean T=7.00,0,14,-5.3923,-0.4730
hour_line,H=-73.756deg EET-mean T=7.00,0,15,-5.3303,-0.5091
hour_line,H=-73.756deg EET-mean T=7.00,0,16,-5.2693,-0.5447
hour_line,H=-73.756deg EET-mean T=7.00,0,17,-5.2093,-0.5796
hour_line,H=-73.756deg EET-mean T=7.00,0,18,-5.1502,-0.6141
hour_line,H=-73.756deg EET-mean T=7.00,0,19,-5.0920,-0.6480
hour_line,H=-73.756deg EET-mean T=7.00,0,20,-5.0348,-0.6813
hour_line,H=-70.006deg EET-mean T=7.25,0,0,-6.2919,0.9610
hour_line,H=-70.006deg EET-mean T=7.25,0,1,-6.2242,0.9118
hour_line,H=-70.006deg EET-mean T=7.25,0,2,-6.1489,0.8570
hour_line,H=-70.006deg EET-mean T=7.25,0,3,-6.0752,0.8034
hour_line,H=-70.006deg EET-mean T=7.25,0,4,-6.0031,0.7509
hour_line,H=-70.006deg EET-mean T=7.25,0,5,-5.9324,0.6995
hour_line,H=-70.006deg EET-mean T=7.25,0,6,-5.8633,0.6492
hour_line,H=-70.006deg EET-mean T=7.25,0,7,-5.7955,0.5998
hour_line,H=-70.006deg EET-mean T=7.25,0,8,-5.7290,0.5515
hour_line,H=-70.006deg EET-mean T=7.25,0,9,-5.6638,0.5041
hour_line,H=-70.006deg EET-mean T=7.25,0,10,-5.5999,0.4576
hour_line,H=-70.006deg EET-mean T=7.25,0,11,-5.5372,0.4119
hour_line,H=-70.006deg EET-mean T=7.25,0,12,-5.4756,0.3671
hour_line,H=-70.006deg EET-mean T=7.25,0,13,-5.4151,0.3231
hour_line,H=-70.006deg EET-mean T=7.25,0,14,-5.3558,0.2799
hour_line,H=-70.006deg EET-mean T=7.25,0,15,-5.2974,0.2375
hour_line,H=-70.006deg EET-mean T=7.25,0,16,-5.2401,0.1957
hour_line,H=-70.006deg EET-mean T=7.25,0,17,-5.1837,0.1547
hour_line,H=-70.006deg EET-mean T=7.25,0,18,-5.1282,0.1144
hour_line,H=-70.006deg EET-mean T=7.25,0,19,-5.0737,0.0747
hour_line,H=-70.006deg EET-mean T=7.25,0,20,-5.0200,0.0356
hour_line,H=-70.006deg EET-mean T=7.25,0,21,-4.9672,-0.0028
hour_line,H=-70.006deg EET-mean T=7.25,0,22,-4.9152,-0.0406
hour_line,H=-70.006deg EET-mean T=7.25,0,23,-4.8640,-0.0779
hour_line,H=-70.006deg EET-mean T=7.25,0,24,-4.8136,-0.1146
hour_line,H=-70.006deg EET-mean T=7.25,0,25,-4.7638,-0.1508
hour_line,H=-70.006deg EET-mean T=7.25,0,26,-4.7149,-0.1864
hour_line,H=-70.006deg EET-mean T=7.25,0,27,-4.6666,-0.2216
hour_line,H=-70.006deg EET-mean T=7.25,0,28,-4.6189,-0.2562
hour_line,H=-70.006deg EET-mean T=7.25,0,29,-4.5720,-0.2904
hour_line,H=-70.006deg EET-mean T=7.25,0,30,-4.5256,-0.3241
hour_line,H=-70.006deg EET-mean T=7.25,0,31,-4.4799,-0.3574
hour_line,H=-70.006deg EET-mean T=7.25,0,32,-4.4348,-0.3902
hour_line,H=-70.006deg EET-mean T=7.25,0,33,-4.4124,-0.4065
hour_line,H=-66.256deg EET-mean T=7.50,0,0,-6.1160,1.7607
hour_line,H=-66.256deg EET-mean T=7.50,0,1,-6.0683,1.7187
hour_line,H=-66.256deg EET-mean T=7.50,0,2,-5.9961,1.6552
hour_line,H=-66.256deg EET-mean T=7.50,0,3,-5.9256,1.5932
hour_line,H=-66.256deg EET-mean T=7.50,0,4,-5.8566,1.5325
hour_line,H=-66.256deg EET-mean T=7.50,0,5,-5.7892,1.4732
hour_line,H=-66.256deg EET-mean T=7.50,0,6,-5.7233,1.4152
hour_line,H=-66.256deg EET-mean T=7.50,0,7,-5.6587,1.3584
hour_line,H=-66.256deg EET-mean T=7.50,0,8,-5.5955,1.3029
hour_line,H=-66.256deg EET-mean T=7.50,0,9,-5.5337,1.2484
hour_line,H=-66.256deg EET-mean T=7.50,0,10,-5.4730,1.1951
hour_line,H=-66.256deg EET-mean T=7.50,0,11,-5.4136,1.1428
hour_line,H=-66.256deg EET-mean T=7.50,0,12,-5.3553,1.0916
hour_line,H=-66.256deg EET-mean T=7.50,0,13,-5.2982,1.0413
hour_line,H=-66.256deg EET-mean T=7.50,0,14,-5.2421,0.9920
hour_line,H=-66.256deg EET-mean T=7.50,0,15,-5.1871,0.9436
hour_line,H=-66.256deg EET-mean T=7.50,0,16,-5.1331,0.8961
hour_line,H=-66.256deg EET-mean T=7.50,0,17,-5.0801,0.8494
hour_line,H=-66.256deg EET-mean T=7.50,0,18,-5.0279,0.8036
hour_line,H=-66.256deg EET-mean T=7.50,0,19,-4.9767,0.7585
hour_line,H=-66.256deg EET-mean T=7.50,0,20,-4.9264,0.7143
hour_line,H=-66.256deg EET-mean T=7.50,0,21,-4.8769,0.6707
hour_line,H=-66.256deg EET-mean T=7.50,0,22,-4.8282,0.6279
hour_line,H=-66.256deg EET-mean T=7.50,0,23,-4.7803,0.5858
hour_line,H=-66.256deg EET-mean T=7.50,0,24,-4.7332,0.5443
hour_line,H=-66.256deg EET-mean T=7.50,0,25,-4.6868,0.5035
hour_line,H=-66.256deg EET-mean T=7.50,0,26,-4.6411,0.4633
hour_line,H=-66.256deg EET-mean T=7.50,0,27,-4.5961,0.4237
hour_line,H=-66.256deg EET-mean T=7.50,0,28,-4.5518,0.3847
hour_line,H=-66.256deg EET-mean T=7.50,0,29,-4.5081,0.3463
hour_line,H=-66.256deg EET-mean T=7.50,0,30,-4.4650,0.3084
hour_line,H=-66.256deg EET-mean T=7.50,0,31,-4.4226,0.2711
hour_line,H=-66.256deg EET-mean T=7.50,0,32,-4.3807,0.2342
hour_line,H=-66.256deg EET-mean T=7.50,0,33,-4.3394,0.1979
hour_line,H=-66.256deg EET-mean T=7.50,0,34,-4.2987,0.1621
hour_line,H=-66.256deg EET-mean T=7.50,0,35,-4.2584,0.1267
hour_line,H=-66.256deg EET-mean T=7.50,0,36,-4.2187,0.0918
hour_line,H=-66.256deg EET-mean T=7.50,0,37,-4.1795,0.0573
hour_line,H=-66.256deg EET-mean T=7.50,0,38,-4.1408,0.0232
hour_line,H=-66.256deg EET-mean T=7.50,0,39,-4.1026,-0.0104
hour_line,H=-66.256deg EET-mean T=7.50,0,40,-4.0648,-0.0437
hour_line,H=-66.256deg EET-mean T=7.50,0,41,-4.0089,-0.0928
hour_line,H=-66.256deg EET-mean T=7.50,0,42,-3.9540,-0.1411
hour_line,H=-66.256deg EET-mean T=7.50,0,43,-3.9000,-0.1886
hour_line,H=-62.506deg EET-mean T=7.75,0,0,-5.8614,2.4784
hour_line,H=-62.506deg EET-mean T=7.75,0,1,-5.7998,2.4143
hour_line,H=-62.506deg EET-mean T=7.75,0,2,-5.7316,2.3433
hour_line,H=-62.506deg EET-mean T=7.75,0,3,-5.6650,2.2740
hour_line,H=-62.506deg EET-mean T=7.75,0,4,-5.6001,2.2064
hour_line,H=-62.506deg EET-mean T=7.75,0,5,-5.5366,2.1404
hour_line,H=-62.506deg EET-mean T=7.75,0,6,-5.4746,2.0759
hour_line,H=-62.506deg EET-mean T=7.75,0,7,-5.4140,2.0128
hour_line,H=-62.506deg EET-mean T=7.75,0,8,-5.3548,1.9511
hour_line,H=-62.506deg EET-mean T=7.75,0,9,-5.2968,1.8908
hour_line,H=-62.506deg EET-mean T=7.75,0,10,-5.2401,1.8318
hour_line,H=-62.506deg EET-mean T=7.75,0,11,-5.1845,1.7740
hour_line,H=-62.506deg EET-mean T=7.75,0,12,-5.1301,1.7174
hour_line,H=-62.506deg EET-mean T=7.75,0,13,-5.0769,1.6619
hour_line,H=-62.506deg EET-mean T=7.75,0,14,-5.0246,1.6076
hour_line,H=-62.506deg EET-mean T=7.75,0,15,-4.9734,1.5543
hour_line,H=-62.506deg EET-mean T=7.75,0,16,-4.9232,1.5020
hour_line,H=-62.506deg EET-mean T=7.75,0,17,-4.8739,1.4507
hour_line,H=-62.506deg EET-mean T=7.75,0,18,-4.8256,1.4004
hour_line,H=-62.506deg EET-mean T=7.75,0,19,-4.7781,1.3510
hour_line,H=-62.506deg EET-mean T=7.75,0,20,-4.7315,1.3025
hour_line,H=-62.506deg EET-mean T=7.75,0,21,-4.6857,1.2548
hour_line,H=-62.506deg EET-mean T=7.75,0,22,-4.6407,1.2080
hour_line,H=-62.506deg EET-mean T=7.75,0,23,-4.5964,1.1619
hour_line,H=-62.506deg EET-mean T=7.75,0,24,-4.5529,1.1167
hour_line,H=-62.506deg EET-mean T=7.75,0,25,-4.5102,1.0721
hour_line,H=-62.506deg EET-mean T=7.75,0,26,-4.4681,1.0283
hour_line,H=-62.506deg EET-mean T=7.75,0,27,-4.4266,0.9852
hour_line,H=-62.506deg EET-mean T=7.75,0,28,-4.3859,0.9428
hour_line,H=-62.506deg EET-mean T=7.75,0,29,-4.3457,0.9010
hour_line,H=-62.506deg EET-mean T=7.75,0,30,-4.3062,0.8599
hour_line,H=-62.506deg EET-mean T=7.75,0,31,-4.2672,0.8193
hour_line,H=-62.506deg EET-mean T=7.75,0,32,-4.2288,0.7794
hour_line,H=-62.506deg EET-mean T=7.75,0,33,-4.1910,0.7400
hour_line,H=-62.506deg EET-mean T=7.75,0,34,-4.1537,0.7011
hour_line,H=-62.506deg EET-mean T=7.75,0,35,-4.1169,0.6628
hour_line,H=-62.506deg EET-mean T=7.75,0,36,-4.0806,0.6251
hour_line,H=-62.506deg EET-mean T=7.75,0,37,-4.0447,0.5878
hour_line,H=-62.506deg EET-mean T=7.75,0,38,-4.0094,0.5510
hour_line,H=-62.506deg EET-mean T=7.75,0,39,-3.9745,0.5147
hour_line,H=-62.506deg EET-mean T=7.75,0,40,-3.9230,0.4611
hour_line,H=-62.506deg EET-mean T=7.75,0,41,-3.8724,0.4084
hour_line,H=-62.506deg EET-mean T=7.75,0,42,-3.8227,0.3567
hour_line,H=-62.506deg EET-mean T=7.75,0,43,-3.7739,0.3059
hour_line,H=-62.506deg EET-mean T=7.75,0,44,-3.7259,0.2560
hour_line,H=-62.506deg EET-mean T=7.75,0,45,-3.6787,0.2069
hour_line,H=-62.506deg EET-mean T=7.75,0,46,-3.6323,0.1585
hour_line,H=-62.506deg EET-mean T=7.75,0,47,-3.5866,0.1110
hour_line,H=-62.506deg EET-mean T=7.75,0,48,-3.5415,0.0641
hour_line,H=-62.506deg EET-mean T=7.75,0,49,-3.4971,0.0179
hour_line,H=-62.506deg EET-mean T=7.75,0,50,-3.4679,-0.0126
hour_line,H=-58.756deg EET-mean T=8.00,0,0,-5.5512,3.1102
hour_line,H=-58.756deg EET-mean T=8.00,0,1,-5.5144,3.0656
hour_line,H=-58.756deg EET-mean T=8.00,0,2,-5.4816,3.0258
hour_line,H=-58.756deg EET-mean T=8.00,0,3,-5.4492,2.9866
hour_line,H=-58.756deg EET-mean T=8.00,0,4,-5.4173,2.9479
hour_line,H=-58.756deg EET-mean T=8.00,0,5,-5.3547,2.8719
hour_line,H=-58.756deg EET-mean T=8.00,0,6,-5.2937,2.7978
hour_line,H=-58.756deg EET-mean T=8.00,0,7,-5.2341,2.7256
hour_line,H=-58.756deg EET-mean T=8.00,0,8,-5.1760,2.6551
hour_line,H=-58.756deg EET-mean T=8.00,0,9,-5.1193,2.5863
hour_line,H=-58.756deg EET-mean T=8.00,0,10,-5.0639,2.5191
hour_line,H=-58.756deg EET-mean T=8.00,0,11,-5.0098,2.4534
hour_line,H=-58.756deg EET-mean T=8.00,0,12,-4.9568,2.3892
hour_line,H=-58.756deg EET-mean T=8.00,0,13,-4.9051,2.3265
hour_line,H=-58.756deg EET-mean T=8.00,0,14,-4.8545,2.2651
hour_line,H=-58.756deg EET-mean T=8.00,0,15,-4.8050,2.2050
hour_line,H=-58.756deg EET-mean T=8.00,0,16,-4.7565,2.1461
hour_line,H=-58.756deg EET-mean T=8.00,0,17,-4.7090,2.0885
hour_line,H=-58.756deg EET-mean T=8.00,0,18,-4.6624,2.0321
hour_line,H=-58.756deg EET-mean T=8.00,0,19,-4.6168,1.9767
hour_line,H=-58.756deg EET-mean T=8.00,0,20,-4.5721,1.9225
hour_line,H=-58.756deg EET-mean T=8.00,0,21,-4.5282,1.8693
hour_line,H=-58.756deg EET-mean T=8.00,0,22,-4.4852,1.8171
hour_line,H=-58.756deg EET-mean T=8.00,0,23,-4.4430,1.7658
hour_line,H=-58.756deg EET-mean T=8.00,0,24,-4.4015,1.7155
hour_line,H=-58.756deg EET-mean T=8.00,0,25,-4.3608,1.6661
hour_line,H=-58.756deg EET-mean T=8.00,0,26,-4.3208,1.6176
hour_line,H=-58.756deg EET-mean T=8.00,0,27,-4.2815,1.5699
hour_line,H=-58.756deg EET-mean T=8.00,0,28,-4.2428,1.5230
hour_line,H=-58.756deg EET-mean T=8.00,0,29,-4.2048,1.4769
hour_line,H=-58.756deg EET-mean T=8.00,0,30,-4.1675,1.4316
hour_line,H=-58.756deg EET-mean T=8.00,0,31,-4.1307,1.3870
hour_line,H=-58.756deg EET-mean T=8.00,0,32,-4.0945,1.3431
hour_line,H=-58.756deg EET-mean T=8.00,0,33,-4.0589,1.2999
hour_line,H=-58.756deg EET-mean T=8.00,0,34,-4.0238,1.2573
hour_line,H=-58.756deg EET-mean T=8.00,0,35,-3.9893,1.2154
hour_line,H=-58.756deg EET-mean T=8.00,0,36,-3.9552,1.1741
hour_line,H=-58.756deg EET-mean T=8.00,0,37,-3.9217,1.1334
hour_line,H=-58.756deg EET-mean T=8.00,0,38,-3.8886,1.0933
hour_line,H=-58.756deg EET-mean T=8.00,0,39,-3.8560,1.0538
hour_line,H=-58.756deg EET-mean T=8.00,0,40,-3.8239,1.0148
hour_line,H=-58.756deg EET-mean T=8.00,0,41,-3.7765,0.9573
hour_line,H=-58.756deg EET-mean T=8.00,0,42,-3.7300,0.9009
hour_line,H=-58.756deg EET-mean T=8.00,0,43,-3.6844,0.8456
hour_line,H=-58.756deg EET-mean T=8.00,0,44,-3.6397,0.7913
hour_line,H=-58.756deg EET-mean T=8.00,0,45,-3.5958,0.7380
hour_line,H=-58.756deg EET-mean T=8.00,0,46,-3.5526,0.6857
hour_line,H=-58.756deg EET-mean T=8.00,0,47,-3.5102,0.6342
hour_line,H=-58.756deg EET-mean T=8.00,0,48,-3.4685,0.5837
hour_line,H=-58.756deg EET-mean T=8.00,0,49,-3.4275,0.5339
hour_line,H=-58.756deg EET-mean T=8.00,0,50,-3.3871,0.4849
hour_line,H=-58.756deg EET-mean T=8.00,0,51,-3.3474,0.4367
hour_line,H=-58.756deg EET-mean T=8.00,0,52,-3.3082,0.3892
hour_line,H=-58.756deg EET-mean T=8.00,0,53,-3.2696,0.3423
hour_line,H=-58.756deg EET-mean T=8.00,0,54,-3.2315,0.2961
hour_line,H=-58.756deg EET-mean T=8.00,0,55,-3.1940,0.2506
hour_line,H=-58.756deg EET-mean T=8.00,0,56,-3.1569,0.2056
hour_line,H=-58.756deg EET-mean T=8.00,0,57,-3.1203,0.1612
hour_line,H=-58.756deg EET-mean T=8.00,0,58,-3.0962,0.1319
hour_line,H=-55.006deg EET-mean T=8.25,0,0,-5.2048,3.6591
hour_line,H=-55.006deg EET-mean T=8.25,0,1,-5.1616,3.5986
hour_line,H=-55.006deg EET-mean T=8.25,0,2,-5.1308,3.5555
hour_line,H=-55.006deg EET-mean T=8.25,0,3,-5.1004,3.5130
hour_line,H=-55.006deg EET-mean T=8.25,0,4,-5.0704,3.4710
hour_line,H=-55.006deg EET-mean T=8.25,0,5,-5.0409,3.4297
hour_line,H=-55.006deg EET-mean T=8.25,0,6,-5.0117,3.3888
hour_line,H=-55.006deg EET-mean T=8.25,0,7,-4.9546,3.3088
hour_line,H=-55.006deg EET-mean T=8.25,0,8,-4.8989,3.2309
hour_line,H=-55.006deg EET-mean T=8.25,0,9,-4.8446,3.1549
hour_line,H=-55.006deg EET-mean T=8.25,0,10,-4.7917,3.0809
hour_line,H=-55.006deg EET-mean T=8.25,0,11,-4.7401,3.0086
hour_line,H=-55.006deg EET-mean T=8.25,0,12,-4.6897,2.9381
hour_line,H=-55.006deg EET-mean T=8.25,0,13,-4.6406,2.8693
hour_line,H=-55.006deg EET-mean T=8.25,0,14,-4.5925,2.8020
hour_line,H=-55.006deg EET-mean T=8.25,0,15,-4.5456,2.7363
hour_line,H=-55.006deg EET-mean T=8.25,0,16,-4.4997,2.6721
hour_line,H=-55.006deg EET-mean T=8.25,0,17,-4.4549,2.6093
hour_line,H=-55.006deg EET-mean T=8.25,0,18,-4.4110,2.5479
hour_line,H=-55.006deg EET-mean T=8.25,0,19,-4.3680,2.4877
hour_line,H=-55.006deg EET-mean T=8.25,0,20,-4.3259,2.4288
hour_line,H=-55.006deg EET-mean T=8.25,0,21,-4.2847,2.3711
hour_line,H=-55.006deg EET-mean T=8.25,0,22,-4.2444,2.3146
hour_line,H=-55.006deg EET-mean T=8.25,0,23,-4.2048,2.2592
hour_line,H=-55.006deg EET-mean T=8.25,0,24,-4.1660,2.2049
hour_line,H=-55.006deg EET-mean T=8.25,0,25,-4.1279,2.1516
hour_line,H=-55.006deg EET-mean T=8.25,0,26,-4.0906,2.0993
hour_line,H=-55.006deg EET-mean T=8.25,0,27,-4.0539,2.0480
hour_line,H=-55.006deg EET-mean T=8.25,0,28,-4.0179,1.9977
hour_line,H=-55.006deg EET-mean T=8.25,0,29,-3.9826,1.9482
hour_line,H=-55.006deg EET-mean T=8.25,0,30,-3.9479,1.8996
hour_line,H=-55.006deg EET-mean T=8.25,0,31,-3.9137,1.8518
hour_line,H=-55.006deg EET-mean T=8.25,0,32,-3.8802,1.8048
hour_line,H=-55.006deg EET-mean T=8.25,0,33,-3.8472,1.7586
hour_line,H=-55.006deg EET-mean T=8.25,0,34,-3.8147,1.7132
hour_line,H=-55.006deg EET-mean T=8.25,0,35,-3.7828,1.6685
hour_line,H=-55.006deg EET-mean T=8.25,0,36,-3.7514,1.6245
hour_line,H=-55.006deg EET-mean T=8.25,0,37,-3.7205,1.5812
hour_line,H=-55.006deg EET-mean T=8.25,0,38,-3.6900,1.5386
hour_line,H=-55.006deg EET-mean T=8.25,0,39,-3.6600,1.4966
hour_line,H=-55.006deg EET-mean T=8.25,0,40,-3.6304,1.4552
hour_line,H=-55.006deg EET-mean T=8.25,0,41,-3.6013,1.4144
hour_line,H=-55.006deg EET-mean T=8.25,0,42,-3.5583,1.3543
hour_line,H=-55.006deg EET-mean T=8.25,0,43,-3.5163,1.2954
hour_line,H=-55.006deg EET-mean T=8.25,0,44,-3.4751,1.2378
hour_line,H=-55.006deg EET-mean T=8.25,0,45,-3.4347,1.1812
hour_line,H=-55.006deg EET-mean T=8.25,0,46,-3.3951,1.1258
hour_line,H=-55.006deg EET-mean T=8.25,0,47,-3.3562,1.0713
hour_line,H=-55.006deg EET-mean T=8.25,0,48,-3.3181,1.0179
hour_line,H=-55.006deg EET-mean T=8.25,0,49,-3.2805,0.9654
hour_line,H=-55.006deg EET-mean T=8.25,0,50,-3.2437,0.9138
hour_line,H=-55.006deg EET-mean T=8.25,0,51,-3.2074,0.8630
hour_line,H=-55.006deg EET-mean T=8.25,0,52,-3.1718,0.8131
hour_line,H=-55.006deg EET-mean T=8.25,0,53,-3.1367,0.7640
hour_line,H=-55.006deg EET-mean T=8.25,0,54,-3.1021,0.7156
hour_line,H=-55.006deg EET-mean T=8.25,0,55,-3.0680,0.6679
hour_line,H=-55.006deg EET-mean T=8.25,0,56,-3.0344,0.6209
hour_line,H=-55.006deg EET-mean T=8.25,0,57,-3.0013,0.5745
hour_line,H=-55.006deg EET-mean T=8.25,0,58,-2.9687,0.5288
hour_line,H=-55.006deg EET-mean T=8.25,0,59,-2.9364,0.4837
hour_line,H=-55.006deg EET-mean T=8.25,0,60,-2.9046,0.4391
hour_line,H=-55.006deg EET-mean T=8.25,0,61,-2.8731,0.3951
hour_line,H=-55.006deg EET-mean T=8.25,0,62,-2.8421,0.3516
hour_line,H=-55.006deg EET-mean T=8.25,0,63,-2.8113,0.3086
hour_line,H=-55.006deg EET-mean T=8.25,0,64,-2.7810,0.2660
hour_line,H=-55.006deg EET-mean T=8.25,0,65,-2.7709,0.2519
hour_line,H=-51.256deg EET-mean T=8.50,0,0,-4.8371,4.1315
hour_line,H=-51.256deg EET-mean T=8.50,0,1,-4.7873,4.0515
hour_line,H=-51.256deg EET-mean T=8.50,0,2,-4.7585,4.0053
hour_line,H=-51.256deg EET-mean T=8.50,0,3,-4.7301,3.9598
hour_line,H=-51.256deg EET-mean T=8.50,0,4,-4.7022,3.9149
hour_line,H=-51.256deg EET-mean T=8.50,0,5,-4.6746,3.8707
hour_line,H=-51.256deg EET-mean T=8.50,0,6,-4.6474,3.8271
hour_line,H=-51.256deg EET-mean T=8.50,0,7,-4.6206,3.7841
hour_line,H=-51.256deg EET-mean T=8.50,0,8,-4.5681,3.6998
hour_line,H=-51.256deg EET-mean T=8.50,0,9,-4.5170,3.6179
hour_line,H=-51.256deg EET-mean T=8.50,0,10,-4.4673,3.5381
hour_line,H=-51.256deg EET-mean T=8.50,0,11,-4.4189,3.4604
hour_line,H=-51.256deg EET-mean T=8.50,0,12,-4.3717,3.3846
hour_line,H=-51.256deg EET-mean T=8.50,0,13,-4.3257,3.3108
hour_line,H=-51.256deg EET-mean T=8.50,0,14,-4.2808,3.2387
hour_line,H=-51.256deg EET-mean T=8.50,0,15,-4.2369,3.1684
hour_line,H=-51.256deg EET-mean T=8.50,0,16,-4.1942,3.0998
hour_line,H=-51.256deg EET-mean T=8.50,0,17,-4.1524,3.0328
hour_line,H=-51.256deg EET-mean T=8.50,0,18,-4.1116,2.9673
hour_line,H=-51.256deg EET-mean T=8.50,0,19,-4.0717,2.9032
hour_line,H=-51.256deg EET-mean T=8.50,0,20,-4.0326,2.8406
hour_line,H=-51.256deg EET-mean T=8.50,0,21,-3.9944,2.7793
hour_line,H=-51.256deg EET-mean T=8.50,0,22,-3.9571,2.7194
hour_line,H=-51.256deg EET-mean T=8.50,0,23,-3.9205,2.6606
hour_line,H=-51.256deg EET-mean T=8.50,0,24,-3.8846,2.6031
hour_line,H=-51.256deg EET-mean T=8.50,0,25,-3.8495,2.5468
hour_line,H=-51.256deg EET-mean T=8.50,0,26,-3.8151,2.4915
hour_line,H=-51.256deg EET-mean T=8.50,0,27,-3.7813,2.4374
hour_line,H=-51.256deg EET-mean T=8.50,0,28,-3.7482,2.3843
hour_line,H=-51.256deg EET-mean T=8.50,0,29,-3.7157,2.3321
hour_line,H=-51.256deg EET-mean T=8.50,0,30,-3.6839,2.2810
hour_line,H=-51.256deg EET-mean T=8.50,0,31,-3.6526,2.2307
hour_line,H=-51.256deg EET-mean T=8.50,0,32,-3.6218,2.1814
hour_line,H=-51.256deg EET-mean T=8.50,0,33,-3.5916,2.1329
hour_line,H=-51.256deg EET-mean T=8.50,0,34,-3.5619,2.0853
hour_line,H=-51.256deg EET-mean T=8.50,0,35,-3.5327,2.0385
hour_line,H=-51.256deg EET-mean T=8.50,0,36,-3.5040,1.9924
hour_line,H=-51.256deg EET-mean T=8.50,0,37,-3.4758,1.9471
hour_line,H=-51.256deg EET-mean T=8.50,0,38,-3.4480,1.9026
hour_line,H=-51.256deg EET-mean T=8.50,0,39,-3.4207,1.8587
hour_line,H=-51.256deg EET-mean T=8.50,0,40,-3.3938,1.8156
hour_line,H=-51.256deg EET-mean T=8.50,0,41,-3.3673,1.7730
hour_line,H=-51.256deg EET-mean T=8.50,0,42,-3.3283,1.7104
hour_line,H=-51.256deg EET-mean T=8.50,0,43,-3.2901,1.6492
hour_line,H=-51.256deg EET-mean T=8.50,0,44,-3.2528,1.5893
hour_line,H=-51.256deg EET-mean T=8.50,0,45,-3.2162,1.5306
hour_line,H=-51.256deg EET-mean T=8.50,0,46,-3.1804,1.4731
hour_line,H=-51.256deg EET-mean T=8.50,0,47,-3.1453,1.4168
hour_line,H=-51.256deg EET-mean T=8.50,0,48,-3.1108,1.3615
hour_line,H=-51.256deg EET-mean T=8.50,0,49,-3.0770,1.3072
hour_line,H=-51.256deg EET-mean T=8.50,0,50,-3.0438,1.2539
hour_line,H=-51.256deg EET-mean T=8.50,0,51,-3.0112,1.2016
hour_line,H=-51.256deg EET-mean T=8.50,0,52,-2.9791,1.1501
hour_line,H=-51.256deg EET-mean T=8.50,0,53,-2.9476,1.0996
hour_line,H=-51.256deg EET-mean T=8.50,0,54,-2.9166,1.0498
hour_line,H=-51.256deg EET-mean T=8.50,0,55,-2.8860,1.0008
hour_line,H=-51.256deg EET-mean T=8.50,0,56,-2.8560,0.9525
hour_line,H=-51.256deg EET-mean T=8.50,0,57,-2.8263,0.9050
hour_line,H=-51.256deg EET-mean T=8.50,0,58,-2.7971,0.8581
hour_line,H=-51.256deg EET-mean T=8.50,0,59,-2.7683,0.8119
hour_line,H=-51.256deg EET-mean T=8.50,0,60,-2.7399,0.7663
hour_line,H=-51.256deg EET-mean T=8.50,0,61,-2.7119,0.7213
hour_line,H=-51.256deg EET-mean T=8.50,0,62,-2.6842,0.6769
hour_line,H=-51.256deg EET-mean T=8.50,0,63,-2.6568,0.6330
hour_line,H=-51.256deg EET-mean T=8.50,0,64,-2.6298,0.5897
hour_line,H=-51.256deg EET-mean T=8.50,0,65,-2.6031,0.5468
hour_line,H=-51.256deg EET-mean T=8.50,0,66,-2.5679,0.4903
hour_line,H=-51.256deg EET-mean T=8.50,0,67,-2.5332,0.4347
hour_line,H=-51.256deg EET-mean T=8.50,0,68,-2.4990,0.3798
hour_line,H=-51.256deg EET-mean T=8.50,0,69,-2.4820,0.3526
hour_line,H=-47.506deg EET-mean T=8.75,0,0,-4.4591,4.5356
hour_line,H=-47.506deg EET-mean T=8.75,0,1,-4.4257,4.4744
hour_line,H=-47.506deg EET-mean T=8.75,0,2,-4.3986,4.4248
hour_line,H=-47.506deg EET-mean T=8.75,0,3,-4.3720,4.3759
hour_line,H=-47.506deg EET-mean T=8.75,0,4,-4.3457,4.3278
hour_line,H=-47.506deg EET-mean T=8.75,0,5,-4.3198,4.2804
hour_line,H=-47.506deg EET-mean T=8.75,0,6,-4.2943,4.2337
hour_line,H=-47.506deg EET-mean T=8.75,0,7,-4.2692,4.1877
hour_line,H=-47.506deg EET-mean T=8.75,0,8,-4.2445,4.1424
hour_line,H=-47.506deg EET-mean T=8.75,0,9,-4.2201,4.0977
hour_line,H=-47.506deg EET-mean T=8.75,0,10,-4.1960,4.0536
hour_line,H=-47.506deg EET-mean T=8.75,0,11,-4.1490,3.9674
hour_line,H=-47.506deg EET-mean T=8.75,0,12,-4.1032,3.8835
hour_line,H=-47.506deg EET-mean T=8.75,0,13,-4.0586,3.8019
hour_line,H=-47.506deg EET-mean T=8.75,0,14,-4.0153,3.7225
hour_line,H=-47.506deg EET-mean T=8.75,0,15,-3.9731,3.6451
hour_line,H=-47.506deg EET-mean T=8.75,0,16,-3.9319,3.5698
hour_line,H=-47.506deg EET-mean T=8.75,0,17,-3.8918,3.4963
hour_line,H=-47.506deg EET-mean T=8.75,0,18,-3.8527,3.4246
hour_line,H=-47.506deg EET-mean T=8.75,0,19,-3.8145,3.3546
hour_line,H=-47.506deg EET-mean T=8.75,0,20,-3.7772,3.2863
hour_line,H=-47.506deg EET-mean T=8.75,0,21,-3.7408,3.2196
hour_line,H=-47.506deg EET-mean T=8.75,0,22,-3.7052,3.1545
hour_line,H=-47.506deg EET-mean T=8.75,0,23,-3.6705,3.0908
hour_line,H=-47.506deg EET-mean T=8.75,0,24,-3.6364,3.0285
hour_line,H=-47.506deg EET-mean T=8.75,0,25,-3.6032,2.9675
hour_line,H=-47.506deg EET-mean T=8.75,0,26,-3.5706,2.9079
hour_line,H=-47.506deg EET-mean T=8.75,0,27,-3.5387,2.8495
hour_line,H=-47.506deg EET-mean T=8.75,0,28,-3.5075,2.7923
hour_line,H=-47.506deg EET-mean T=8.75,0,29,-3.4769,2.7363
hour_line,H=-47.506deg EET-mean T=8.75,0,30,-3.4470,2.6813
hour_line,H=-47.506deg EET-mean T=8.75,0,31,-3.4176,2.6275
hour_line,H=-47.506deg EET-mean T=8.75,0,32,-3.3887,2.5747
hour_line,H=-47.506deg EET-mean T=8.75,0,33,-3.3605,2.5229
hour_line,H=-47.506deg EET-mean T=8.75,0,34,-3.3327,2.4720
hour_line,H=-47.506deg EET-mean T=8.75,0,35,-3.3054,2.4221
hour_line,H=-47.506deg EET-mean T=8.75,0,36,-3.2787,2.3730
hour_line,H=-47.506deg EET-mean T=8.75,0,37,-3.2524,2.3249
hour_line,H=-47.506deg EET-mean T=8.75,0,38,-3.2265,2.2775
hour_line,H=-47.506deg EET-mean T=8.75,0,39,-3.2011,2.2310
hour_line,H=-47.506deg EET-mean T=8.75,0,40,-3.1762,2.1852
hour_line,H=-47.506deg EET-mean T=8.75,0,41,-3.1516,2.1402
hour_line,H=-47.506deg EET-mean T=8.75,0,42,-3.1274,2.0959
hour_line,H=-47.506deg EET-mean T=8.75,0,43,-3.0919,2.0308
hour_line,H=-47.506deg EET-mean T=8.75,0,44,-3.0572,1.9672
hour_line,H=-47.506deg EET-mean T=8.75,0,45,-3.0232,1.9050
hour_line,H=-47.506deg EET-mean T=8.75,0,46,-2.9900,1.8442
hour_line,H=-47.506deg EET-mean T=8.75,0,47,-2.9575,1.7847
hour_line,H=-47.506deg EET-mean T=8.75,0,48,-2.9257,1.7264
hour_line,H=-47.506deg EET-mean T=8.75,0,49,-2.8945,1.6693
hour_line,H=-47.506deg EET-mean T=8.75,0,50,-2.8640,1.6133
hour_line,H=-47.506deg EET-mean T=8.75,0,51,-2.8340,1.5584
hour_line,H=-47.506deg EET-mean T=8.75,0,52,-2.8046,1.5045
hour_line,H=-47.506deg EET-mean T=8.75,0,53,-2.7757,1.4516
hour_line,H=-47.506deg EET-mean T=8.75,0,54,-2.7473,1.3996
hour_line,H=-47.506deg EET-mean T=8.75,0,55,-2.7195,1.3485
hour_line,H=-47.506deg EET-mean T=8.75,0,56,-2.6920,1.2983
hour_line,H=-47.506deg EET-mean T=8.75,0,57,-2.6651,1.2489
hour_line,H=-47.506deg EET-mean T=8.75,0,58,-2.6385,1.2003
hour_line,H=-47.506deg EET-mean T=8.75,0,59,-2.6124,1.1524
hour_line,H=-47.506deg EET-mean T=8.75,0,60,-2.5866,1.1052
hour_line,H=-47.506deg EET-mean T=8.75,0,61,-2.5612,1.0587
hour_line,H=-47.506deg EET-mean T=8.75,0,62,-2.5362,1.0128
hour_line,H=-47.506deg EET-mean T=8.75,0,63,-2.5115,0.9675
hour_line,H=-47.506deg EET-mean T=8.75,0,64,-2.4871,0.9229
hour_line,H=-47.506deg EET-mean T=8.75,0,65,-2.4630,0.8788
hour_line,H=-47.506deg EET-mean T=8.75,0,66,-2.4314,0.8209
hour_line,H=-47.506deg EET-mean T=8.75,0,67,-2.4003,0.7638
hour_line,H=-47.506deg EET-mean T=8.75,0,68,-2.3696,0.7076
hour_line,H=-47.506deg EET-mean T=8.75,0,69,-2.3393,0.6522
hour_line,H=-47.506deg EET-mean T=8.75,0,70,-2.3095,0.5975
hour_line,H=-47.506deg EET-mean T=8.75,0,71,-2.2800,0.5436
hour_line,H=-47.506deg EET-mean T=8.75,0,72,-2.2509,0.4902
hour_line,H=-47.506deg EET-mean T=8.75,0,73,-2.2222,0.4375
hour_line,H=-43.756deg EET-mean T=9.00,0,0,-4.0760,4.8754
hour_line,H=-43.756deg EET-mean T=9.00,0,1,-4.0504,4.8219
hour_line,H=-43.756deg EET-mean T=9.00,0,2,-4.0252,4.7693
hour_line,H=-43.756deg EET-mean T=9.00,0,3,-4.0004,4.7175
hour_line,H=-43.756deg EET-mean T=9.00,0,4,-3.9761,4.6665
hour_line,H=-43.756deg EET-mean T=9.00,0,5,-3.9520,4.6164
hour_line,H=-43.756deg EET-mean T=9.00,0,6,-3.9284,4.5670
hour_line,H=-43.756deg EET-mean T=9.00,0,7,-3.9051,4.5184
hour_line,H=-43.756deg EET-mean T=9.00,0,8,-3.8822,4.4705
hour_line,H=-43.756deg EET-mean T=9.00,0,9,-3.8596,4.4234
hour_line,H=-43.756deg EET-mean T=9.00,0,10,-3.8374,4.3769
hour_line,H=-43.756deg EET-mean T=9.00,0,11,-3.8155,4.3311
hour_line,H=-43.756deg EET-mean T=9.00,0,12,-3.7726,4.2416
hour_line,H=-43.756deg EET-mean T=9.00,0,13,-3.7309,4.1546
hour_line,H=-43.756deg EET-mean T=9.00,0,14,-3.6905,4.0701
hour_line,H=-43.756deg EET-mean T=9.00,0,15,-3.6511,3.9879
hour_line,H=-43.756deg EET-mean T=9.00,0,16,-3.6128,3.9079
hour_line,H=-43.756deg EET-mean T=9.00,0,17,-3.5755,3.8300
hour_line,H=-43.756deg EET-mean T=9.00,0,18,-3.5391,3.7541
hour_line,H=-43.756deg EET-mean T=9.00,0,19,-3.5037,3.6801
hour_line,H=-43.756deg EET-mean T=9.00,0,20,-3.4692,3.6080
hour_line,H=-43.756deg EET-mean T=9.00,0,21,-3.4355,3.5377
hour_line,H=-43.756deg EET-mean T=9.00,0,22,-3.4027,3.4690
hour_line,H=-43.756deg EET-mean T=9.00,0,23,-3.3706,3.4020
hour_line,H=-43.756deg EET-mean T=9.00,0,24,-3.3392,3.3365
hour_line,H=-43.756deg EET-mean T=9.00,0,25,-3.3086,3.2726
hour_line,H=-43.756deg EET-mean T=9.00,0,26,-3.2786,3.2100
hour_line,H=-43.756deg EET-mean T=9.00,0,27,-3.2494,3.1488
hour_line,H=-43.756deg EET-mean T=9.00,0,28,-3.2207,3.0890
hour_line,H=-43.756deg EET-mean T=9.00,0,29,-3.1927,3.0304
hour_line,H=-43.756deg EET-mean T=9.00,0,30,-3.1652,2.9731
hour_line,H=-43.756deg EET-mean T=9.00,0,31,-3.1383,2.9169
hour_line,H=-43.756deg EET-mean T=9.00,0,32,-3.1119,2.8618
hour_line,H=-43.756deg EET-mean T=9.00,0,33,-3.0861,2.8079
hour_line,H=-43.756deg EET-mean T=9.00,0,34,-3.0608,2.7550
hour_line,H=-43.756deg EET-mean T=9.00,0,35,-3.0359,2.7031
hour_line,H=-43.756deg EET-mean T=9.00,0,36,-3.0115,2.6522
hour_line,H=-43.756deg EET-mean T=9.00,0,37,-2.9876,2.6022
hour_line,H=-43.756deg EET-mean T=9.00,0,38,-2.9641,2.5531
hour_line,H=-43.756deg EET-mean T=9.00,0,39,-2.9410,2.5049
hour_line,H=-43.756deg EET-mean T=9.00,0,40,-2.9183,2.4575
hour_line,H=-43.756deg EET-mean T=9.00,0,41,-2.8961,2.4110
hour_line,H=-43.756deg EET-mean T=9.00,0,42,-2.8741,2.3652
hour_line,H=-43.756deg EET-mean T=9.00,0,43,-2.8420,2.2980
hour_line,H=-43.756deg EET-mean T=9.00,0,44,-2.8106,2.2324
hour_line,H=-43.756deg EET-mean T=9.00,0,45,-2.7799,2.1684
hour_line,H=-43.756deg EET-mean T=9.00,0,46,-2.7499,2.1058
hour_line,H=-43.756deg EET-mean T=9.00,0,47,-2.7207,2.0447
hour_line,H=-43.756deg EET-mean T=9.00,0,48,-2.6920,1.9848
hour_line,H=-43.756deg EET-mean T=9.00,0,49,-2.6640,1.9263
hour_line,H=-43.756deg EET-mean T=9.00,0,50,-2.6365,1.8689
hour_line,H=-43.756deg EET-mean T=9.00,0,51,-2.6096,1.8127
hour_line,H=-43.756deg EET-mean T=9.00,0,52,-2.5832,1.7576
hour_line,H=-43.756deg EET-mean T=9.00,0,53,-2.5573,1.7036
hour_line,H=-43.756deg EET-mean T=9.00,0,54,-2.5319,1.6505
hour_line,H=-43.756deg EET-mean T=9.00,0,55,-2.5070,1.5984
hour_line,H=-43.756deg EET-mean T=9.00,0,56,-2.4825,1.5473
hour_line,H=-43.756deg EET-mean T=9.00,0,57,-2.4584,1.4970
hour_line,H=-43.756deg EET-mean T=9.00,0,58,-2.4347,1.4475
hour_line,H=-43.756deg EET-mean T=9.00,0,59,-2.4114,1.3988
hour_line,H=-43.756deg EET-mean T=9.00,0,60,-2.3885,1.3509
hour_line,H=-43.756deg EET-mean T=9.00,0,61,-2.3659,1.3038
hour_line,H=-43.756deg EET-mean T=9.00,0,62,-2.3436,1.2573
hour_line,H=-43.756deg EET-mean T=9.00,0,63,-2.3217,1.2115
hour_line,H=-43.756deg EET-mean T=9.00,0,64,-2.3001,1.1663
hour_line,H=-43.756deg EET-mean T=9.00,0,65,-2.2717,1.1070
hour_line,H=-43.756deg EET-mean T=9.00,0,66,-2.2438,1.0487
hour_line,H=-43.756deg EET-mean T=9.00,0,67,-2.2163,0.9913
hour_line,H=-43.756deg EET-mean T=9.00,0,68,-2.1893,0.9349
hour_line,H=-43.756deg EET-mean T=9.00,0,69,-2.1627,0.8793
hour_line,H=-43.756deg EET-mean T=9.00,0,70,-2.1364,0.8245
hour_line,H=-43.756deg EET-mean T=9.00,0,71,-2.1105,0.7704
hour_line,H=-43.756deg EET-mean T=9.00,0,72,-2.0850,0.7170
hour_line,H=-43.756deg EET-mean T=9.00,0,73,-2.0597,0.6643
hour_line,H=-43.756deg EET-mean T=9.00,0,74,-2.0348,0.6122
hour_line,H=-43.756deg EET-mean T=9.00,0,75,-2.0101,0.5606
hour_line,H=-43.756deg EET-mean T=9.00,0,76,-1.9856,0.5096
hour_line,H=-40.006deg EET-mean T=9.25,0,0,-3.4701,4.6264
hour_line,H=-40.006deg EET-mean T=9.25,0,1,-3.4502,4.5788
hour_line,H=-40.006deg EET-mean T=9.25,0,2,-3.4305,4.5320
hour_line,H=-40.006deg EET-mean T=9.25,0,3,-3.4112,4.4859
hour_line,H=-40.006deg EET-mean T=9.25,0,4,-3.3733,4.3957
hour_line,H=-40.006deg EET-mean T=9.25,0,5,-3.3366,4.3081
hour_line,H=-40.006deg EET-mean T=9.25,0,6,-3.3008,4.2230
hour_line,H=-40.006deg EET-mean T=9.25,0,7,-3.2661,4.1402
hour_line,H=-40.006deg EET-mean T=9.25,0,8,-3.2323,4.0597
hour_line,H=-40.006deg EET-mean T=9.25,0,9,-3.1995,3.9814
hour_line,H=-40.006deg EET-mean T=9.25,0,10,-3.1674,3.9051
hour_line,H=-40.006deg EET-mean T=9.25,0,11,-3.1363,3.8308
hour_line,H=-40.006deg EET-mean T=9.25,0,12,-3.1059,3.7584
hour_line,H=-40.006deg EET-mean T=9.25,0,13,-3.0762,3.6878
hour_line,H=-40.006deg EET-mean T=9.25,0,14,-3.0473,3.6189
hour_line,H=-40.006deg EET-mean T=9.25,0,15,-3.0191,3.5516
hour_line,H=-40.006deg EET-mean T=9.25,0,16,-2.9915,3.4860
hour_line,H=-40.006deg EET-mean T=9.25,0,17,-2.9646,3.4218
hour_line,H=-40.006deg EET-mean T=9.25,0,18,-2.9383,3.3591
hour_line,H=-40.006deg EET-mean T=9.25,0,19,-2.9126,3.2978
hour_line,H=-40.006deg EET-mean T=9.25,0,20,-2.8874,3.2379
hour_line,H=-40.006deg EET-mean T=9.25,0,21,-2.8628,3.1792
hour_line,H=-40.006deg EET-mean T=9.25,0,22,-2.8387,3.1218
hour_line,H=-40.006deg EET-mean T=9.25,0,23,-2.8151,3.0656
hour_line,H=-40.006deg EET-mean T=9.25,0,24,-2.7920,3.0105
hour_line,H=-40.006deg EET-mean T=9.25,0,25,-2.7693,2.9565
hour_line,H=-40.006deg EET-mean T=9.25,0,26,-2.7471,2.9036
hour_line,H=-40.006deg EET-mean T=9.25,0,27,-2.7253,2.8517
hour_line,H=-40.006deg EET-mean T=9.25,0,28,-2.7040,2.8008
hour_line,H=-40.006deg EET-mean T=9.25,0,29,-2.6830,2.7508
hour_line,H=-40.006deg EET-mean T=9.25,0,30,-2.6624,2.7018
hour_line,H=-40.006deg EET-mean T=9.25,0,31,-2.6422,2.6537
hour_line,H=-40.006deg EET-mean T=9.25,0,32,-2.6224,2.6064
hour_line,H=-40.006deg EET-mean T=9.25,0,33,-2.6028,2.5599
hour_line,H=-40.006deg EET-mean T=9.25,0,34,-2.5742,2.4917
hour_line,H=-40.006deg EET-mean T=9.25,0,35,-2.5463,2.4252
hour_line,H=-40.006deg EET-mean T=9.25,0,36,-2.5191,2.3603
hour_line,H=-40.006deg EET-mean T=9.25,0,37,-2.4925,2.2969
hour_line,H=-40.006deg EET-mean T=9.25,0,38,-2.4665,2.2350
hour_line,H=-40.006deg EET-mean T=9.25,0,39,-2.4411,2.1745
hour_line,H=-40.006deg EET-mean T=9.25,0,40,-2.4163,2.1153
hour_line,H=-40.006deg EET-mean T=9.25,0,41,-2.3919,2.0574
hour_line,H=-40.006deg EET-mean T=9.25,0,42,-2.3681,2.0007
hour_line,H=-40.006deg EET-mean T=9.25,0,43,-2.3448,1.9451
hour_line,H=-40.006deg EET-mean T=9.25,0,44,-2.3220,1.8906
hour_line,H=-40.006deg EET-mean T=9.25,0,45,-2.2995,1.8372
hour_line,H=-40.006deg EET-mean T=9.25,0,46,-2.2775,1.7847
hour_line,H=-40.006deg EET-mean T=9.25,0,47,-2.2559,1.7333
hour_line,H=-40.006deg EET-mean T=9.25,0,48,-2.2347,1.6827
hour_line,H=-40.006deg EET-mean T=9.25,0,49,-2.2138,1.6330
hour_line,H=-40.006deg EET-mean T=9.25,0,50,-2.1933,1.5841
hour_line,H=-40.006deg EET-mean T=9.25,0,51,-2.1731,1.5360
hour_line,H=-40.006deg EET-mean T=9.25,0,52,-2.1532,1.4887
hour_line,H=-40.006deg EET-mean T=9.25,0,53,-2.1337,1.4420
hour_line,H=-40.006deg EET-mean T=9.25,0,54,-2.1080,1.3810
hour_line,H=-40.006deg EET-mean T=9.25,0,55,-2.0829,1.3210
hour_line,H=-40.006deg EET-mean T=9.25,0,56,-2.0582,1.2622
hour_line,H=-40.006deg EET-mean T=9.25,0,57,-2.0339,1.2044
hour_line,H=-40.006deg EET-mean T=9.25,0,58,-2.0101,1.1475
hour_line,H=-40.006deg EET-mean T=9.25,0,59,-1.9866,1.0916
hour_line,H=-40.006deg EET-mean T=9.25,0,60,-1.9635,1.0365
hour_line,H=-40.006deg EET-mean T=9.25,0,61,-1.9407,0.9822
hour_line,H=-40.006deg EET-mean T=9.25,0,62,-1.9182,0.9286
hour_line,H=-40.006deg EET-mean T=9.25,0,63,-1.8960,0.8758
hour_line,H=-40.006deg EET-mean T=9.25,0,64,-1.8741,0.8236
hour_line,H=-40.006deg EET-mean T=9.25,0,65,-1.8524,0.7720
hour_line,H=-40.006deg EET-mean T=9.25,0,66,-1.8310,0.7209
hour_line,H=-40.006deg EET-mean T=9.25,0,67,-1.8098,0.6704
hour_line,H=-40.006deg EET-mean T=9.25,0,68,-1.7889,0.6204
hour_line,H=-40.006deg EET-mean T=9.25,0,69,-1.7681,0.5709
hour_line,H=-36.256deg EET-mean T=9.50,0,0,-2.9625,4.4309
hour_line,H=-36.256deg EET-mean T=9.50,0,1,-2.9312,4.3454
hour_line,H=-36.256deg EET-mean T=9.50,0,2,-2.9007,4.2623
hour_line,H=-36.256deg EET-mean T=9.50,0,3,-2.8711,4.1815
hour_line,H=-36.256deg EET-mean T=9.50,0,4,-2.8422,4.1029
hour_line,H=-36.256deg EET-mean T=9.50,0,5,-2.8142,4.0264
hour_line,H=-36.256deg EET-mean T=9.50,0,6,-2.7869,3.9518
hour_line,H=-36.256deg EET-mean T=9.50,0,7,-2.7602,3.8792
hour_line,H=-36.256deg EET-mean T=9.50,0,8,-2.7343,3.8085
hour_line,H=-36.256deg EET-mean T=9.50,0,9,-2.7090,3.7394
hour_line,H=-36.256deg EET-mean T=9.50,0,10,-2.6843,3.6721
hour_line,H=-36.256deg EET-mean T=9.50,0,11,-2.6601,3.6064
hour_line,H=-36.256deg EET-mean T=9.50,0,12,-2.6366,3.5421
hour_line,H=-36.256deg EET-mean T=9.50,0,13,-2.6136,3.4794
hour_line,H=-36.256deg EET-mean T=9.50,0,14,-2.5911,3.4181
hour_line,H=-36.256deg EET-mean T=9.50,0,15,-2.5691,3.3582
hour_line,H=-36.256deg EET-mean T=9.50,0,16,-2.5476,3.2995
hour_line,H=-36.256deg EET-mean T=9.50,0,17,-2.5266,3.2421
hour_line,H=-36.256deg EET-mean T=9.50,0,18,-2.5059,3.1859
hour_line,H=-36.256deg EET-mean T=9.50,0,19,-2.4858,3.1309
hour_line,H=-36.256deg EET-mean T=9.50,0,20,-2.4660,3.0770
hour_line,H=-36.256deg EET-mean T=9.50,0,21,-2.4466,3.0241
hour_line,H=-36.256deg EET-mean T=9.50,0,22,-2.4276,2.9723
hour_line,H=-36.256deg EET-mean T=9.50,0,23,-2.4090,2.9215
hour_line,H=-36.256deg EET-mean T=9.50,0,24,-2.3907,2.8717
hour_line,H=-36.256deg EET-mean T=9.50,0,25,-2.3728,2.8228
hour_line,H=-36.256deg EET-mean T=9.50,0,26,-2.3552,2.7748
hour_line,H=-36.256deg EET-mean T=9.50,0,27,-2.3379,2.7276
hour_line,H=-36.256deg EET-mean T=9.50,0,28,-2.3125,2.6584
hour_line,H=-36.256deg EET-mean T=9.50,0,29,-2.2878,2.5910
hour_line,H=-36.256deg EET-mean T=9.50,0,30,-2.2637,2.5253
hour_line,H=-36.256deg EET-mean T=9.50,0,31,-2.2402,2.4612
hour_line,H=-36.256deg EET-mean T=9.50,0,32,-2.2172,2.3986
hour_line,H=-36.256deg EET-mean T=9.50,0,33,-2.1948,2.3375
hour_line,H=-36.256deg EET-mean T=9.50,0,34,-2.1729,2.2777
hour_line,H=-36.256deg EET-mean T=9.50,0,35,-2.1514,2.2192
hour_line,H=-36.256deg EET-mean T=9.50,0,36,-2.1304,2.1620
hour_line,H=-36.256deg EET-mean T=9.50,0,37,-2.1099,2.1060
hour_line,H=-36.256deg EET-mean T=9.50,0,38,-2.0898,2.0512
hour_line,H=-36.256deg EET-mean T=9.50,0,39,-2.0701,1.9974
hour_line,H=-36.256deg EET-mean T=9.50,0,40,-2.0507,1.9446
hour_line,H=-36.256deg EET-mean T=9.50,0,41,-2.0317,1.8929
hour_line,H=-36.256deg EET-mean T=9.50,0,42,-2.0131,1.8420
hour_line,H=-36.256deg EET-mean T=9.50,0,43,-1.9948,1.7921
hour_line,H=-36.256deg EET-mean T=9.50,0,44,-1.9768,1.7431
hour_line,H=-36.256deg EET-mean T=9.50,0,45,-1.9591,1.6948
hour_line,H=-36.256deg EET-mean T=9.50,0,46,-1.9417,1.6474
hour_line,H=-36.256deg EET-mean T=9.50,0,47,-1.9189,1.5852
hour_line,H=-36.256deg EET-mean T=9.50,0,48,-1.8966,1.5244
hour_line,H=-36.256deg EET-mean T=9.50,0,49,-1.8747,1.4647
hour_line,H=-36.256deg EET-mean T=9.50,0,50,-1.8532,1.4061
hour_line,H=-36.256deg EET-mean T=9.50,0,51,-1.8321,1.3486
hour_line,H=-36.256deg EET-mean T=9.50,0,52,-1.8114,1.2920
hour_line,H=-36.256deg EET-mean T=9.50,0,53,-1.7910,1.2364
hour_line,H=-36.256deg EET-mean T=9.50,0,54,-1.7709,1.1817
hour_line,H=-36.256deg EET-mean T=9.50,0,55,-1.7511,1.1277
hour_line,H=-36.256deg EET-mean T=9.50,0,56,-1.7316,1.0745
hour_line,H=-36.256deg EET-mean T=9.50,0,57,-1.7124,1.0221
hour_line,H=-36.256deg EET-mean T=9.50,0,58,-1.6934,0.9703
hour_line,H=-36.256deg EET-mean T=9.50,0,59,-1.6746,0.9191
hour_line,H=-36.256deg EET-mean T=9.50,0,60,-1.6561,0.8686
hour_line,H=-36.256deg EET-mean T=9.50,0,61,-1.6377,0.8185
hour_line,H=-36.256deg EET-mean T=9.50,0,62,-1.6195,0.7690
hour_line,H=-36.256deg EET-mean T=9.50,0,63,-1.6015,0.7199
hour_line,H=-36.256deg EET-mean T=9.50,0,64,-1.5837,0.6713
hour_line,H=-36.256deg EET-mean T=9.50,0,65,-1.5660,0.6231
hour_line,H=-32.506deg EET-mean T=9.75,0,0,-2.5265,4.2754
hour_line,H=-32.506deg EET-mean T=9.75,0,1,-2.5014,4.1967
hour_line,H=-32.506deg EET-mean T=9.75,0,2,-2.4770,4.1202
hour_line,H=-32.506deg EET-mean T=9.75,0,3,-2.4532,4.0456
hour_line,H=-32.506deg EET-mean T=9.75,0,4,-2.4301,3.9730
hour_line,H=-32.506deg EET-mean T=9.75,0,5,-2.4076,3.9023
hour_line,H=-32.506deg EET-mean T=9.75,0,6,-2.3856,3.8333
hour_line,H=-32.506deg EET-mean T=9.75,0,7,-2.3641,3.7660
hour_line,H=-32.506deg EET-mean T=9.75,0,8,-2.3432,3.7003
hour_line,H=-32.506deg EET-mean T=9.75,0,9,-2.3228,3.6362
hour_line,H=-32.506deg EET-mean T=9.75,0,10,-2.3028,3.5735
hour_line,H=-32.506deg EET-mean T=9.75,0,11,-2.2833,3.5123
hour_line,H=-32.506deg EET-mean T=9.75,0,12,-2.2642,3.4525
hour_line,H=-32.506deg EET-mean T=9.75,0,13,-2.2456,3.3940
hour_line,H=-32.506deg EET-mean T=9.75,0,14,-2.2274,3.3367
hour_line,H=-32.506deg EET-mean T=9.75,0,15,-2.2095,3.2807
hour_line,H=-32.506deg EET-mean T=9.75,0,16,-2.1920,3.2258
hour_line,H=-32.506deg EET-mean T=9.75,0,17,-2.1749,3.1721
hour_line,H=-32.506deg EET-mean T=9.75,0,18,-2.1581,3.1195
hour_line,H=-32.506deg EET-mean T=9.75,0,19,-2.1417,3.0678
hour_line,H=-32.506deg EET-mean T=9.75,0,20,-2.1255,3.0172
hour_line,H=-32.506deg EET-mean T=9.75,0,21,-2.1097,2.9676
hour_line,H=-32.506deg EET-mean T=9.75,0,22,-2.0942,2.9189
hour_line,H=-32.506deg EET-mean T=9.75,0,23,-2.0790,2.8711
hour_line,H=-32.506deg EET-mean T=9.75,0,24,-2.0566,2.8010
hour_line,H=-32.506deg EET-mean T=9.75,0,25,-2.0349,2.7327
hour_line,H=-32.506deg EET-mean T=9.75,0,26,-2.0137,2.6662
hour_line,H=-32.506deg EET-mean T=9.75,0,27,-1.9930,2.6014
hour_line,H=-32.506deg EET-mean T=9.75,0,28,-1.9729,2.5382
hour_line,H=-32.506deg EET-mean T=9.75,0,29,-1.9532,2.4765
hour_line,H=-32.506deg EET-mean T=9.75,0,30,-1.9340,2.4162
hour_line,H=-32.506deg EET-mean T=9.75,0,31,-1.9152,2.3572
hour_line,H=-32.506deg EET-mean T=9.75,0,32,-1.8969,2.2996
hour_line,H=-32.506deg EET-mean T=9.75,0,33,-1.8789,2.2432
hour_line,H=-32.506deg EET-mean T=9.75,0,34,-1.8613,2.1879
hour_line,H=-32.506deg EET-mean T=9.75,0,35,-1.8440,2.1338
hour_line,H=-32.506deg EET-mean T=9.75,0,36,-1.8271,2.0808
hour_line,H=-32.506deg EET-mean T=9.75,0,37,-1.8106,2.0288
hour_line,H=-32.506deg EET-mean T=9.75,0,38,-1.7943,1.9778
hour_line,H=-32.506deg EET-mean T=9.75,0,39,-1.7783,1.9277
hour_line,H=-32.506deg EET-mean T=9.75,0,40,-1.7627,1.8784
hour_line,H=-32.506deg EET-mean T=9.75,0,41,-1.7472,1.8301
hour_line,H=-32.506deg EET-mean T=9.75,0,42,-1.7271,1.7668
hour_line,H=-32.506deg EET-mean T=9.75,0,43,-1.7074,1.7049
hour_line,H=-32.506deg EET-mean T=9.75,0,44,-1.6881,1.6443
hour_line,H=-32.506deg EET-mean T=9.75,0,45,-1.6691,1.5849
hour_line,H=-32.506deg EET-mean T=9.75,0,46,-1.6506,1.5267
hour_line,H=-32.506deg EET-mean T=9.75,0,47,-1.6323,1.4694
hour_line,H=-32.506deg EET-mean T=9.75,0,48,-1.6144,1.4132
hour_line,H=-32.506deg EET-mean T=9.75,0,49,-1.5968,1.3580
hour_line,H=-32.506deg EET-mean T=9.75,0,50,-1.5795,1.3036
hour_line,H=-32.506deg EET-mean T=9.75,0,51,-1.5624,1.2500
hour_line,H=-32.506deg EET-mean T=9.75,0,52,-1.5456,1.1973
hour_line,H=-32.506deg EET-mean T=9.75,0,53,-1.5290,1.1452
hour_line,H=-32.506deg EET-mean T=9.75,0,54,-1.5126,1.0939
hour_line,H=-32.506deg EET-mean T=9.75,0,55,-1.4965,1.0431
hour_line,H=-32.506deg EET-mean T=9.75,0,56,-1.4805,0.9930
hour_line,H=-32.506deg EET-mean T=9.75,0,57,-1.4647,0.9435
hour_line,H=-32.506deg EET-mean T=9.75,0,58,-1.4491,0.8944
hour_line,H=-32.506deg EET-mean T=9.75,0,59,-1.4336,0.8459
hour_line,H=-32.506deg EET-mean T=9.75,0,60,-1.4183,0.7977
hour_line,H=-32.506deg EET-mean T=9.75,0,61,-1.4031,0.7500
hour_line,H=-32.506deg EET-mean T=9.75,0,62,-1.3843,0.6909
hour_line,H=-32.506deg EET-mean T=9.75,0,63,-1.3768,0.6674
hour_line,H=-28.756deg EET-mean T=10.00,0,0,-2.1436,4.1509
hour_line,H=-28.756deg EET-mean T=10.00,0,1,-2.1235,4.0775
hour_line,H=-28.756deg EET-mean T=10.00,0,2,-2.1039,4.0061
hour_line,H=-28.756deg EET-mean T=10.00,0,3,-2.0848,3.9364
hour_line,H=-28.756deg EET-mean T=10.00,0,4,-2.0662,3.8685
hour_line,H=-28.756deg EET-mean T=10.00,0,5,-2.0480,3.8023
hour_line,H=-28.756deg EET-mean T=10.00,0,6,-2.0302,3.7377
hour_line,H=-28.756deg EET-mean T=10.00,0,7,-2.0129,3.6745
hour_line,H=-28.756deg EET-mean T=10.00,0,8,-1.9960,3.6129
hour_line,H=-28.756deg EET-mean T=10.00,0,9,-1.9795,3.5527
hour_line,H=-28.756deg EET-mean T=10.00,0,10,-1.9633,3.4938
hour_line,H=-28.756deg EET-mean T=10.00,0,11,-1.9475,3.4362
hour_line,H=-28.756deg EET-mean T=10.00,0,12,-1.9320,3.3798
hour_line,H=-28.756deg EET-mean T=10.00,0,13,-1.9169,3.3247
hour_line,H=-28.756deg EET-mean T=10.00,0,14,-1.9021,3.2706
hour_line,H=-28.756deg EET-mean T=10.00,0,15,-1.8876,3.2177
hour_line,H=-28.756deg EET-mean T=10.00,0,16,-1.8733,3.1659
hour_line,H=-28.756deg EET-mean T=10.00,0,17,-1.8594,3.1151
hour_line,H=-28.756deg EET-mean T=10.00,0,18,-1.8457,3.0653
hour_line,H=-28.756deg EET-mean T=10.00,0,19,-1.8323,3.0164
hour_line,H=-28.756deg EET-mean T=10.00,0,20,-1.8127,2.9448
hour_line,H=-28.756deg EET-mean T=10.00,0,21,-1.7936,2.8752
hour_line,H=-28.756deg EET-mean T=10.00,0,22,-1.7750,2.8074
hour_line,H=-28.756deg EET-mean T=10.00,0,23,-1.7568,2.7413
hour_line,H=-28.756deg EET-mean T=10.00,0,24,-1.7392,2.6770
hour_line,H=-28.756deg EET-mean T=10.00,0,25,-1.7219,2.6142
hour_line,H=-28.756deg EET-mean T=10.00,0,26,-1.7051,2.5529
hour_line,H=-28.756deg EET-mean T=10.00,0,27,-1.6887,2.4931
hour_line,H=-28.756deg EET-mean T=10.00,0,28,-1.6727,2.4346
hour_line,H=-28.756deg EET-mean T=10.00,0,29,-1.6570,2.3775
hour_line,H=-28.756deg EET-mean T=10.00,0,30,-1.6416,2.3215
hour_line,H=-28.756deg EET-mean T=10.00,0,31,-1.6266,2.2668
hour_line,H=-28.756deg EET-mean T=10.00,0,32,-1.6119,2.2131
hour_line,H=-28.756deg EET-mean T=10.00,0,33,-1.5974,2.1605
hour_line,H=-28.756deg EET-mean T=10.00,0,34,-1.5833,2.1090
hour_line,H=-28.756deg EET-mean T=10.00,0,35,-1.5694,2.0584
hour_line,H=-28.756deg EET-mean T=10.00,0,36,-1.5558,2.0088
hour_line,H=-28.756deg EET-mean T=10.00,0,37,-1.5424,1.9600
hour_line,H=-28.756deg EET-mean T=10.00,0,38,-1.5249,1.8963
hour_line,H=-28.756deg EET-mean T=10.00,0,39,-1.5078,1.8340
hour_line,H=-28.756deg EET-mean T=10.00,0,40,-1.4911,1.7731
hour_line,H=-28.756deg EET-mean T=10.00,0,41,-1.4747,1.7134
hour_line,H=-28.756deg EET-mean T=10.00,0,42,-1.4587,1.6549
hour_line,H=-28.756deg EET-mean T=10.00,0,43,-1.4429,1.5975
hour_line,H=-28.756deg EET-mean T=10.00,0,44,-1.4275,1.5411
hour_line,H=-28.756deg EET-mean T=10.00,0,45,-1.4123,1.4857
hour_line,H=-28.756deg EET-mean T=10.00,0,46,-1.3973,1.4313
hour_line,H=-28.756deg EET-mean T=10.00,0,47,-1.3826,1.3777
hour_line,H=-28.756deg EET-mean T=10.00,0,48,-1.3682,1.3250
hour_line,H=-28.756deg EET-mean T=10.00,0,49,-1.3539,1.2730
hour_line,H=-28.756deg EET-mean T=10.00,0,50,-1.3398,1.2217
hour_line,H=-28.756deg EET-mean T=10.00,0,51,-1.3259,1.1711
hour_line,H=-28.756deg EET-mean T=10.00,0,52,-1.3122,1.1212
hour_line,H=-28.756deg EET-mean T=10.00,0,53,-1.2987,1.0718
hour_line,H=-28.756deg EET-mean T=10.00,0,54,-1.2853,1.0230
hour_line,H=-28.756deg EET-mean T=10.00,0,55,-1.2720,0.9747
hour_line,H=-28.756deg EET-mean T=10.00,0,56,-1.2556,0.9149
hour_line,H=-28.756deg EET-mean T=10.00,0,57,-1.2394,0.8559
hour_line,H=-28.756deg EET-mean T=10.00,0,58,-1.2234,0.7974
hour_line,H=-28.756deg EET-mean T=10.00,0,59,-1.2075,0.7395
hour_line,H=-28.756deg EET-mean T=10.00,0,60,-1.1980,0.7050
hour_line,H=-25.006deg EET-mean T=10.25,0,0,-1.8010,4.0510
hour_line,H=-25.006deg EET-mean T=10.25,0,1,-1.7849,3.9818
hour_line,H=-25.006deg EET-mean T=10.25,0,2,-1.7691,3.9143
hour_line,H=-25.006deg EET-mean T=10.25,0,3,-1.7538,3.8486
hour_line,H=-25.006deg EET-mean T=10.25,0,4,-1.7388,3.7844
hour_line,H=-25.006deg EET-mean T=10.25,0,5,-1.7242,3.7217
hour_line,H=-25.006deg EET-mean T=10.25,0,6,-1.7099,3.6605
hour_line,H=-25.006deg EET-mean T=10.25,0,7,-1.6960,3.6007
hour_line,H=-25.006deg EET-mean T=10.25,0,8,-1.6824,3.5423
hour_line,H=-25.006deg EET-mean T=10.25,0,9,-1.6690,3.4851
hour_line,H=-25.006deg EET-mean T=10.25,0,10,-1.6560,3.4292
hour_line,H=-25.006deg EET-mean T=10.25,0,11,-1.6432,3.3745
hour_line,H=-25.006deg EET-mean T=10.25,0,12,-1.6307,3.3209
hour_line,H=-25.006deg EET-mean T=10.25,0,13,-1.6185,3.2684
hour_line,H=-25.006deg EET-mean T=10.25,0,14,-1.6065,3.2170
hour_line,H=-25.006deg EET-mean T=10.25,0,15,-1.5947,3.1666
hour_line,H=-25.006deg EET-mean T=10.25,0,16,-1.5832,3.1172
hour_line,H=-25.006deg EET-mean T=10.25,0,17,-1.5663,3.0448
hour_line,H=-25.006deg EET-mean T=10.25,0,18,-1.5499,2.9745
hour_line,H=-25.006deg EET-mean T=10.25,0,19,-1.5340,2.9061
hour_line,H=-25.006deg EET-mean T=10.25,0,20,-1.5184,2.8395
hour_line,H=-25.006deg EET-mean T=10.25,0,21,-1.5033,2.7746
hour_line,H=-25.006deg EET-mean T=10.25,0,22,-1.4885,2.7114
hour_line,H=-25.006deg EET-mean T=10.25,0,23,-1.4742,2.6497
hour_line,H=-25.006deg EET-mean T=10.25,0,24,-1.4601,2.5895
hour_line,H=-25.006deg EET-mean T=10.25,0,25,-1.4464,2.5306
hour_line,H=-25.006deg EET-mean T=10.25,0,26,-1.4330,2.4732
hour_line,H=-25.006deg EET-mean T=10.25,0,27,-1.4199,2.4169
hour_line,H=-25.006deg EET-mean T=10.25,0,28,-1.4070,2.3619
hour_line,H=-25.006deg EET-mean T=10.25,0,29,-1.3945,2.3081
hour_line,H=-25.006deg EET-mean T=10.25,0,30,-1.3822,2.2553
hour_line,H=-25.006deg EET-mean T=10.25,0,31,-1.3701,2.2036
hour_line,H=-25.006deg EET-mean T=10.25,0,32,-1.3583,2.1529
hour_line,H=-25.006deg EET-mean T=10.25,0,33,-1.3467,2.1032
hour_line,H=-25.006deg EET-mean T=10.25,0,34,-1.3353,2.0543
hour_line,H=-25.006deg EET-mean T=10.25,0,35,-1.3204,1.9905
hour_line,H=-25.006deg EET-mean T=10.25,0,36,-1.3059,1.9282
hour_line,H=-25.006deg EET-mean T=10.25,0,37,-1.2917,1.8673
hour_line,H=-25.006deg EET-mean T=10.25,0,38,-1.2777,1.8076
hour_line,H=-25.006deg EET-mean T=10.25,0,39,-1.2641,1.7492
hour_line,H=-25.006deg EET-mean T=10.25,0,40,-1.2507,1.6918
hour_line,H=-25.006deg EET-mean T=10.25,0,41,-1.2376,1.6356
hour_line,H=-25.006deg EET-mean T=10.25,0,42,-1.2247,1.5804
hour_line,H=-25.006deg EET-mean T=10.25,0,43,-1.2121,1.5261
hour_line,H=-25.006deg EET-mean T=10.25,0,44,-1.1996,1.4727
hour_line,H=-25.006deg EET-mean T=10.25,0,45,-1.1874,1.4201
hour_line,H=-25.006deg EET-mean T=10.25,0,46,-1.1753,1.3684
hour_line,H=-25.006deg EET-mean T=10.25,0,47,-1.1634,1.3174
hour_line,H=-25.006deg EET-mean T=10.25,0,48,-1.1517,1.2670
hour_line,H=-25.006deg EET-mean T=10.25,0,49,-1.1401,1.2174
hour_line,H=-25.006deg EET-mean T=10.25,0,50,-1.1286,1.1683
hour_line,H=-25.006deg EET-mean T=10.25,0,51,-1.1145,1.1077
hour_line,H=-25.006deg EET-mean T=10.25,0,52,-1.1006,1.0480
hour_line,H=-25.006deg EET-mean T=10.25,0,53,-1.0868,0.9890
hour_line,H=-25.006deg EET-mean T=10.25,0,54,-1.0732,0.9307
hour_line,H=-25.006deg EET-mean T=10.25,0,55,-1.0597,0.8729
hour_line,H=-25.006deg EET-mean T=10.25,0,56,-1.0464,0.8157
hour_line,H=-25.006deg EET-mean T=10.25,0,57,-1.0332,0.7590
hour_line,H=-25.006deg EET-mean T=10.25,0,58,-1.0279,0.7365
hour_line,H=-21.256deg EET-mean T=10.50,0,0,-1.4890,3.9712
hour_line,H=-21.256deg EET-mean T=10.50,0,1,-1.4762,3.9053
hour_line,H=-21.256deg EET-mean T=10.50,0,2,-1.4637,3.8410
hour_line,H=-21.256deg EET-mean T=10.50,0,3,-1.4515,3.7783
hour_line,H=-21.256deg EET-mean T=10.50,0,4,-1.4395,3.7170
hour_line,H=-21.256deg EET-mean T=10.50,0,5,-1.4279,3.6572
hour_line,H=-21.256deg EET-mean T=10.50,0,6,-1.4165,3.5987
hour_line,H=-21.256deg EET-mean T=10.50,0,7,-1.4054,3.5415
hour_line,H=-21.256deg EET-mean T=10.50,0,8,-1.3945,3.4856
hour_line,H=-21.256deg EET-mean T=10.50,0,9,-1.3839,3.4309
hour_line,H=-21.256deg EET-mean T=10.50,0,10,-1.3735,3.3773
hour_line,H=-21.256deg EET-mean T=10.50,0,11,-1.3632,3.3248
hour_line,H=-21.256deg EET-mean T=10.50,0,12,-1.3533,3.2735
hour_line,H=-21.256deg EET-mean T=10.50,0,13,-1.3435,3.2231
hour_line,H=-21.256deg EET-mean T=10.50,0,14,-1.3339,3.1738
hour_line,H=-21.256deg EET-mean T=10.50,0,15,-1.3198,3.1015
hour_line,H=-21.256deg EET-mean T=10.50,0,16,-1.3061,3.0313
hour_line,H=-21.256deg EET-mean T=10.50,0,17,-1.2929,2.9630
hour_line,H=-21.256deg EET-mean T=10.50,0,18,-1.2799,2.8966
hour_line,H=-21.256deg EET-mean T=10.50,0,19,-1.2673,2.8319
hour_line,H=-21.256deg EET-mean T=10.50,0,20,-1.2551,2.7688
hour_line,H=-21.256deg EET-mean T=10.50,0,21,-1.2431,2.7073
hour_line,H=-21.256deg EET-mean T=10.50,0,22,-1.2314,2.6472
hour_line,H=-21.256deg EET-mean T=10.50,0,23,-1.2200,2.5886
hour_line,H=-21.256deg EET-mean T=10.50,0,24,-1.2089,2.5313
hour_line,H=-21.256deg EET-mean T=10.50,0,25,-1.1980,2.4753
hour_line,H=-21.256deg EET-mean T=10.50,0,26,-1.1873,2.4206
hour_line,H=-21.256deg EET-mean T=10.50,0,27,-1.1769,2.3669
hour_line,H=-21.256deg EET-mean T=10.50,0,28,-1.1667,2.3144
hour_line,H=-21.256deg EET-mean T=10.50,0,29,-1.1567,2.2630
hour_line,H=-21.256deg EET-mean T=10.50,0,30,-1.1469,2.2125
hour_line,H=-21.256deg EET-mean T=10.50,0,31,-1.1372,2.1630
hour_line,H=-21.256deg EET-mean T=10.50,0,32,-1.1247,2.0984
hour_line,H=-21.256deg EET-mean T=10.50,0,33,-1.1124,2.0354
hour_line,H=-21.256deg EET-mean T=10.50,0,34,-1.1004,1.9738
hour_line,H=-21.256deg EET-mean T=10.50,0,35,-1.0887,1.9135
hour_line,H=-21.256deg EET-mean T=10.50,0,36,-1.0772,1.8545
hour_line,H=-21.256deg EET-mean T=10.50,0,37,-1.0660,1.7967
hour_line,H=-21.256deg EET-mean T=10.50,0,38,-1.0550,1.7401
hour_line,H=-21.256deg EET-mean T=10.50,0,39,-1.0441,1.6845
hour_line,H=-21.256deg EET-mean T=10.50,0,40,-1.0335,1.6299
hour_line,H=-21.256deg EET-mean T=10.50,0,41,-1.0231,1.5762
hour_line,H=-21.256deg EET-mean T=10.50,0,42,-1.0128,1.5235
hour_line,H=-21.256deg EET-mean T=10.50,0,43,-1.0027,1.4715
hour_line,H=-21.256deg EET-mean T=10.50,0,44,-0.9928,1.4204
hour_line,H=-21.256deg EET-mean T=10.50,0,45,-0.9830,1.3699
hour_line,H=-21.256deg EET-mean T=10.50,0,46,-0.9733,1.3202
hour_line,H=-21.256deg EET-mean T=10.50,0,47,-0.9637,1.2711
hour_line,H=-21.256deg EET-mean T=10.50,0,48,-0.9520,1.2106
hour_line,H=-21.256deg EET-mean T=10.50,0,49,-0.9404,1.1509
hour_line,H=-21.256deg EET-mean T=10.50,0,50,-0.9289,1.0920
hour_line,H=-21.256deg EET-mean T=10.50,0,51,-0.9176,1.0338
hour_line,H=-21.256deg EET-mean T=10.50,0,52,-0.9064,0.9763
hour_line,H=-21.256deg EET-mean T=10.50,0,53,-0.8953,0.9194
hour_line,H=-21.256deg EET-mean T=10.50,0,54,-0.8843,0.8630
hour_line,H=-21.256deg EET-mean T=10.50,0,55,-0.8735,0.8070
hour_line,H=-21.256deg EET-mean T=10.50,0,56,-0.8648,0.7625
hour_line,H=-17.506deg EET-mean T=10.75,0,0,-1.2002,3.9084
hour_line,H=-17.506deg EET-mean T=10.75,0,1,-1.1902,3.8450
hour_line,H=-17.506deg EET-mean T=10.75,0,2,-1.1805,3.7832
hour_line,H=-17.506deg EET-mean T=10.75,0,3,-1.1710,3.7228
hour_line,H=-17.506deg EET-mean T=10.75,0,4,-1.1617,3.6638
hour_line,H=-17.506deg EET-mean T=10.75,0,5,-1.1526,3.6062
hour_line,H=-17.506deg EET-mean T=10.75,0,6,-1.1437,3.5498
hour_line,H=-17.506deg EET-mean T=10.75,0,7,-1.1350,3.4947
hour_line,H=-17.506deg EET-mean T=10.75,0,8,-1.1265,3.4407
hour_line,H=-17.506deg EET-mean T=10.75,0,9,-1.1181,3.3879
hour_line,H=-17.506deg EET-mean T=10.75,0,10,-1.1100,3.3362
hour_line,H=-17.506deg EET-mean T=10.75,0,11,-1.1020,3.2855
hour_line,H=-17.506deg EET-mean T=10.75,0,12,-1.0942,3.2359
hour_line,H=-17.506deg EET-mean T=10.75,0,13,-1.0827,3.1632
hour_line,H=-17.506deg EET-mean T=10.75,0,14,-1.0716,3.0926
hour_line,H=-17.506deg EET-mean T=10.75,0,15,-1.0608,3.0240
hour_line,H=-17.506deg EET-mean T=10.75,0,16,-1.0502,2.9573
hour_line,H=-17.506deg EET-mean T=10.75,0,17,-1.0400,2.8923
hour_line,H=-17.506deg EET-mean T=10.75,0,18,-1.0300,2.8290
hour_line,H=-17.506deg EET-mean T=10.75,0,19,-1.0203,2.7673
hour_line,H=-17.506deg EET-mean T=10.75,0,20,-1.0108,2.7071
hour_line,H=-17.506deg EET-mean T=10.75,0,21,-1.0015,2.6483
hour_line,H=-17.506deg EET-mean T=10.75,0,22,-0.9924,2.5909
hour_line,H=-17.506deg EET-mean T=10.75,0,23,-0.9836,2.5348
hour_line,H=-17.506deg EET-mean T=10.75,0,24,-0.9749,2.4799
hour_line,H=-17.506deg EET-mean T=10.75,0,25,-0.9665,2.4262
hour_line,H=-17.506deg EET-mean T=10.75,0,26,-0.9582,2.3737
hour_line,H=-17.506deg EET-mean T=10.75,0,27,-0.9500,2.3222
hour_line,H=-17.506deg EET-mean T=10.75,0,28,-0.9421,2.2717
hour_line,H=-17.506deg EET-mean T=10.75,0,29,-0.9343,2.2222
hour_line,H=-17.506deg EET-mean T=10.75,0,30,-0.9241,2.1576
hour_line,H=-17.506deg EET-mean T=10.75,0,31,-0.9142,2.0946
hour_line,H=-17.506deg EET-mean T=10.75,0,32,-0.9044,2.0331
hour_line,H=-17.506deg EET-mean T=10.75,0,33,-0.8950,1.9729
hour_line,H=-17.506deg EET-mean T=10.75,0,34,-0.8857,1.9140
hour_line,H=-17.506deg EET-mean T=10.75,0,35,-0.8766,1.8563
hour_line,H=-17.506deg EET-mean T=10.75,0,36,-0.8677,1.7998
hour_line,H=-17.506deg EET-mean T=10.75,0,37,-0.8589,1.7444
hour_line,H=-17.506deg EET-mean T=10.75,0,38,-0.8503,1.6900
hour_line,H=-17.506deg EET-mean T=10.75,0,39,-0.8419,1.6365
hour_line,H=-17.506deg EET-mean T=10.75,0,40,-0.8336,1.5839
hour_line,H=-17.506deg EET-mean T=10.75,0,41,-0.8254,1.5322
hour_line,H=-17.506deg EET-mean T=10.75,0,42,-0.8174,1.4812
hour_line,H=-17.506deg EET-mean T=10.75,0,43,-0.8095,1.4310
hour_line,H=-17.506deg EET-mean T=10.75,0,44,-0.8017,1.3815
hour_line,H=-17.506deg EET-mean T=10.75,0,45,-0.7921,1.3206
hour_line,H=-17.506deg EET-mean T=10.75,0,46,-0.7826,1.2606
hour_line,H=-17.506deg EET-mean T=10.75,0,47,-0.7733,1.2014
hour_line,H=-17.506deg EET-mean T=10.75,0,48,-0.7641,1.1430
hour_line,H=-17.506deg EET-mean T=10.75,0,49,-0.7550,1.0854
hour_line,H=-17.506deg EET-mean T=10.75,0,50,-0.7460,1.0284
hour_line,H=-17.506deg EET-mean T=10.75,0,51,-0.7371,0.9720
hour_line,H=-17.506deg EET-mean T=10.75,0,52,-0.7283,0.9161
hour_line,H=-17.506deg EET-mean T=10.75,0,53,-0.7195,0.8606
hour_line,H=-17.506deg EET-mean T=10.75,0,54,-0.7108,0.8056
hour_line,H=-17.506deg EET-mean T=10.75,0,55,-0.7074,0.7837
hour_line,H=-13.756deg EET-mean T=11.00,0,0,-0.9290,3.8601
hour_line,H=-13.756deg EET-mean T=11.00,0,1,-0.9215,3.7987
hour_line,H=-13.756deg EET-mean T=11.00,0,2,-0.9142,3.7387
hour_line,H=-13.756deg EET-mean T=11.00,0,3,-0.9070,3.6802
hour_line,H=-13.756deg EET-mean T=11.00,0,4,-0.9000,3.6229
hour_line,H=-13.756deg EET-mean T=11.00,0,5,-0.8931,3.5669
hour_line,H=-13.756deg EET-mean T=11.00,0,6,-0.8864,3.5122
hour_line,H=-13.756deg EET-mean T=11.00,0,7,-0.8799,3.4586
hour_line,H=-13.756deg EET-mean T=11.00,0,8,-0.8734,3.4062
hour_line,H=-13.756deg EET-mean T=11.00,0,9,-0.8672,3.3548
hour_line,H=-13.756deg EET-mean T=11.00,0,10,-0.8610,3.3045
hour_line,H=-13.756deg EET-mean T=11.00,0,11,-0.8520,3.2309
hour_line,H=-13.756deg EET-mean T=11.00,0,12,-0.8432,3.1595
hour_line,H=-13.756deg EET-mean T=11.00,0,13,-0.8347,3.0901
hour_line,H=-13.756deg EET-mean T=11.00,0,14,-0.8265,3.0226
hour_line,H=-13.756deg EET-mean T=11.00,0,15,-0.8184,2.9569
hour_line,H=-13.756deg EET-mean T=11.00,0,16,-0.8106,2.8929
hour_line,H=-13.756deg EET-mean T=11.00,0,17,-0.8030,2.8306
hour_line,H=-13.756deg EET-mean T=11.00,0,18,-0.7955,2.7699
hour_line,H=-13.756deg EET-mean T=11.00,0,19,-0.7883,2.7106
hour_line,H=-13.756deg EET-mean T=11.00,0,20,-0.7812,2.6527
hour_line,H=-13.756deg EET-mean T=11.00,0,21,-0.7743,2.5962
hour_line,H=-13.756deg EET-mean T=11.00,0,22,-0.7675,2.5409
hour_line,H=-13.756deg EET-mean T=11.00,0,23,-0.7609,2.4869
hour_line,H=-13.756deg EET-mean T=11.00,0,24,-0.7544,2.4339
hour_line,H=-13.756deg EET-mean T=11.00,0,25,-0.7481,2.3821
hour_line,H=-13.756deg EET-mean T=11.00,0,26,-0.7419,2.3314
hour_line,H=-13.756deg EET-mean T=11.00,0,27,-0.7358,2.2816
hour_line,H=-13.756deg EET-mean T=11.00,0,28,-0.7278,2.2167
hour_line,H=-13.756deg EET-mean T=11.00,0,29,-0.7201,2.1534
hour_line,H=-13.756deg EET-mean T=11.00,0,30,-0.7125,2.0917
hour_line,H=-13.756deg EET-mean T=11.00,0,31,-0.7051,2.0313
hour_line,H=-13.756deg EET-mean T=11.00,0,32,-0.6979,1.9722
hour_line,H=-13.756deg EET-mean T=11.00,0,33,-0.6908,1.9144
hour_line,H=-13.756deg EET-mean T=11.00,0,34,-0.6839,1.8578
hour_line,H=-13.756deg EET-mean T=11.00,0,35,-0.6771,1.8022
hour_line,H=-13.756deg EET-mean T=11.00,0,36,-0.6704,1.7477
hour_line,H=-13.756deg EET-mean T=11.00,0,37,-0.6639,1.6942
hour_line,H=-13.756deg EET-mean T=11.00,0,38,-0.6574,1.6416
hour_line,H=-13.756deg EET-mean T=11.00,0,39,-0.6511,1.5899
hour_line,H=-13.756deg EET-mean T=11.00,0,40,-0.6449,1.5390
hour_line,H=-13.756deg EET-mean T=11.00,0,41,-0.6387,1.4888
hour_line,H=-13.756deg EET-mean T=11.00,0,42,-0.6312,1.4271
hour_line,H=-13.756deg EET-mean T=11.00,0,43,-0.6237,1.3665
hour_line,H=-13.756deg EET-mean T=11.00,0,44,-0.6164,1.3068
hour_line,H=-13.756deg EET-mean T=11.00,0,45,-0.6092,1.2479
hour_line,H=-13.756deg EET-mean T=11.00,0,46,-0.6021,1.1899
hour_line,H=-13.756deg EET-mean T=11.00,0,47,-0.5951,1.1326
hour_line,H=-13.756deg EET-mean T=11.00,0,48,-0.5882,1.0759
hour_line,H=-13.756deg EET-mean T=11.00,0,49,-0.5813,1.0198
hour_line,H=-13.756deg EET-mean T=11.00,0,50,-0.5745,0.9643
hour_line,H=-13.756deg EET-mean T=11.00,0,51,-0.5678,0.9093
hour_line,H=-13.756deg EET-mean T=11.00,0,52,-0.5611,0.8546
hour_line,H=-13.756deg EET-mean T=11.00,0,53,-0.5544,0.8003
hour_line,H=-10.006deg EET-mean T=11.25,0,0,-0.6706,3.8248
hour_line,H=-10.006deg EET-mean T=11.25,0,1,-0.6653,3.7648
hour_line,H=-10.006deg EET-mean T=11.25,0,2,-0.6601,3.7062
hour_line,H=-10.006deg EET-mean T=11.25,0,3,-0.6551,3.6489
hour_line,H=-10.006deg EET-mean T=11.25,0,4,-0.6502,3.5929
hour_line,H=-10.006deg EET-mean T=11.25,0,5,-0.6453,3.5382
hour_line,H=-10.006deg EET-mean T=11.25,0,6,-0.6406,3.4846
hour_line,H=-10.006deg EET-mean T=11.25,0,7,-0.6360,3.4321
hour_line,H=-10.006deg EET-mean T=11.25,0,8,-0.6314,3.3808
hour_line,H=-10.006deg EET-mean T=11.25,0,9,-0.6270,3.3305
hour_line,H=-10.006deg EET-mean T=11.25,0,10,-0.6205,3.2570
hour_line,H=-10.006deg EET-mean T=11.25,0,11,-0.6142,3.1856
hour_line,H=-10.006deg EET-mean T=11.25,0,12,-0.6081,3.1162
hour_line,H=-10.006deg EET-mean T=11.25,0,13,-0.6021,3.0488
hour_line,H=-10.006deg EET-mean T=11.25,0,14,-0.5964,2.9832
hour_line,H=-10.006deg EET-mean T=11.25,0,15,-0.5907,2.9193
hour_line,H=-10.006deg EET-mean T=11.25,0,16,-0.5852,2.8571
hour_line,H=-10.006deg EET-mean T=11.25,0,17,-0.5799,2.7964
hour_line,H=-10.006deg EET-mean T=11.25,0,18,-0.5747,2.7372
hour_line,H=-10.006deg EET-mean T=11.25,0,19,-0.5696,2.6794
hour_line,H=-10.006deg EET-mean T=11.25,0,20,-0.5646,2.6230
hour_line,H=-10.006deg EET-mean T=11.25,0,21,-0.5597,2.5678
hour_line,H=-10.006deg EET-mean T=11.25,0,22,-0.5550,2.5139
hour_line,H=-10.006deg EET-mean T=11.25,0,23,-0.5503,2.4611
hour_line,H=-10.006deg EET-mean T=11.25,0,24,-0.5457,2.4094
hour_line,H=-10.006deg EET-mean T=11.25,0,25,-0.5413,2.3588
hour_line,H=-10.006deg EET-mean T=11.25,0,26,-0.5354,2.2928
hour_line,H=-10.006deg EET-mean T=11.25,0,27,-0.5298,2.2285
hour_line,H=-10.006deg EET-mean T=11.25,0,28,-0.5242,2.1658
hour_line,H=-10.006deg EET-mean T=11.25,0,29,-0.5188,2.1046
hour_line,H=-10.006deg EET-mean T=11.25,0,30,-0.5136,2.0447
hour_line,H=-10.006deg EET-mean T=11.25,0,31,-0.5084,1.9862
hour_line,H=-10.006deg EET-mean T=11.25,0,32,-0.5033,1.9288
hour_line,H=-10.006deg EET-mean T=11.25,0,33,-0.4984,1.8727
hour_line,H=-10.006deg EET-mean T=11.25,0,34,-0.4935,1.8176
hour_line,H=-10.006deg EET-mean T=11.25,0,35,-0.4888,1.7636
hour_line,H=-10.006deg EET-mean T=11.25,0,36,-0.4841,1.7105
hour_line,H=-10.006deg EET-mean T=11.25,0,37,-0.4795,1.6583
hour_line,H=-10.006deg EET-mean T=11.25,0,38,-0.4749,1.6070
hour_line,H=-10.006deg EET-mean T=11.25,0,39,-0.4705,1.5565
hour_line,H=-10.006deg EET-mean T=11.25,0,40,-0.4650,1.4944
hour_line,H=-10.006deg EET-mean T=11.25,0,41,-0.4596,1.4335
hour_line,H=-10.006deg EET-mean T=11.25,0,42,-0.4543,1.3735
hour_line,H=-10.006deg EET-mean T=11.25,0,43,-0.4491,1.3144
hour_line,H=-10.006deg EET-mean T=11.25,0,44,-0.4440,1.2562
hour_line,H=-10.006deg EET-mean T=11.25,0,45,-0.4389,1.1987
hour_line,H=-10.006deg EET-mean T=11.25,0,46,-0.4339,1.1420
hour_line,H=-10.006deg EET-mean T=11.25,0,47,-0.4290,1.0859
hour_line,H=-10.006deg EET-mean T=11.25,0,48,-0.4241,1.0303
hour_line,H=-10.006deg EET-mean T=11.25,0,49,-0.4192,0.9753
hour_line,H=-10.006deg EET-mean T=11.25,0,50,-0.4144,0.9207
hour_line,H=-10.006deg EET-mean T=11.25,0,51,-0.4096,0.8666
hour_line,H=-10.006deg EET-mean T=11.25,0,52,-0.4049,0.8127
hour_line,H=-6.256deg EET-mean T=11.50,0,0,-0.4211,3.8013
hour_line,H=-6.256deg EET-mean T=11.50,0,1,-0.4178,3.7422
hour_line,H=-6.256deg EET-mean T=11.50,0,2,-0.4147,3.6845
hour_line,H=-6.256deg EET-mean T=11.50,0,3,-0.4116,3.6281
hour_line,H=-6.256deg EET-mean T=11.50,0,4,-0.4085,3.5729
hour_line,H=-6.256deg EET-mean T=11.50,0,5,-0.4056,3.5190
hour_line,H=-6.256deg EET-mean T=11.50,0,6,-0.4027,3.4662
hour_line,H=-6.256deg EET-mean T=11.50,0,7,-0.3998,3.4145
hour_line,H=-6.256deg EET-mean T=11.50,0,8,-0.3971,3.3639
hour_line,H=-6.256deg EET-mean T=11.50,0,9,-0.3930,3.2899
hour_line,H=-6.256deg EET-mean T=11.50,0,10,-0.3891,3.2181
hour_line,H=-6.256deg EET-mean T=11.50,0,11,-0.3853,3.1483
hour_line,H=-6.256deg EET-mean T=11.50,0,12,-0.3815,3.0805
hour_line,H=-6.256deg EET-mean T=11.50,0,13,-0.3779,3.0146
hour_line,H=-6.256deg EET-mean T=11.50,0,14,-0.3744,2.9504
hour_line,H=-6.256deg EET-mean T=11.50,0,15,-0.3710,2.8879
hour_line,H=-6.256deg EET-mean T=11.50,0,16,-0.3676,2.8269
hour_line,H=-6.256deg EET-mean T=11.50,0,17,-0.3644,2.7675
hour_line,H=-6.256deg EET-mean T=11.50,0,18,-0.3612,2.7095
hour_line,H=-6.256deg EET-mean T=11.50,0,19,-0.3581,2.6529
hour_line,H=-6.256deg EET-mean T=11.50,0,20,-0.3551,2.5975
hour_line,H=-6.256deg EET-mean T=11.50,0,21,-0.3521,2.5434
hour_line,H=-6.256deg EET-mean T=11.50,0,22,-0.3492,2.4904
hour_line,H=-6.256deg EET-mean T=11.50,0,23,-0.3464,2.4386
hour_line,H=-6.256deg EET-mean T=11.50,0,24,-0.3436,2.3878
hour_line,H=-6.256deg EET-mean T=11.50,0,25,-0.3399,2.3217
hour_line,H=-6.256deg EET-mean T=11.50,0,26,-0.3364,2.2573
hour_line,H=-6.256deg EET-mean T=11.50,0,27,-0.3330,2.1944
hour_line,H=-6.256deg EET-mean T=11.50,0,28,-0.3296,2.1331
hour_line,H=-6.256deg EET-mean T=11.50,0,29,-0.3263,2.0731
hour_line,H=-6.256deg EET-mean T=11.50,0,30,-0.3231,2.0145
hour_line,H=-6.256deg EET-mean T=11.50,0,31,-0.3200,1.9571
hour_line,H=-6.256deg EET-mean T=11.50,0,32,-0.3169,1.9010
hour_line,H=-6.256deg EET-mean T=11.50,0,33,-0.3139,1.8459
hour_line,H=-6.256deg EET-mean T=11.50,0,34,-0.3109,1.7918
hour_line,H=-6.256deg EET-mean T=11.50,0,35,-0.3080,1.7387
hour_line,H=-6.256deg EET-mean T=11.50,0,36,-0.3051,1.6866
hour_line,H=-6.256deg EET-mean T=11.50,0,37,-0.3023,1.6353
hour_line,H=-6.256deg EET-mean T=11.50,0,38,-0.2995,1.5848
hour_line,H=-6.256deg EET-mean T=11.50,0,39,-0.2961,1.5227
hour_line,H=-6.256deg EET-mean T=11.50,0,40,-0.2928,1.4618
hour_line,H=-6.256deg EET-mean T=11.50,0,41,-0.2895,1.4019
hour_line,H=-6.256deg EET-mean T=11.50,0,42,-0.2863,1.3429
hour_line,H=-6.256deg EET-mean T=11.50,0,43,-0.2831,1.2848
hour_line,H=-6.256deg EET-mean T=11.50,0,44,-0.2800,1.2274
hour_line,H=-6.256deg EET-mean T=11.50,0,45,-0.2769,1.1708
hour_line,H=-6.256deg EET-mean T=11.50,0,46,-0.2738,1.1148
hour_line,H=-6.256deg EET-mean T=11.50,0,47,-0.2707,1.0594
hour_line,H=-6.256deg EET-mean T=11.50,0,48,-0.2677,1.0045
hour_line,H=-6.256deg EET-mean T=11.50,0,49,-0.2648,0.9501
hour_line,H=-6.256deg EET-mean T=11.50,0,50,-0.2618,0.8961
hour_line,H=-6.256deg EET-mean T=11.50,0,51,-0.2589,0.8424
hour_line,H=-6.256deg EET-mean T=11.50,0,52,-0.2577,0.8211
hour_line,H=-2.506deg EET-mean T=11.75,0,0,-0.1768,3.7889
hour_line,H=-2.506deg EET-mean T=11.75,0,1,-0.1755,3.7303
hour_line,H=-2.506deg EET-mean T=11.75,0,2,-0.1743,3.6730
hour_line,H=-2.506deg EET-mean T=11.75,0,3,-0.1731,3.6171
hour_line,H=-2.506deg EET-mean T=11.75,0,4,-0.1719,3.5624
hour_line,H=-2.506deg EET-mean T=11.75,0,5,-0.1707,3.5088
hour_line,H=-2.506deg EET-mean T=11.75,0,6,-0.1696,3.4564
hour_line,H=-2.506deg EET-mean T=11.75,0,7,-0.1684,3.4051
hour_line,H=-2.506deg EET-mean T=11.75,0,8,-0.1673,3.3549
hour_line,H=-2.506deg EET-mean T=11.75,0,9,-0.1657,3.2815
hour_line,H=-2.506deg EET-mean T=11.75,0,10,-0.1642,3.2102
hour_line,H=-2.506deg EET-mean T=11.75,0,11,-0.1626,3.1409
hour_line,H=-2.506deg EET-mean T=11.75,0,12,-0.1612,3.0736
hour_line,H=-2.506deg EET-mean T=11.75,0,13,-0.1597,3.0081
hour_line,H=-2.506deg EET-mean T=11.75,0,14,-0.1583,2.9444
hour_line,H=-2.506deg EET-mean T=11.75,0,15,-0.1570,2.8823
hour_line,H=-2.506deg EET-mean T=11.75,0,16,-0.1557,2.8218
hour_line,H=-2.506deg EET-mean T=11.75,0,17,-0.1544,2.7627
hour_line,H=-2.506deg EET-mean T=11.75,0,18,-0.1531,2.7051
hour_line,H=-2.506deg EET-mean T=11.75,0,19,-0.1519,2.6488
hour_line,H=-2.506deg EET-mean T=11.75,0,20,-0.1507,2.5938
hour_line,H=-2.506deg EET-mean T=11.75,0,21,-0.1495,2.5400
hour_line,H=-2.506deg EET-mean T=11.75,0,22,-0.1483,2.4874
hour_line,H=-2.506deg EET-mean T=11.75,0,23,-0.1472,2.4359
hour_line,H=-2.506deg EET-mean T=11.75,0,24,-0.1461,2.3854
hour_line,H=-2.506deg EET-mean T=11.75,0,25,-0.1447,2.3196
hour_line,H=-2.506deg EET-mean T=11.75,0,26,-0.1433,2.2556
hour_line,H=-2.506deg EET-mean T=11.75,0,27,-0.1419,2.1931
hour_line,H=-2.506deg EET-mean T=11.75,0,28,-0.1406,2.1321
hour_line,H=-2.506deg EET-mean T=11.75,0,29,-0.1393,2.0724
hour_line,H=-2.506deg EET-mean T=11.75,0,30,-0.1380,2.0141
hour_line,H=-2.506deg EET-mean T=11.75,0,31,-0.1367,1.9570
hour_line,H=-2.506deg EET-mean T=11.75,0,32,-0.1355,1.9011
hour_line,H=-2.506deg EET-mean T=11.75,0,33,-0.1343,1.8463
hour_line,H=-2.506deg EET-mean T=11.75,0,34,-0.1331,1.7925
hour_line,H=-2.506deg EET-mean T=11.75,0,35,-0.1320,1.7397
hour_line,H=-2.506deg EET-mean T=11.75,0,36,-0.1308,1.6877
hour_line,H=-2.506deg EET-mean T=11.75,0,37,-0.1297,1.6367
hour_line,H=-2.506deg EET-mean T=11.75,0,38,-0.1286,1.5864
hour_line,H=-2.506deg EET-mean T=11.75,0,39,-0.1273,1.5247
hour_line,H=-2.506deg EET-mean T=11.75,0,40,-0.1259,1.4640
hour_line,H=-2.506deg EET-mean T=11.75,0,41,-0.1246,1.4043
hour_line,H=-2.506deg EET-mean T=11.75,0,42,-0.1234,1.3455
hour_line,H=-2.506deg EET-mean T=11.75,0,43,-0.1221,1.2876
hour_line,H=-2.506deg EET-mean T=11.75,0,44,-0.1208,1.2305
hour_line,H=-2.506deg EET-mean T=11.75,0,45,-0.1196,1.1741
hour_line,H=-2.506deg EET-mean T=11.75,0,46,-0.1184,1.1183
hour_line,H=-2.506deg EET-mean T=11.75,0,47,-0.1172,1.0631
hour_line,H=-2.506deg EET-mean T=11.75,0,48,-0.1160,1.0084
hour_line,H=-2.506deg EET-mean T=11.75,0,49,-0.1148,0.9542
hour_line,H=-2.506deg EET-mean T=11.75,0,50,-0.1136,0.9003
hour_line,H=-2.506deg EET-mean T=11.75,0,51,-0.1124,0.8468
hour_line,H=-2.506deg EET-mean T=11.75,0,52,-0.1120,0.8255
hour_line,H=+1.244deg EET-mean T=12.00,0,0,0.0953,3.7871
hour_line,H=+1.244deg EET-mean T=12.00,0,1,0.0947,3.7286
hour_line,H=+1.244deg EET-mean T=12.00,0,2,0.0941,3.6714
hour_line,H=+1.244deg EET-mean T=12.00,0,3,0.0934,3.6155
hour_line,H=+1.244deg EET-mean T=12.00,0,4,0.0928,3.5608
hour_line,H=+1.244deg EET-mean T=12.00,0,5,0.0923,3.5074
hour_line,H=+1.244deg EET-mean T=12.00,0,6,0.0917,3.4550
hour_line,H=+1.244deg EET-mean T=12.00,0,7,0.0911,3.4038
hour_line,H=+1.244deg EET-mean T=12.00,0,8,0.0906,3.3536
hour_line,H=+1.244deg EET-mean T=12.00,0,9,0.0898,3.2803
hour_line,H=+1.244deg EET-mean T=12.00,0,10,0.0890,3.2090
hour_line,H=+1.244deg EET-mean T=12.00,0,11,0.0883,3.1399
hour_line,H=+1.244deg EET-mean T=12.00,0,12,0.0875,3.0726
hour_line,H=+1.244deg EET-mean T=12.00,0,13,0.0868,3.0072
hour_line,H=+1.244deg EET-mean T=12.00,0,14,0.0861,2.9435
hour_line,H=+1.244deg EET-mean T=12.00,0,15,0.0855,2.8815
hour_line,H=+1.244deg EET-mean T=12.00,0,16,0.0848,2.8210
hour_line,H=+1.244deg EET-mean T=12.00,0,17,0.0842,2.7620
hour_line,H=+1.244deg EET-mean T=12.00,0,18,0.0835,2.7045
hour_line,H=+1.244deg EET-mean T=12.00,0,19,0.0829,2.6482
hour_line,H=+1.244deg EET-mean T=12.00,0,20,0.0823,2.5933
hour_line,H=+1.244deg EET-mean T=12.00,0,21,0.0818,2.5395
hour_line,H=+1.244deg EET-mean T=12.00,0,22,0.0812,2.4869
hour_line,H=+1.244deg EET-mean T=12.00,0,23,0.0806,2.4355
hour_line,H=+1.244deg EET-mean T=12.00,0,24,0.0801,2.3850
hour_line,H=+1.244deg EET-mean T=12.00,0,25,0.0794,2.3193
hour_line,H=+1.244deg EET-mean T=12.00,0,26,0.0787,2.2553
hour_line,H=+1.244deg EET-mean T=12.00,0,27,0.0780,2.1929
hour_line,H=+1.244deg EET-mean T=12.00,0,28,0.0773,2.1319
hour_line,H=+1.244deg EET-mean T=12.00,0,29,0.0767,2.0723
hour_line,H=+1.244deg EET-mean T=12.00,0,30,0.0760,2.0141
hour_line,H=+1.244deg EET-mean T=12.00,0,31,0.0754,1.9570
hour_line,H=+1.244deg EET-mean T=12.00,0,32,0.0748,1.9011
hour_line,H=+1.244deg EET-mean T=12.00,0,33,0.0742,1.8464
hour_line,H=+1.244deg EET-mean T=12.00,0,34,0.0736,1.7926
hour_line,H=+1.244deg EET-mean T=12.00,0,35,0.0731,1.7398
hour_line,H=+1.244deg EET-mean T=12.00,0,36,0.0725,1.6879
hour_line,H=+1.244deg EET-mean T=12.00,0,37,0.0720,1.6369
hour_line,H=+1.244deg EET-mean T=12.00,0,38,0.0714,1.5867
hour_line,H=+1.244deg EET-mean T=12.00,0,39,0.0707,1.5249
hour_line,H=+1.244deg EET-mean T=12.00,0,40,0.0701,1.4643
hour_line,H=+1.244deg EET-mean T=12.00,0,41,0.0694,1.4046
hour_line,H=+1.244deg EET-mean T=12.00,0,42,0.0688,1.3459
hour_line,H=+1.244deg EET-mean T=12.00,0,43,0.0682,1.2880
hour_line,H=+1.244deg EET-mean T=12.00,0,44,0.0675,1.2310
hour_line,H=+1.244deg EET-mean T=12.00,0,45,0.0669,1.1746
hour_line,H=+1.244deg EET-mean T=12.00,0,46,0.0663,1.1188
hour_line,H=+1.244deg EET-mean T=12.00,0,47,0.0657,1.0636
hour_line,H=+1.244deg EET-mean T=12.00,0,48,0.0651,1.0090
hour_line,H=+1.244deg EET-mean T=12.00,0,49,0.0645,0.9547
hour_line,H=+1.244deg EET-mean T=12.00,0,50,0.0640,0.9009
hour_line,H=+1.244deg EET-mean T=12.00,0,51,0.0634,0.8475
hour_line,H=+1.244deg EET-mean T=12.00,0,52,0.0631,0.8262
hour_line,H=+4.994deg EET-mean T=12.25,0,0,0.3385,3.7959
hour_line,H=+4.994deg EET-mean T=12.25,0,1,0.3359,3.7371
hour_line,H=+4.994deg EET-mean T=12.25,0,2,0.3334,3.6795
hour_line,H=+4.994deg EET-mean T=12.25,0,3,0.3309,3.6233
hour_line,H=+4.994deg EET-mean T=12.25,0,4,0.3285,3.5684
hour_line,H=+4.994deg EET-mean T=12.25,0,5,0.3262,3.5146
hour_line,H=+4.994deg EET-mean T=12.25,0,6,0.3239,3.4620
hour_line,H=+4.994deg EET-mean T=12.25,0,7,0.3216,3.4104
hour_line,H=+4.994deg EET-mean T=12.25,0,8,0.3194,3.3600
hour_line,H=+4.994deg EET-mean T=12.25,0,9,0.3162,3.2862
hour_line,H=+4.994deg EET-mean T=12.25,0,10,0.3131,3.2146
hour_line,H=+4.994deg EET-mean T=12.25,0,11,0.3100,3.1451
hour_line,H=+4.994deg EET-mean T=12.25,0,12,0.3071,3.0775
hour_line,H=+4.994deg EET-mean T=12.25,0,13,0.3042,3.0118
hour_line,H=+4.994deg EET-mean T=12.25,0,14,0.3014,2.9478
hour_line,H=+4.994deg EET-mean T=12.25,0,15,0.2987,2.8855
hour_line,H=+4.994deg EET-mean T=12.25,0,16,0.2960,2.8247
hour_line,H=+4.994deg EET-mean T=12.25,0,17,0.2934,2.7654
hour_line,H=+4.994deg EET-mean T=12.25,0,18,0.2909,2.7076
hour_line,H=+4.994deg EET-mean T=12.25,0,19,0.2884,2.6511
hour_line,H=+4.994deg EET-mean T=12.25,0,20,0.2860,2.5959
hour_line,H=+4.994deg EET-mean T=12.25,0,21,0.2837,2.5419
hour_line,H=+4.994deg EET-mean T=12.25,0,22,0.2814,2.4891
hour_line,H=+4.994deg EET-mean T=12.25,0,23,0.2791,2.4374
hour_line,H=+4.994deg EET-mean T=12.25,0,24,0.2769,2.3868
hour_line,H=+4.994deg EET-mean T=12.25,0,25,0.2740,2.3208
hour_line,H=+4.994deg EET-mean T=12.25,0,26,0.2712,2.2565
hour_line,H=+4.994deg EET-mean T=12.25,0,27,0.2685,2.1938
hour_line,H=+4.994deg EET-mean T=12.25,0,28,0.2658,2.1326
hour_line,H=+4.994deg EET-mean T=12.25,0,29,0.2632,2.0728
hour_line,H=+4.994deg EET-mean T=12.25,0,30,0.2606,2.0143
hour_line,H=+4.994deg EET-mean T=12.25,0,31,0.2581,1.9571
hour_line,H=+4.994deg EET-mean T=12.25,0,32,0.2557,1.9010
hour_line,H=+4.994deg EET-mean T=12.25,0,33,0.2533,1.8460
hour_line,H=+4.994deg EET-mean T=12.25,0,34,0.2509,1.7921
hour_line,H=+4.994deg EET-mean T=12.25,0,35,0.2486,1.7391
hour_line,H=+4.994deg EET-mean T=12.25,0,36,0.2463,1.6871
hour_line,H=+4.994deg EET-mean T=12.25,0,37,0.2441,1.6359
hour_line,H=+4.994deg EET-mean T=12.25,0,38,0.2419,1.5855
hour_line,H=+4.994deg EET-mean T=12.25,0,39,0.2392,1.5236
hour_line,H=+4.994deg EET-mean T=12.25,0,40,0.2365,1.4627
hour_line,H=+4.994deg EET-mean T=12.25,0,41,0.2339,1.4029
hour_line,H=+4.994deg EET-mean T=12.25,0,42,0.2313,1.3440
hour_line,H=+4.994deg EET-mean T=12.25,0,43,0.2288,1.2860
hour_line,H=+4.994deg EET-mean T=12.25,0,44,0.2263,1.2288
hour_line,H=+4.994deg EET-mean T=12.25,0,45,0.2238,1.1722
hour_line,H=+4.994deg EET-mean T=12.25,0,46,0.2214,1.1163
hour_line,H=+4.994deg EET-mean T=12.25,0,47,0.2190,1.0610
hour_line,H=+4.994deg EET-mean T=12.25,0,48,0.2166,1.0062
hour_line,H=+4.994deg EET-mean T=12.25,0,49,0.2142,0.9519
hour_line,H=+4.994deg EET-mean T=12.25,0,50,0.2118,0.8979
hour_line,H=+4.994deg EET-mean T=12.25,0,51,0.2095,0.8443
hour_line,H=+4.994deg EET-mean T=12.25,0,52,0.2086,0.8230
hour_line,H=+8.744deg EET-mean T=12.50,0,0,0.5859,3.8157
hour_line,H=+8.744deg EET-mean T=12.50,0,1,0.5813,3.7560
hour_line,H=+8.744deg EET-mean T=12.50,0,2,0.5768,3.6977
hour_line,H=+8.744deg EET-mean T=12.50,0,3,0.5724,3.6408
hour_line,H=+8.744deg EET-mean T=12.50,0,4,0.5681,3.5851
hour_line,H=+8.744deg EET-mean T=12.50,0,5,0.5640,3.5307
hour_line,H=+8.744deg EET-mean T=12.50,0,6,0.5599,3.4774
hour_line,H=+8.744deg EET-mean T=12.50,0,7,0.5558,3.4253
hour_line,H=+8.744deg EET-mean T=12.50,0,8,0.5519,3.3742
hour_line,H=+8.744deg EET-mean T=12.50,0,9,0.5481,3.3242
hour_line,H=+8.744deg EET-mean T=12.50,0,10,0.5424,3.2510
hour_line,H=+8.744deg EET-mean T=12.50,0,11,0.5370,3.1800
hour_line,H=+8.744deg EET-mean T=12.50,0,12,0.5317,3.1110
hour_line,H=+8.744deg EET-mean T=12.50,0,13,0.5265,3.0439
hour_line,H=+8.744deg EET-mean T=12.50,0,14,0.5215,2.9787
hour_line,H=+8.744deg EET-mean T=12.50,0,15,0.5166,2.9151
hour_line,H=+8.744deg EET-mean T=12.50,0,16,0.5118,2.8532
hour_line,H=+8.744deg EET-mean T=12.50,0,17,0.5072,2.7928
hour_line,H=+8.744deg EET-mean T=12.50,0,18,0.5027,2.7339
hour_line,H=+8.744deg EET-mean T=12.50,0,19,0.4982,2.6764
hour_line,H=+8.744deg EET-mean T=12.50,0,20,0.4939,2.6202
hour_line,H=+8.744deg EET-mean T=12.50,0,21,0.4897,2.5653
hour_line,H=+8.744deg EET-mean T=12.50,0,22,0.4856,2.5116
hour_line,H=+8.744deg EET-mean T=12.50,0,23,0.4815,2.4590
hour_line,H=+8.744deg EET-mean T=12.50,0,24,0.4776,2.4076
hour_line,H=+8.744deg EET-mean T=12.50,0,25,0.4737,2.3571
hour_line,H=+8.744deg EET-mean T=12.50,0,26,0.4686,2.2914
hour_line,H=+8.744deg EET-mean T=12.50,0,27,0.4637,2.2274
hour_line,H=+8.744deg EET-mean T=12.50,0,28,0.4589,2.1649
hour_line,H=+8.744deg EET-mean T=12.50,0,29,0.4542,2.1039
hour_line,H=+8.744deg EET-mean T=12.50,0,30,0.4496,2.0443
hour_line,H=+8.744deg EET-mean T=12.50,0,31,0.4451,1.9860
hour_line,H=+8.744deg EET-mean T=12.50,0,32,0.4407,1.9289
hour_line,H=+8.744deg EET-mean T=12.50,0,33,0.4364,1.8729
hour_line,H=+8.744deg EET-mean T=12.50,0,34,0.4322,1.8180
hour_line,H=+8.744deg EET-mean T=12.50,0,35,0.4281,1.7642
hour_line,H=+8.744deg EET-mean T=12.50,0,36,0.4240,1.7113
hour_line,H=+8.744deg EET-mean T=12.50,0,37,0.4200,1.6593
hour_line,H=+8.744deg EET-mean T=12.50,0,38,0.4161,1.6082
hour_line,H=+8.744deg EET-mean T=12.50,0,39,0.4122,1.5578
hour_line,H=+8.744deg EET-mean T=12.50,0,40,0.4074,1.4959
hour_line,H=+8.744deg EET-mean T=12.50,0,41,0.4028,1.4351
hour_line,H=+8.744deg EET-mean T=12.50,0,42,0.3982,1.3753
hour_line,H=+8.744deg EET-mean T=12.50,0,43,0.3936,1.3164
hour_line,H=+8.744deg EET-mean T=12.50,0,44,0.3892,1.2583
hour_line,H=+8.744deg EET-mean T=12.50,0,45,0.3848,1.2010
hour_line,H=+8.744deg EET-mean T=12.50,0,46,0.3804,1.1444
hour_line,H=+8.744deg EET-mean T=12.50,0,47,0.3761,1.0885
hour_line,H=+8.744deg EET-mean T=12.50,0,48,0.3718,1.0331
hour_line,H=+8.744deg EET-mean T=12.50,0,49,0.3676,0.9782
hour_line,H=+8.744deg EET-mean T=12.50,0,50,0.3634,0.9237
hour_line,H=+8.744deg EET-mean T=12.50,0,51,0.3593,0.8697
hour_line,H=+8.744deg EET-mean T=12.50,0,52,0.3551,0.8160
hour_line,H=+12.494deg EET-mean T=12.75,0,0,0.8409,3.8469
hour_line,H=+12.494deg EET-mean T=12.75,0,1,0.8341,3.7860
hour_line,H=+12.494deg EET-mean T=12.75,0,2,0.8275,3.7265
hour_line,H=+12.494deg EET-mean T=12.75,0,3,0.8211,3.6684
hour_line,H=+12.494deg EET-mean T=12.75,0,4,0.8148,3.6117
hour_line,H=+12.494deg EET-mean T=12.75,0,5,0.8087,3.5561
hour_line,H=+12.494deg EET-mean T=12.75,0,6,0.8026,3.5018
hour_line,H=+12.494deg EET-mean T=12.75,0,7,0.7968,3.4487
hour_line,H=+12.494deg EET-mean T=12.75,0,8,0.7910,3.3966
hour_line,H=+12.494deg EET-mean T=12.75,0,9,0.7853,3.3457
hour_line,H=+12.494deg EET-mean T=12.75,0,10,0.7798,3.2958
hour_line,H=+12.494deg EET-mean T=12.75,0,11,0.7717,3.2227
hour_line,H=+12.494deg EET-mean T=12.75,0,12,0.7639,3.1518
hour_line,H=+12.494deg EET-mean T=12.75,0,13,0.7562,3.0829
hour_line,H=+12.494deg EET-mean T=12.75,0,14,0.7488,3.0159
hour_line,H=+12.494deg EET-mean T=12.75,0,15,0.7416,2.9507
hour_line,H=+12.494deg EET-mean T=12.75,0,16,0.7345,2.8872
hour_line,H=+12.494deg EET-mean T=12.75,0,17,0.7277,2.8253
hour_line,H=+12.494deg EET-mean T=12.75,0,18,0.7210,2.7650
hour_line,H=+12.494deg EET-mean T=12.75,0,19,0.7145,2.7061
hour_line,H=+12.494deg EET-mean T=12.75,0,20,0.7081,2.6486
hour_line,H=+12.494deg EET-mean T=12.75,0,21,0.7019,2.5924
hour_line,H=+12.494deg EET-mean T=12.75,0,22,0.6958,2.5375
hour_line,H=+12.494deg EET-mean T=12.75,0,23,0.6898,2.4838
hour_line,H=+12.494deg EET-mean T=12.75,0,24,0.6840,2.4312
hour_line,H=+12.494deg EET-mean T=12.75,0,25,0.6783,2.3797
hour_line,H=+12.494deg EET-mean T=12.75,0,26,0.6727,2.3292
hour_line,H=+12.494deg EET-mean T=12.75,0,27,0.6654,2.2634
hour_line,H=+12.494deg EET-mean T=12.75,0,28,0.6583,2.1993
hour_line,H=+12.494deg EET-mean T=12.75,0,29,0.6514,2.1368
hour_line,H=+12.494deg EET-mean T=12.75,0,30,0.6446,2.0757
hour_line,H=+12.494deg EET-mean T=12.75,0,31,0.6380,2.0160
hour_line,H=+12.494deg EET-mean T=12.75,0,32,0.6315,1.9575
hour_line,H=+12.494deg EET-mean T=12.75,0,33,0.6252,1.9003
hour_line,H=+12.494deg EET-mean T=12.75,0,34,0.6190,1.8442
hour_line,H=+12.494deg EET-mean T=12.75,0,35,0.6129,1.7892
hour_line,H=+12.494deg EET-mean T=12.75,0,36,0.6069,1.7353
hour_line,H=+12.494deg EET-mean T=12.75,0,37,0.6010,1.6822
hour_line,H=+12.494deg EET-mean T=12.75,0,38,0.5952,1.6301
hour_line,H=+12.494deg EET-mean T=12.75,0,39,0.5895,1.5788
hour_line,H=+12.494deg EET-mean T=12.75,0,40,0.5840,1.5283
hour_line,H=+12.494deg EET-mean T=12.75,0,41,0.5784,1.4786
hour_line,H=+12.494deg EET-mean T=12.75,0,42,0.5717,1.4173
hour_line,H=+12.494deg EET-mean T=12.75,0,43,0.5650,1.3571
hour_line,H=+12.494deg EET-mean T=12.75,0,44,0.5584,1.2978
hour_line,H=+12.494deg EET-mean T=12.75,0,45,0.5519,1.2394
hour_line,H=+12.494deg EET-mean T=12.75,0,46,0.5455,1.1817
hour_line,H=+12.494deg EET-mean T=12.75,0,47,0.5392,1.1247
hour_line,H=+12.494deg EET-mean T=12.75,0,48,0.5330,1.0684
hour_line,H=+12.494deg EET-mean T=12.75,0,49,0.5268,1.0126
hour_line,H=+12.494deg EET-mean T=12.75,0,50,0.5207,0.9574
hour_line,H=+12.494deg EET-mean T=12.75,0,51,0.5146,0.9026
hour_line,H=+12.494deg EET-mean T=12.75,0,52,0.5086,0.8482
hour_line,H=+12.494deg EET-mean T=12.75,0,53,0.5038,0.8050
hour_line,H=+16.244deg EET-mean T=13.00,0,0,1.1073,3.8906
hour_line,H=+16.244deg EET-mean T=13.00,0,1,1.0982,3.8280
hour_line,H=+16.244deg EET-mean T=13.00,0,2,1.0893,3.7668
hour_line,H=+16.244deg EET-mean T=13.00,0,3,1.0806,3.7071
hour_line,H=+16.244deg EET-mean T=13.00,0,4,1.0721,3.6488
hour_line,H=+16.244deg EET-mean T=13.00,0,5,1.0638,3.5917
hour_line,H=+16.244deg EET-mean T=13.00,0,6,1.0556,3.5360
hour_line,H=+16.244deg EET-mean T=13.00,0,7,1.0477,3.4814
hour_line,H=+16.244deg EET-mean T=13.00,0,8,1.0399,3.4280
hour_line,H=+16.244deg EET-mean T=13.00,0,9,1.0323,3.3757
hour_line,H=+16.244deg EET-mean T=13.00,0,10,1.0248,3.3245
hour_line,H=+16.244deg EET-mean T=13.00,0,11,1.0175,3.2744
hour_line,H=+16.244deg EET-mean T=13.00,0,12,1.0068,3.2010
hour_line,H=+16.244deg EET-mean T=13.00,0,13,0.9964,3.1297
hour_line,H=+16.244deg EET-mean T=13.00,0,14,0.9864,3.0605
hour_line,H=+16.244deg EET-mean T=13.00,0,15,0.9765,2.9931
hour_line,H=+16.244deg EET-mean T=13.00,0,16,0.9670,2.9276
hour_line,H=+16.244deg EET-mean T=13.00,0,17,0.9577,2.8637
hour_line,H=+16.244deg EET-mean T=13.00,0,18,0.9486,2.8015
hour_line,H=+16.244deg EET-mean T=13.00,0,19,0.9398,2.7409
hour_line,H=+16.244deg EET-mean T=13.00,0,20,0.9312,2.6816
hour_line,H=+16.244deg EET-mean T=13.00,0,21,0.9227,2.6238
hour_line,H=+16.244deg EET-mean T=13.00,0,22,0.9145,2.5673
hour_line,H=+16.244deg EET-mean T=13.00,0,23,0.9065,2.5121
hour_line,H=+16.244deg EET-mean T=13.00,0,24,0.8986,2.4581
hour_line,H=+16.244deg EET-mean T=13.00,0,25,0.8909,2.4052
hour_line,H=+16.244deg EET-mean T=13.00,0,26,0.8833,2.3534
hour_line,H=+16.244deg EET-mean T=13.00,0,27,0.8759,2.3026
hour_line,H=+16.244deg EET-mean T=13.00,0,28,0.8687,2.2528
hour_line,H=+16.244deg EET-mean T=13.00,0,29,0.8592,2.1879
hour_line,H=+16.244deg EET-mean T=13.00,0,30,0.8500,2.1246
hour_line,H=+16.244deg EET-mean T=13.00,0,31,0.8410,2.0628
hour_line,H=+16.244deg EET-mean T=13.00,0,32,0.8322,2.0024
hour_line,H=+16.244deg EET-mean T=13.00,0,33,0.8236,1.9432
hour_line,H=+16.244deg EET-mean T=13.00,0,34,0.8151,1.8854
hour_line,H=+16.244deg EET-mean T=13.00,0,35,0.8069,1.8286
hour_line,H=+16.244deg EET-mean T=13.00,0,36,0.7988,1.7730
hour_line,H=+16.244deg EET-mean T=13.00,0,37,0.7908,1.7184
hour_line,H=+16.244deg EET-mean T=13.00,0,38,0.7830,1.6648
hour_line,H=+16.244deg EET-mean T=13.00,0,39,0.7753,1.6121
hour_line,H=+16.244deg EET-mean T=13.00,0,40,0.7678,1.5603
hour_line,H=+16.244deg EET-mean T=13.00,0,41,0.7603,1.5092
hour_line,H=+16.244deg EET-mean T=13.00,0,42,0.7530,1.4590
hour_line,H=+16.244deg EET-mean T=13.00,0,43,0.7458,1.4094
hour_line,H=+16.244deg EET-mean T=13.00,0,44,0.7369,1.3484
hour_line,H=+16.244deg EET-mean T=13.00,0,45,0.7281,1.2883
hour_line,H=+16.244deg EET-mean T=13.00,0,46,0.7195,1.2291
hour_line,H=+16.244deg EET-mean T=13.00,0,47,0.7110,1.1707
hour_line,H=+16.244deg EET-mean T=13.00,0,48,0.7026,1.1131
hour_line,H=+16.244deg EET-mean T=13.00,0,49,0.6943,1.0561
hour_line,H=+16.244deg EET-mean T=13.00,0,50,0.6861,0.9997
hour_line,H=+16.244deg EET-mean T=13.00,0,51,0.6779,0.9438
hour_line,H=+16.244deg EET-mean T=13.00,0,52,0.6699,0.8884
hour_line,H=+16.244deg EET-mean T=13.00,0,53,0.6619,0.8335
hour_line,H=+16.244deg EET-mean T=13.00,0,54,0.6555,0.7898
hour_line,H=+19.994deg EET-mean T=13.25,0,0,1.3896,3.9483
hour_line,H=+19.994deg EET-mean T=13.25,0,1,1.3778,3.8833
hour_line,H=+19.994deg EET-mean T=13.25,0,2,1.3662,3.8200
hour_line,H=+19.994deg EET-mean T=13.25,0,3,1.3550,3.7581
hour_line,H=+19.994deg EET-mean T=13.25,0,4,1.3440,3.6977
hour_line,H=+19.994deg EET-mean T=13.25,0,5,1.3332,3.6386
hour_line,H=+19.994deg EET-mean T=13.25,0,6,1.3227,3.5809
hour_line,H=+19.994deg EET-mean T=13.25,0,7,1.3125,3.5245
hour_line,H=+19.994deg EET-mean T=13.25,0,8,1.3024,3.4693
hour_line,H=+19.994deg EET-mean T=13.25,0,9,1.2926,3.4152
hour_line,H=+19.994deg EET-mean T=13.25,0,10,1.2830,3.3623
hour_line,H=+19.994deg EET-mean T=13.25,0,11,1.2735,3.3105
hour_line,H=+19.994deg EET-mean T=13.25,0,12,1.2643,3.2598
hour_line,H=+19.994deg EET-mean T=13.25,0,13,1.2552,3.2101
hour_line,H=+19.994deg EET-mean T=13.25,0,14,1.2420,3.1373
hour_line,H=+19.994deg EET-mean T=13.25,0,15,1.2291,3.0666
hour_line,H=+19.994deg EET-mean T=13.25,0,16,1.2166,2.9978
hour_line,H=+19.994deg EET-mean T=13.25,0,17,1.2044,2.9309
hour_line,H=+19.994deg EET-mean T=13.25,0,18,1.1926,2.8658
hour_line,H=+19.994deg EET-mean T=13.25,0,19,1.1811,2.8023
hour_line,H=+19.994deg EET-mean T=13.25,0,20,1.1698,2.7404
hour_line,H=+19.994deg EET-mean T=13.25,0,21,1.1588,2.6801
hour_line,H=+19.994deg EET-mean T=13.25,0,22,1.1481,2.6211
hour_line,H=+19.994deg EET-mean T=13.25,0,23,1.1376,2.5636
hour_line,H=+19.994deg EET-mean T=13.25,0,24,1.1274,2.5073
hour_line,H=+19.994deg EET-mean T=13.25,0,25,1.1174,2.4522
hour_line,H=+19.994deg EET-mean T=13.25,0,26,1.1076,2.3984
hour_line,H=+19.994deg EET-mean T=13.25,0,27,1.0980,2.3456
hour_line,H=+19.994deg EET-mean T=13.25,0,28,1.0886,2.2940
hour_line,H=+19.994deg EET-mean T=13.25,0,29,1.0793,2.2433
hour_line,H=+19.994deg EET-mean T=13.25,0,30,1.0703,2.1936
hour_line,H=+19.994deg EET-mean T=13.25,0,31,1.0585,2.1288
hour_line,H=+19.994deg EET-mean T=13.25,0,32,1.0470,2.0656
hour_line,H=+19.994deg EET-mean T=13.25,0,33,1.0358,2.0038
hour_line,H=+19.994deg EET-mean T=13.25,0,34,1.0248,1.9434
hour_line,H=+19.994deg EET-mean T=13.25,0,35,1.0140,1.8843
hour_line,H=+19.994deg EET-mean T=13.25,0,36,1.0035,1.8264
hour_line,H=+19.994deg EET-mean T=13.25,0,37,0.9931,1.7696
hour_line,H=+19.994deg EET-mean T=13.25,0,38,0.9830,1.7139
hour_line,H=+19.994deg EET-mean T=13.25,0,39,0.9731,1.6592
hour_line,H=+19.994deg EET-mean T=13.25,0,40,0.9633,1.6055
hour_line,H=+19.994deg EET-mean T=13.25,0,41,0.9537,1.5527
hour_line,H=+19.994deg EET-mean T=13.25,0,42,0.9442,1.5007
hour_line,H=+19.994deg EET-mean T=13.25,0,43,0.9349,1.4495
hour_line,H=+19.994deg EET-mean T=13.25,0,44,0.9257,1.3991
hour_line,H=+19.994deg EET-mean T=13.25,0,45,0.9167,1.3493
hour_line,H=+19.994deg EET-mean T=13.25,0,46,0.9055,1.2881
hour_line,H=+19.994deg EET-mean T=13.25,0,47,0.8945,1.2277
hour_line,H=+19.994deg EET-mean T=13.25,0,48,0.8837,1.1683
hour_line,H=+19.994deg EET-mean T=13.25,0,49,0.8730,1.1096
hour_line,H=+19.994deg EET-mean T=13.25,0,50,0.8625,1.0516
hour_line,H=+19.994deg EET-mean T=13.25,0,51,0.8521,0.9943
hour_line,H=+19.994deg EET-mean T=13.25,0,52,0.8417,0.9375
hour_line,H=+19.994deg EET-mean T=13.25,0,53,0.8315,0.8813
hour_line,H=+19.994deg EET-mean T=13.25,0,54,0.8214,0.8255
hour_line,H=+19.994deg EET-mean T=13.25,0,55,0.8113,0.7702
hour_line,H=+23.744deg EET-mean T=13.50,0,0,1.6930,4.0221
hour_line,H=+23.744deg EET-mean T=13.50,0,1,1.6781,3.9541
hour_line,H=+23.744deg EET-mean T=13.50,0,2,1.6635,3.8878
hour_line,H=+23.744deg EET-mean T=13.50,0,3,1.6493,3.8231
hour_line,H=+23.744deg EET-mean T=13.50,0,4,1.6354,3.7600
hour_line,H=+23.744deg EET-mean T=13.50,0,5,1.6218,3.6984
hour_line,H=+23.744deg EET-mean T=13.50,0,6,1.6086,3.6382
hour_line,H=+23.744deg EET-mean T=13.50,0,7,1.5956,3.5793
hour_line,H=+23.744deg EET-mean T=13.50,0,8,1.5830,3.5218
hour_line,H=+23.744deg EET-mean T=13.50,0,9,1.5706,3.4655
hour_line,H=+23.744deg EET-mean T=13.50,0,10,1.5585,3.4104
hour_line,H=+23.744deg EET-mean T=13.50,0,11,1.5466,3.3565
hour_line,H=+23.744deg EET-mean T=13.50,0,12,1.5350,3.3038
hour_line,H=+23.744deg EET-mean T=13.50,0,13,1.5237,3.2520
hour_line,H=+23.744deg EET-mean T=13.50,0,14,1.5125,3.2014
hour_line,H=+23.744deg EET-mean T=13.50,0,15,1.5016,3.1517
hour_line,H=+23.744deg EET-mean T=13.50,0,16,1.4856,3.0790
hour_line,H=+23.744deg EET-mean T=13.50,0,17,1.4700,3.0083
hour_line,H=+23.744deg EET-mean T=13.50,0,18,1.4549,2.9396
hour_line,H=+23.744deg EET-mean T=13.50,0,19,1.4402,2.8727
hour_line,H=+23.744deg EET-mean T=13.50,0,20,1.4259,2.8076
hour_line,H=+23.744deg EET-mean T=13.50,0,21,1.4119,2.7441
hour_line,H=+23.744deg EET-mean T=13.50,0,22,1.3983,2.6821
hour_line,H=+23.744deg EET-mean T=13.50,0,23,1.3850,2.6217
hour_line,H=+23.744deg EET-mean T=13.50,0,24,1.3720,2.5627
hour_line,H=+23.744deg EET-mean T=13.50,0,25,1.3593,2.5050
hour_line,H=+23.744deg EET-mean T=13.50,0,26,1.3469,2.4487
hour_line,H=+23.744deg EET-mean T=13.50,0,27,1.3348,2.3935
hour_line,H=+23.744deg EET-mean T=13.50,0,28,1.3229,2.3395
hour_line,H=+23.744deg EET-mean T=13.50,0,29,1.3113,2.2866
hour_line,H=+23.744deg EET-mean T=13.50,0,30,1.2999,2.2348
hour_line,H=+23.744deg EET-mean T=13.50,0,31,1.2887,2.1840
hour_line,H=+23.744deg EET-mean T=13.50,0,32,1.2777,2.1342
hour_line,H=+23.744deg EET-mean T=13.50,0,33,1.2670,2.0852
hour_line,H=+23.744deg EET-mean T=13.50,0,34,1.2529,2.0214
hour_line,H=+23.744deg EET-mean T=13.50,0,35,1.2392,1.9590
hour_line,H=+23.744deg EET-mean T=13.50,0,36,1.2258,1.8980
hour_line,H=+23.744deg EET-mean T=13.50,0,37,1.2126,1.8382
hour_line,H=+23.744deg EET-mean T=13.50,0,38,1.1998,1.7798
hour_line,H=+23.744deg EET-mean T=13.50,0,39,1.1872,1.7224
hour_line,H=+23.744deg EET-mean T=13.50,0,40,1.1748,1.6662
hour_line,H=+23.744deg EET-mean T=13.50,0,41,1.1626,1.6109
hour_line,H=+23.744deg EET-mean T=13.50,0,42,1.1507,1.5567
hour_line,H=+23.744deg EET-mean T=13.50,0,43,1.1390,1.5033
hour_line,H=+23.744deg EET-mean T=13.50,0,44,1.1274,1.4508
hour_line,H=+23.744deg EET-mean T=13.50,0,45,1.1160,1.3990
hour_line,H=+23.744deg EET-mean T=13.50,0,46,1.1048,1.3481
hour_line,H=+23.744deg EET-mean T=13.50,0,47,1.0937,1.2978
hour_line,H=+23.744deg EET-mean T=13.50,0,48,1.0828,1.2482
hour_line,H=+23.744deg EET-mean T=13.50,0,49,1.0721,1.1992
hour_line,H=+23.744deg EET-mean T=13.50,0,50,1.0588,1.1387
hour_line,H=+23.744deg EET-mean T=13.50,0,51,1.0456,1.0791
hour_line,H=+23.744deg EET-mean T=13.50,0,52,1.0327,1.0202
hour_line,H=+23.744deg EET-mean T=13.50,0,53,1.0199,0.9620
hour_line,H=+23.744deg EET-mean T=13.50,0,54,1.0072,0.9044
hour_line,H=+23.744deg EET-mean T=13.50,0,55,0.9947,0.8473
hour_line,H=+23.744deg EET-mean T=13.50,0,56,0.9822,0.7907
hour_line,H=+23.744deg EET-mean T=13.50,0,57,0.9723,0.7458
hour_line,H=+27.494deg EET-mean T=13.75,0,0,2.0244,4.1148
hour_line,H=+27.494deg EET-mean T=13.75,0,1,2.0057,4.0429
hour_line,H=+27.494deg EET-mean T=13.75,0,2,1.9875,3.9729
hour_line,H=+27.494deg EET-mean T=13.75,0,3,1.9698,3.9047
hour_line,H=+27.494deg EET-mean T=13.75,0,4,1.9524,3.8382
hour_line,H=+27.494deg EET-mean T=13.75,0,5,1.9355,3.7732
hour_line,H=+27.494deg EET-mean T=13.75,0,6,1.9190,3.7098
hour_line,H=+27.494deg EET-mean T=13.75,0,7,1.9029,3.6479
hour_line,H=+27.494deg EET-mean T=13.75,0,8,1.8872,3.5874
hour_line,H=+27.494deg EET-mean T=13.75,0,9,1.8718,3.5283
hour_line,H=+27.494deg EET-mean T=13.75,0,10,1.8568,3.4705
hour_line,H=+27.494deg EET-mean T=13.75,0,11,1.8420,3.4139
hour_line,H=+27.494deg EET-mean T=13.75,0,12,1.8276,3.3586
hour_line,H=+27.494deg EET-mean T=13.75,0,13,1.8135,3.3044
hour_line,H=+27.494deg EET-mean T=13.75,0,14,1.7997,3.2513
hour_line,H=+27.494deg EET-mean T=13.75,0,15,1.7862,3.1993
hour_line,H=+27.494deg EET-mean T=13.75,0,16,1.7729,3.1484
hour_line,H=+27.494deg EET-mean T=13.75,0,17,1.7599,3.0984
hour_line,H=+27.494deg EET-mean T=13.75,0,18,1.7472,3.0494
hour_line,H=+27.494deg EET-mean T=13.75,0,19,1.7285,2.9776
hour_line,H=+27.494deg EET-mean T=13.75,0,20,1.7103,2.9078
hour_line,H=+27.494deg EET-mean T=13.75,0,21,1.6926,2.8399
hour_line,H=+27.494deg EET-mean T=13.75,0,22,1.6754,2.7737
hour_line,H=+27.494deg EET-mean T=13.75,0,23,1.6586,2.7093
hour_line,H=+27.494deg EET-mean T=13.75,0,24,1.6423,2.6464
hour_line,H=+27.494deg EET-mean T=13.75,0,25,1.6263,2.5850
hour_line,H=+27.494deg EET-mean T=13.75,0,26,1.6107,2.5251
hour_line,H=+27.494deg EET-mean T=13.75,0,27,1.5955,2.4666
hour_line,H=+27.494deg EET-mean T=13.75,0,28,1.5806,2.4093
hour_line,H=+27.494deg EET-mean T=13.75,0,29,1.5660,2.3534
hour_line,H=+27.494deg EET-mean T=13.75,0,30,1.5517,2.2986
hour_line,H=+27.494deg EET-mean T=13.75,0,31,1.5378,2.2449
hour_line,H=+27.494deg EET-mean T=13.75,0,32,1.5241,2.1923
hour_line,H=+27.494deg EET-mean T=13.75,0,33,1.5107,2.1407
hour_line,H=+27.494deg EET-mean T=13.75,0,34,1.4975,2.0901
hour_line,H=+27.494deg EET-mean T=13.75,0,35,1.4846,2.0405
hour_line,H=+27.494deg EET-mean T=13.75,0,36,1.4719,1.9917
hour_line,H=+27.494deg EET-mean T=13.75,0,37,1.4553,1.9281
hour_line,H=+27.494deg EET-mean T=13.75,0,38,1.4391,1.8658
hour_line,H=+27.494deg EET-mean T=13.75,0,39,1.4233,1.8049
hour_line,H=+27.494deg EET-mean T=13.75,0,40,1.4077,1.7452
hour_line,H=+27.494deg EET-mean T=13.75,0,41,1.3925,1.6868
hour_line,H=+27.494deg EET-mean T=13.75,0,42,1.3776,1.6295
hour_line,H=+27.494deg EET-mean T=13.75,0,43,1.3630,1.5732
hour_line,H=+27.494deg EET-mean T=13.75,0,44,1.3486,1.5179
hour_line,H=+27.494deg EET-mean T=13.75,0,45,1.3344,1.4635
hour_line,H=+27.494deg EET-mean T=13.75,0,46,1.3205,1.4100
hour_line,H=+27.494deg EET-mean T=13.75,0,47,1.3068,1.3574
hour_line,H=+27.494deg EET-mean T=13.75,0,48,1.2933,1.3055
hour_line,H=+27.494deg EET-mean T=13.75,0,49,1.2800,1.2543
hour_line,H=+27.494deg EET-mean T=13.75,0,50,1.2668,1.2039
hour_line,H=+27.494deg EET-mean T=13.75,0,51,1.2539,1.1540
hour_line,H=+27.494deg EET-mean T=13.75,0,52,1.2410,1.1048
hour_line,H=+27.494deg EET-mean T=13.75,0,53,1.2284,1.0561
hour_line,H=+27.494deg EET-mean T=13.75,0,54,1.2127,0.9959
hour_line,H=+27.494deg EET-mean T=13.75,0,55,1.1972,0.9365
hour_line,H=+27.494deg EET-mean T=13.75,0,56,1.1820,0.8777
hour_line,H=+27.494deg EET-mean T=13.75,0,57,1.1668,0.8196
hour_line,H=+27.494deg EET-mean T=13.75,0,58,1.1518,0.7620
hour_line,H=+27.494deg EET-mean T=13.75,0,59,1.1399,0.7162
hour_line,H=+31.244deg EET-mean T=14.00,0,0,2.3925,4.2304
hour_line,H=+31.244deg EET-mean T=14.00,0,1,2.3692,4.1537
hour_line,H=+31.244deg EET-mean T=14.00,0,2,2.3465,4.0790
hour_line,H=+31.244deg EET-mean T=14.00,0,3,2.3245,4.0062
hour_line,H=+31.244deg EET-mean T=14.00,0,4,2.3030,3.9353
hour_line,H=+31.244deg EET-mean T=14.00,0,5,2.2820,3.8662
hour_line,H=+31.244deg EET-mean T=14.00,0,6,2.2615,3.7988
hour_line,H=+31.244deg EET-mean T=14.00,0,7,2.2416,3.7330
hour_line,H=+31.244deg EET-mean T=14.00,0,8,2.2221,3.6688
hour_line,H=+31.244deg EET-mean T=14.00,0,9,2.2031,3.6061
hour_line,H=+31.244deg EET-mean T=14.00,0,10,2.1845,3.5448
hour_line,H=+31.244deg EET-mean T=14.00,0,11,2.1663,3.4849
hour_line,H=+31.244deg EET-mean T=14.00,0,12,2.1485,3.4263
hour_line,H=+31.244deg EET-mean T=14.00,0,13,2.1312,3.3690
hour_line,H=+31.244deg EET-mean T=14.00,0,14,2.1141,3.3130
hour_line,H=+31.244deg EET-mean T=14.00,0,15,2.0975,3.2581
hour_line,H=+31.244deg EET-mean T=14.00,0,16,2.0812,3.2043
hour_line,H=+31.244deg EET-mean T=14.00,0,17,2.0652,3.1516
hour_line,H=+31.244deg EET-mean T=14.00,0,18,2.0495,3.1000
hour_line,H=+31.244deg EET-mean T=14.00,0,19,2.0342,3.0494
hour_line,H=+31.244deg EET-mean T=14.00,0,20,2.0191,2.9997
hour_line,H=+31.244deg EET-mean T=14.00,0,21,2.0043,2.9510
hour_line,H=+31.244deg EET-mean T=14.00,0,22,1.9827,2.8796
hour_line,H=+31.244deg EET-mean T=14.00,0,23,1.9616,2.8102
hour_line,H=+31.244deg EET-mean T=14.00,0,24,1.9411,2.7425
hour_line,H=+31.244deg EET-mean T=14.00,0,25,1.9211,2.6766
hour_line,H=+31.244deg EET-mean T=14.00,0,26,1.9016,2.6124
hour_line,H=+31.244deg EET-mean T=14.00,0,27,1.8826,2.5497
hour_line,H=+31.244deg EET-mean T=14.00,0,28,1.8640,2.4885
hour_line,H=+31.244deg EET-mean T=14.00,0,29,1.8459,2.4287
hour_line,H=+31.244deg EET-mean T=14.00,0,30,1.8281,2.3703
hour_line,H=+31.244deg EET-mean T=14.00,0,31,1.8108,2.3131
hour_line,H=+31.244deg EET-mean T=14.00,0,32,1.7938,2.2572
hour_line,H=+31.244deg EET-mean T=14.00,0,33,1.7772,2.2024
hour_line,H=+31.244deg EET-mean T=14.00,0,34,1.7609,2.1487
hour_line,H=+31.244deg EET-mean T=14.00,0,35,1.7450,2.0961
hour_line,H=+31.244deg EET-mean T=14.00,0,36,1.7293,2.0445
hour_line,H=+31.244deg EET-mean T=14.00,0,37,1.7139,1.9939
hour_line,H=+31.244deg EET-mean T=14.00,0,38,1.6989,1.9441
hour_line,H=+31.244deg EET-mean T=14.00,0,39,1.6840,1.8953
hour_line,H=+31.244deg EET-mean T=14.00,0,40,1.6695,1.8473
hour_line,H=+31.244deg EET-mean T=14.00,0,41,1.6504,1.7845
hour_line,H=+31.244deg EET-mean T=14.00,0,42,1.6318,1.7231
hour_line,H=+31.244deg EET-mean T=14.00,0,43,1.6135,1.6629
hour_line,H=+31.244deg EET-mean T=14.00,0,44,1.5957,1.6040
hour_line,H=+31.244deg EET-mean T=14.00,0,45,1.5781,1.5461
hour_line,H=+31.244deg EET-mean T=14.00,0,46,1.5609,1.4893
hour_line,H=+31.244deg EET-mean T=14.00,0,47,1.5439,1.4335
hour_line,H=+31.244deg EET-mean T=14.00,0,48,1.5273,1.3786
hour_line,H=+31.244deg EET-mean T=14.00,0,49,1.5109,1.3246
hour_line,H=+31.244deg EET-mean T=14.00,0,50,1.4948,1.2714
hour_line,H=+31.244deg EET-mean T=14.00,0,51,1.4788,1.2190
hour_line,H=+31.244deg EET-mean T=14.00,0,52,1.4632,1.1673
hour_line,H=+31.244deg EET-mean T=14.00,0,53,1.4477,1.1162
hour_line,H=+31.244deg EET-mean T=14.00,0,54,1.4324,1.0658
hour_line,H=+31.244deg EET-mean T=14.00,0,55,1.4173,1.0160
hour_line,H=+31.244deg EET-mean T=14.00,0,56,1.4023,0.9668
hour_line,H=+31.244deg EET-mean T=14.00,0,57,1.3876,0.9181
hour_line,H=+31.244deg EET-mean T=14.00,0,58,1.3729,0.8698
hour_line,H=+31.244deg EET-mean T=14.00,0,59,1.3548,0.8101
hour_line,H=+31.244deg EET-mean T=14.00,0,60,1.3369,0.7510
hour_line,H=+31.244deg EET-mean T=14.00,0,61,1.3191,0.6924
hour_line,H=+31.244deg EET-mean T=14.00,0,62,1.3156,0.6808
hour_line,H=+34.994deg EET-mean T=14.25,0,0,2.8089,4.3746
hour_line,H=+34.994deg EET-mean T=14.25,0,1,2.7799,4.2916
hour_line,H=+34.994deg EET-mean T=14.25,0,2,2.7516,4.2109
hour_line,H=+34.994deg EET-mean T=14.25,0,3,2.7241,4.1324
hour_line,H=+34.994deg EET-mean T=14.25,0,4,2.6974,4.0560
hour_line,H=+34.994deg EET-mean T=14.25,0,5,2.6713,3.9816
hour_line,H=+34.994deg EET-mean T=14.25,0,6,2.6459,3.9091
hour_line,H=+34.994deg EET-mean T=14.25,0,7,2.6212,3.8384
hour_line,H=+34.994deg EET-mean T=14.25,0,8,2.5971,3.7695
hour_line,H=+34.994deg EET-mean T=14.25,0,9,2.5735,3.7022
hour_line,H=+34.994deg EET-mean T=14.25,0,10,2.5505,3.6366
hour_line,H=+34.994deg EET-mean T=14.25,0,11,2.5281,3.5725
hour_line,H=+34.994deg EET-mean T=14.25,0,12,2.5062,3.5099
hour_line,H=+34.994deg EET-mean T=14.25,0,13,2.4848,3.4487
hour_line,H=+34.994deg EET-mean T=14.25,0,14,2.4638,3.3888
hour_line,H=+34.994deg EET-mean T=14.25,0,15,2.4433,3.3303
hour_line,H=+34.994deg EET-mean T=14.25,0,16,2.4233,3.2730
hour_line,H=+34.994deg EET-mean T=14.25,0,17,2.4036,3.2169
hour_line,H=+34.994deg EET-mean T=14.25,0,18,2.3844,3.1620
hour_line,H=+34.994deg EET-mean T=14.25,0,19,2.3656,3.1082
hour_line,H=+34.994deg EET-mean T=14.25,0,20,2.3471,3.0555
hour_line,H=+34.994deg EET-mean T=14.25,0,21,2.3290,3.0038
hour_line,H=+34.994deg EET-mean T=14.25,0,22,2.3113,2.9531
hour_line,H=+34.994deg EET-mean T=14.25,0,23,2.2939,2.9034
hour_line,H=+34.994deg EET-mean T=14.25,0,24,2.2768,2.8546
hour_line,H=+34.994deg EET-mean T=14.25,0,25,2.2600,2.8067
hour_line,H=+34.994deg EET-mean T=14.25,0,26,2.2354,2.7365
hour_line,H=+34.994deg EET-mean T=14.25,0,27,2.2115,2.6681
hour_line,H=+34.994deg EET-mean T=14.25,0,28,2.1881,2.6014
hour_line,H=+34.994deg EET-mean T=14.25,0,29,2.1654,2.5364
hour_line,H=+34.994deg EET-mean T=14.25,0,30,2.1432,2.4730
hour_line,H=+34.994deg EET-mean T=14.25,0,31,2.1215,2.4111
hour_line,H=+34.994deg EET-mean T=14.25,0,32,2.1003,2.3506
hour_line,H=+34.994deg EET-mean T=14.25,0,33,2.0796,2.2914
hour_line,H=+34.994deg EET-mean T=14.25,0,34,2.0594,2.2336
hour_line,H=+34.994deg EET-mean T=14.25,0,35,2.0396,2.1770
hour_line,H=+34.994deg EET-mean T=14.25,0,36,2.0201,2.1215
hour_line,H=+34.994deg EET-mean T=14.25,0,37,2.0011,2.0672
hour_line,H=+34.994deg EET-mean T=14.25,0,38,1.9825,2.0139
hour_line,H=+34.994deg EET-mean T=14.25,0,39,1.9642,1.9617
hour_line,H=+34.994deg EET-mean T=14.25,0,40,1.9462,1.9104
hour_line,H=+34.994deg EET-mean T=14.25,0,41,1.9286,1.8601
hour_line,H=+34.994deg EET-mean T=14.25,0,42,1.9113,1.8106
hour_line,H=+34.994deg EET-mean T=14.25,0,43,1.8943,1.7620
hour_line,H=+34.994deg EET-mean T=14.25,0,44,1.8775,1.7142
hour_line,H=+34.994deg EET-mean T=14.25,0,45,1.8556,1.6516
hour_line,H=+34.994deg EET-mean T=14.25,0,46,1.8342,1.5904
hour_line,H=+34.994deg EET-mean T=14.25,0,47,1.8132,1.5303
hour_line,H=+34.994deg EET-mean T=14.25,0,48,1.7926,1.4714
hour_line,H=+34.994deg EET-mean T=14.25,0,49,1.7723,1.4136
hour_line,H=+34.994deg EET-mean T=14.25,0,50,1.7524,1.3568
hour_line,H=+34.994deg EET-mean T=14.25,0,51,1.7329,1.3010
hour_line,H=+34.994deg EET-mean T=14.25,0,52,1.7136,1.2460
hour_line,H=+34.994deg EET-mean T=14.25,0,53,1.6947,1.1919
hour_line,H=+34.994deg EET-mean T=14.25,0,54,1.6760,1.1385
hour_line,H=+34.994deg EET-mean T=14.25,0,55,1.6576,1.0860
hour_line,H=+34.994deg EET-mean T=14.25,0,56,1.6394,1.0341
hour_line,H=+34.994deg EET-mean T=14.25,0,57,1.6215,0.9828
hour_line,H=+34.994deg EET-mean T=14.25,0,58,1.6038,0.9322
hour_line,H=+34.994deg EET-mean T=14.25,0,59,1.5862,0.8821
hour_line,H=+34.994deg EET-mean T=14.25,0,60,1.5689,0.8325
hour_line,H=+34.994deg EET-mean T=14.25,0,61,1.5517,0.7835
hour_line,H=+34.994deg EET-mean T=14.25,0,62,1.5347,0.7348
hour_line,H=+34.994deg EET-mean T=14.25,0,63,1.5178,0.6866
hour_line,H=+34.994deg EET-mean T=14.25,0,64,1.5011,0.6388
hour_line,H=+38.744deg EET-mean T=14.50,0,0,3.2900,4.5554
hour_line,H=+38.744deg EET-mean T=14.50,0,1,3.2534,4.4643
hour_line,H=+38.744deg EET-mean T=14.50,0,2,3.2179,4.3758
hour_line,H=+38.744deg EET-mean T=14.50,0,3,3.1835,4.2899
hour_line,H=+38.744deg EET-mean T=14.50,0,4,3.1499,4.2064
hour_line,H=+38.744deg EET-mean T=14.50,0,5,3.1174,4.1252
hour_line,H=+38.744deg EET-mean T=14.50,0,6,3.0857,4.0462
hour_line,H=+38.744deg EET-mean T=14.50,0,7,3.0548,3.9693
hour_line,H=+38.744deg EET-mean T=14.50,0,8,3.0247,3.8944
hour_line,H=+38.744deg EET-mean T=14.50,0,9,2.9954,3.8214
hour_line,H=+38.744deg EET-mean T=14.50,0,10,2.9669,3.7502
hour_line,H=+38.744deg EET-mean T=14.50,0,11,2.9390,3.6808
hour_line,H=+38.744deg EET-mean T=14.50,0,12,2.9119,3.6131
hour_line,H=+38.744deg EET-mean T=14.50,0,13,2.8853,3.5470
hour_line,H=+38.744deg EET-mean T=14.50,0,14,2.8594,3.4824
hour_line,H=+38.744deg EET-mean T=14.50,0,15,2.8341,3.4193
hour_line,H=+38.744deg EET-mean T=14.50,0,16,2.8093,3.3576
hour_line,H=+38.744deg EET-mean T=14.50,0,17,2.7851,3.2973
hour_line,H=+38.744deg EET-mean T=14.50,0,18,2.7614,3.2383
hour_line,H=+38.744deg EET-mean T=14.50,0,19,2.7383,3.1805
hour_line,H=+38.744deg EET-mean T=14.50,0,20,2.7156,3.1240
hour_line,H=+38.744deg EET-mean T=14.50,0,21,2.6934,3.0686
hour_line,H=+38.744deg EET-mean T=14.50,0,22,2.6716,3.0143
hour_line,H=+38.744deg EET-mean T=14.50,0,23,2.6502,2.9611
hour_line,H=+38.744deg EET-mean T=14.50,0,24,2.6293,2.9090
hour_line,H=+38.744deg EET-mean T=14.50,0,25,2.6088,2.8579
hour_line,H=+38.744deg EET-mean T=14.50,0,26,2.5887,2.8077
hour_line,H=+38.744deg EET-mean T=14.50,0,27,2.5689,2.7584
hour_line,H=+38.744deg EET-mean T=14.50,0,28,2.5495,2.7101
hour_line,H=+38.744deg EET-mean T=14.50,0,29,2.5305,2.6626
hour_line,H=+38.744deg EET-mean T=14.50,0,30,2.5117,2.6160
hour_line,H=+38.744deg EET-mean T=14.50,0,31,2.4843,2.5475
hour_line,H=+38.744deg EET-mean T=14.50,0,32,2.4575,2.4807
hour_line,H=+38.744deg EET-mean T=14.50,0,33,2.4314,2.4156
hour_line,H=+38.744deg EET-mean T=14.50,0,34,2.4059,2.3521
hour_line,H=+38.744deg EET-mean T=14.50,0,35,2.3809,2.2900
hour_line,H=+38.744deg EET-mean T=14.50,0,36,2.3566,2.2294
hour_line,H=+38.744deg EET-mean T=14.50,0,37,2.3328,2.1700
hour_line,H=+38.744deg EET-mean T=14.50,0,38,2.3095,2.1120
hour_line,H=+38.744deg EET-mean T=14.50,0,39,2.2867,2.0552
hour_line,H=+38.744deg EET-mean T=14.50,0,40,2.2644,1.9995
hour_line,H=+38.744deg EET-mean T=14.50,0,41,2.2425,1.9449
hour_line,H=+38.744deg EET-mean T=14.50,0,42,2.2210,1.8914
hour_line,H=+38.744deg EET-mean T=14.50,0,43,2.1999,1.8389
hour_line,H=+38.744deg EET-mean T=14.50,0,44,2.1792,1.7874
hour_line,H=+38.744deg EET-mean T=14.50,0,45,2.1589,1.7368
hour_line,H=+38.744deg EET-mean T=14.50,0,46,2.1390,1.6870
hour_line,H=+38.744deg EET-mean T=14.50,0,47,2.1193,1.6381
hour_line,H=+38.744deg EET-mean T=14.50,0,48,2.1000,1.5900
hour_line,H=+38.744deg EET-mean T=14.50,0,49,2.0810,1.5426
hour_line,H=+38.744deg EET-mean T=14.50,0,50,2.0623,1.4960
hour_line,H=+38.744deg EET-mean T=14.50,0,51,2.0378,1.4350
hour_line,H=+38.744deg EET-mean T=14.50,0,52,2.0138,1.3750
hour_line,H=+38.744deg EET-mean T=14.50,0,53,1.9902,1.3162
hour_line,H=+38.744deg EET-mean T=14.50,0,54,1.9670,1.2585
hour_line,H=+38.744deg EET-mean T=14.50,0,55,1.9442,1.2017
hour_line,H=+38.744deg EET-mean T=14.50,0,56,1.9218,1.1458
hour_line,H=+38.744deg EET-mean T=14.50,0,57,1.8997,1.0907
hour_line,H=+38.744deg EET-mean T=14.50,0,58,1.8779,1.0365
hour_line,H=+38.744deg EET-mean T=14.50,0,59,1.8565,0.9831
hour_line,H=+38.744deg EET-mean T=14.50,0,60,1.8353,0.9303
hour_line,H=+38.744deg EET-mean T=14.50,0,61,1.8144,0.8782
hour_line,H=+38.744deg EET-mean T=14.50,0,62,1.7938,0.8267
hour_line,H=+38.744deg EET-mean T=14.50,0,63,1.7733,0.7758
hour_line,H=+38.744deg EET-mean T=14.50,0,64,1.7531,0.7254
hour_line,H=+38.744deg EET-mean T=14.50,0,65,1.7331,0.6756
hour_line,H=+38.744deg EET-mean T=14.50,0,66,1.7133,0.6262
hour_line,H=+38.744deg EET-mean T=14.50,0,67,1.6985,0.5894
hour_line,H=+42.494deg EET-mean T=14.75,0,0,3.8591,4.7846
hour_line,H=+42.494deg EET-mean T=14.75,0,1,3.8356,4.7333
hour_line,H=+42.494deg EET-mean T=14.75,0,2,3.8125,4.6828
hour_line,H=+42.494deg EET-mean T=14.75,0,3,3.7897,4.6331
hour_line,H=+42.494deg EET-mean T=14.75,0,4,3.7673,4.5842
hour_line,H=+42.494deg EET-mean T=14.75,0,5,3.7453,4.5360
hour_line,H=+42.494deg EET-mean T=14.75,0,6,3.7235,4.4886
hour_line,H=+42.494deg EET-mean T=14.75,0,7,3.7021,4.4419
hour_line,H=+42.494deg EET-mean T=14.75,0,8,3.6810,4.3958
hour_line,H=+42.494deg EET-mean T=14.75,0,9,3.6398,4.3058
hour_line,H=+42.494deg EET-mean T=14.75,0,10,3.5997,4.2183
hour_line,H=+42.494deg EET-mean T=14.75,0,11,3.5608,4.1334
hour_line,H=+42.494deg EET-mean T=14.75,0,12,3.5229,4.0507
hour_line,H=+42.494deg EET-mean T=14.75,0,13,3.4861,3.9703
hour_line,H=+42.494deg EET-mean T=14.75,0,14,3.4502,3.8920
hour_line,H=+42.494deg EET-mean T=14.75,0,15,3.4153,3.8158
hour_line,H=+42.494deg EET-mean T=14.75,0,16,3.3813,3.7416
hour_line,H=+42.494deg EET-mean T=14.75,0,17,3.3481,3.6691
hour_line,H=+42.494deg EET-mean T=14.75,0,18,3.3158,3.5985
hour_line,H=+42.494deg EET-mean T=14.75,0,19,3.2842,3.5296
hour_line,H=+42.494deg EET-mean T=14.75,0,20,3.2534,3.4623
hour_line,H=+42.494deg EET-mean T=14.75,0,21,3.2233,3.3966
hour_line,H=+42.494deg EET-mean T=14.75,0,22,3.1939,3.3325
hour_line,H=+42.494deg EET-mean T=14.75,0,23,3.1651,3.2697
hour_line,H=+42.494deg EET-mean T=14.75,0,24,3.1370,3.2084
hour_line,H=+42.494deg EET-mean T=14.75,0,25,3.1095,3.1483
hour_line,H=+42.494deg EET-mean T=14.75,0,26,3.0826,3.0896
hour_line,H=+42.494deg EET-mean T=14.75,0,27,3.0562,3.0321
hour_line,H=+42.494deg EET-mean T=14.75,0,28,3.0304,2.9758
hour_line,H=+42.494deg EET-mean T=14.75,0,29,3.0052,2.9206
hour_line,H=+42.494deg EET-mean T=14.75,0,30,2.9804,2.8665
hour_line,H=+42.494deg EET-mean T=14.75,0,31,2.9561,2.8135
hour_line,H=+42.494deg EET-mean T=14.75,0,32,2.9323,2.7615
hour_line,H=+42.494deg EET-mean T=14.75,0,33,2.9089,2.7105
hour_line,H=+42.494deg EET-mean T=14.75,0,34,2.8859,2.6604
hour_line,H=+42.494deg EET-mean T=14.75,0,35,2.8634,2.6112
hour_line,H=+42.494deg EET-mean T=14.75,0,36,2.8413,2.5629
hour_line,H=+42.494deg EET-mean T=14.75,0,37,2.8196,2.5155
hour_line,H=+42.494deg EET-mean T=14.75,0,38,2.7982,2.4689
hour_line,H=+42.494deg EET-mean T=14.75,0,39,2.7772,2.4231
hour_line,H=+42.494deg EET-mean T=14.75,0,40,2.7464,2.3558
hour_line,H=+42.494deg EET-mean T=14.75,0,41,2.7163,2.2902
hour_line,H=+42.494deg EET-mean T=14.75,0,42,2.6870,2.2261
hour_line,H=+42.494deg EET-mean T=14.75,0,43,2.6583,2.1635
hour_line,H=+42.494deg EET-mean T=14.75,0,44,2.6302,2.1023
hour_line,H=+42.494deg EET-mean T=14.75,0,45,2.6028,2.0424
hour_line,H=+42.494deg EET-mean T=14.75,0,46,2.5760,1.9838
hour_line,H=+42.494deg EET-mean T=14.75,0,47,2.5497,1.9265
hour_line,H=+42.494deg EET-mean T=14.75,0,48,2.5240,1.8703
hour_line,H=+42.494deg EET-mean T=14.75,0,49,2.4987,1.8152
hour_line,H=+42.494deg EET-mean T=14.75,0,50,2.4740,1.7611
hour_line,H=+42.494deg EET-mean T=14.75,0,51,2.4497,1.7081
hour_line,H=+42.494deg EET-mean T=14.75,0,52,2.4258,1.6561
hour_line,H=+42.494deg EET-mean T=14.75,0,53,2.4024,1.6049
hour_line,H=+42.494deg EET-mean T=14.75,0,54,2.3794,1.5547
hour_line,H=+42.494deg EET-mean T=14.75,0,55,2.3567,1.5052
hour_line,H=+42.494deg EET-mean T=14.75,0,56,2.3344,1.4566
hour_line,H=+42.494deg EET-mean T=14.75,0,57,2.3125,1.4088
hour_line,H=+42.494deg EET-mean T=14.75,0,58,2.2909,1.3616
hour_line,H=+42.494deg EET-mean T=14.75,0,59,2.2697,1.3152
hour_line,H=+42.494deg EET-mean T=14.75,0,60,2.2487,1.2695
hour_line,H=+42.494deg EET-mean T=14.75,0,61,2.2212,1.2094
hour_line,H=+42.494deg EET-mean T=14.75,0,62,2.1942,1.1505
hour_line,H=+42.494deg EET-mean T=14.75,0,63,2.1676,1.0926
hour_line,H=+42.494deg EET-mean T=14.75,0,64,2.1415,1.0356
hour_line,H=+42.494deg EET-mean T=14.75,0,65,2.1158,0.9794
hour_line,H=+42.494deg EET-mean T=14.75,0,66,2.0905,0.9242
hour_line,H=+42.494deg EET-mean T=14.75,0,67,2.0655,0.8697
hour_line,H=+42.494deg EET-mean T=14.75,0,68,2.0409,0.8159
hour_line,H=+42.494deg EET-mean T=14.75,0,69,2.0166,0.7628
hour_line,H=+42.494deg EET-mean T=14.75,0,70,1.9926,0.7104
hour_line,H=+42.494deg EET-mean T=14.75,0,71,1.9688,0.6586
hour_line,H=+42.494deg EET-mean T=14.75,0,72,1.9453,0.6073
hour_line,H=+42.494deg EET-mean T=14.75,0,73,1.9221,0.5565
hour_line,H=+42.494deg EET-mean T=14.75,0,74,1.9105,0.5313
hour_line,H=+46.244deg EET-mean T=15.00,0,0,4.3310,4.6577
hour_line,H=+46.244deg EET-mean T=15.00,0,1,4.2939,4.5867
hour_line,H=+46.244deg EET-mean T=15.00,0,2,4.2676,4.5362
hour_line,H=+46.244deg EET-mean T=15.00,0,3,4.2416,4.4865
hour_line,H=+46.244deg EET-mean T=15.00,0,4,4.2161,4.4375
hour_line,H=+46.244deg EET-mean T=15.00,0,5,4.1909,4.3893
hour_line,H=+46.244deg EET-mean T=15.00,0,6,4.1661,4.3419
hour_line,H=+46.244deg EET-mean T=15.00,0,7,4.1417,4.2951
hour_line,H=+46.244deg EET-mean T=15.00,0,8,4.1176,4.2490
hour_line,H=+46.244deg EET-mean T=15.00,0,9,4.0939,4.2036
hour_line,H=+46.244deg EET-mean T=15.00,0,10,4.0705,4.1589
hour_line,H=+46.244deg EET-mean T=15.00,0,11,4.0248,4.0713
hour_line,H=+46.244deg EET-mean T=15.00,0,12,3.9803,3.9862
hour_line,H=+46.244deg EET-mean T=15.00,0,13,3.9371,3.9034
hour_line,H=+46.244deg EET-mean T=15.00,0,14,3.8950,3.8229
hour_line,H=+46.244deg EET-mean T=15.00,0,15,3.8541,3.7444
hour_line,H=+46.244deg EET-mean T=15.00,0,16,3.8141,3.6680
hour_line,H=+46.244deg EET-mean T=15.00,0,17,3.7753,3.5936
hour_line,H=+46.244deg EET-mean T=15.00,0,18,3.7373,3.5209
hour_line,H=+46.244deg EET-mean T=15.00,0,19,3.7003,3.4501
hour_line,H=+46.244deg EET-mean T=15.00,0,20,3.6642,3.3810
hour_line,H=+46.244deg EET-mean T=15.00,0,21,3.6290,3.3135
hour_line,H=+46.244deg EET-mean T=15.00,0,22,3.5945,3.2475
hour_line,H=+46.244deg EET-mean T=15.00,0,23,3.5609,3.1831
hour_line,H=+46.244deg EET-mean T=15.00,0,24,3.5280,3.1201
hour_line,H=+46.244deg EET-mean T=15.00,0,25,3.4958,3.0585
hour_line,H=+46.244deg EET-mean T=15.00,0,26,3.4643,2.9982
hour_line,H=+46.244deg EET-mean T=15.00,0,27,3.4335,2.9392
hour_line,H=+46.244deg EET-mean T=15.00,0,28,3.4033,2.8815
hour_line,H=+46.244deg EET-mean T=15.00,0,29,3.3738,2.8249
hour_line,H=+46.244deg EET-mean T=15.00,0,30,3.3448,2.7694
hour_line,H=+46.244deg EET-mean T=15.00,0,31,3.3164,2.7151
hour_line,H=+46.244deg EET-mean T=15.00,0,32,3.2886,2.6618
hour_line,H=+46.244deg EET-mean T=15.00,0,33,3.2613,2.6095
hour_line,H=+46.244deg EET-mean T=15.00,0,34,3.2345,2.5582
hour_line,H=+46.244deg EET-mean T=15.00,0,35,3.2082,2.5078
hour_line,H=+46.244deg EET-mean T=15.00,0,36,3.1824,2.4584
hour_line,H=+46.244deg EET-mean T=15.00,0,37,3.1570,2.4098
hour_line,H=+46.244deg EET-mean T=15.00,0,38,3.1321,2.3621
hour_line,H=+46.244deg EET-mean T=15.00,0,39,3.1076,2.3152
hour_line,H=+46.244deg EET-mean T=15.00,0,40,3.0835,2.2691
hour_line,H=+46.244deg EET-mean T=15.00,0,41,3.0598,2.2238
hour_line,H=+46.244deg EET-mean T=15.00,0,42,3.0365,2.1792
hour_line,H=+46.244deg EET-mean T=15.00,0,43,3.0023,2.1136
hour_line,H=+46.244deg EET-mean T=15.00,0,44,2.9689,2.0496
hour_line,H=+46.244deg EET-mean T=15.00,0,45,2.9362,1.9870
hour_line,H=+46.244deg EET-mean T=15.00,0,46,2.9042,1.9258
hour_line,H=+46.244deg EET-mean T=15.00,0,47,2.8730,1.8660
hour_line,H=+46.244deg EET-mean T=15.00,0,48,2.8424,1.8074
hour_line,H=+46.244deg EET-mean T=15.00,0,49,2.8124,1.7500
hour_line,H=+46.244deg EET-mean T=15.00,0,50,2.7830,1.6937
hour_line,H=+46.244deg EET-mean T=15.00,0,51,2.7542,1.6385
hour_line,H=+46.244deg EET-mean T=15.00,0,52,2.7259,1.5844
hour_line,H=+46.244deg EET-mean T=15.00,0,53,2.6982,1.5313
hour_line,H=+46.244deg EET-mean T=15.00,0,54,2.6709,1.4791
hour_line,H=+46.244deg EET-mean T=15.00,0,55,2.6441,1.4278
hour_line,H=+46.244deg EET-mean T=15.00,0,56,2.6178,1.3774
hour_line,H=+46.244deg EET-mean T=15.00,0,57,2.5919,1.3278
hour_line,H=+46.244deg EET-mean T=15.00,0,58,2.5664,1.2790
hour_line,H=+46.244deg EET-mean T=15.00,0,59,2.5413,1.2310
hour_line,H=+46.244deg EET-mean T=15.00,0,60,2.5166,1.1837
hour_line,H=+46.244deg EET-mean T=15.00,0,61,2.4922,1.1370
hour_line,H=+46.244deg EET-mean T=15.00,0,62,2.4682,1.0911
hour_line,H=+46.244deg EET-mean T=15.00,0,63,2.4445,1.0457
hour_line,H=+46.244deg EET-mean T=15.00,0,64,2.4212,1.0010
hour_line,H=+46.244deg EET-mean T=15.00,0,65,2.3905,0.9422
hour_line,H=+46.244deg EET-mean T=15.00,0,66,2.3603,0.8844
hour_line,H=+46.244deg EET-mean T=15.00,0,67,2.3306,0.8275
hour_line,H=+46.244deg EET-mean T=15.00,0,68,2.3013,0.7714
hour_line,H=+46.244deg EET-mean T=15.00,0,69,2.2724,0.7162
hour_line,H=+46.244deg EET-mean T=15.00,0,70,2.2440,0.6617
hour_line,H=+46.244deg EET-mean T=15.00,0,71,2.2159,0.6078
hour_line,H=+46.244deg EET-mean T=15.00,0,72,2.1881,0.5547
hour_line,H=+46.244deg EET-mean T=15.00,0,73,2.1606,0.5021
hour_line,H=+46.244deg EET-mean T=15.00,0,74,2.1402,0.4631
hour_line,H=+49.994deg EET-mean T=15.25,0,0,4.7107,4.2746
hour_line,H=+49.994deg EET-mean T=15.25,0,1,4.6694,4.2052
hour_line,H=+49.994deg EET-mean T=15.25,0,2,4.6411,4.1578
hour_line,H=+49.994deg EET-mean T=15.25,0,3,4.6133,4.1111
hour_line,H=+49.994deg EET-mean T=15.25,0,4,4.5858,4.0650
hour_line,H=+49.994deg EET-mean T=15.25,0,5,4.5588,4.0196
hour_line,H=+49.994deg EET-mean T=15.25,0,6,4.5321,3.9749
hour_line,H=+49.994deg EET-mean T=15.25,0,7,4.5059,3.9308
hour_line,H=+49.994deg EET-mean T=15.25,0,8,4.4800,3.8874
hour_line,H=+49.994deg EET-mean T=15.25,0,9,4.4292,3.8022
hour_line,H=+49.994deg EET-mean T=15.25,0,10,4.3799,3.7194
hour_line,H=+49.994deg EET-mean T=15.25,0,11,4.3319,3.6388
hour_line,H=+49.994deg EET-mean T=15.25,0,12,4.2851,3.5603
hour_line,H=+49.994deg EET-mean T=15.25,0,13,4.2395,3.4838
hour_line,H=+49.994deg EET-mean T=15.25,0,14,4.1951,3.4093
hour_line,H=+49.994deg EET-mean T=15.25,0,15,4.1518,3.3366
hour_line,H=+49.994deg EET-mean T=15.25,0,16,4.1095,3.2657
hour_line,H=+49.994deg EET-mean T=15.25,0,17,4.0683,3.1964
hour_line,H=+49.994deg EET-mean T=15.25,0,18,4.0280,3.1288
hour_line,H=+49.994deg EET-mean T=15.25,0,19,3.9886,3.0627
hour_line,H=+49.994deg EET-mean T=15.25,0,20,3.9501,2.9982
hour_line,H=+49.994deg EET-mean T=15.25,0,21,3.9125,2.9350
hour_line,H=+49.994deg EET-mean T=15.25,0,22,3.8757,2.8733
hour_line,H=+49.994deg EET-mean T=15.25,0,23,3.8397,2.8129
hour_line,H=+49.994deg EET-mean T=15.25,0,24,3.8045,2.7537
hour_line,H=+49.994deg EET-mean T=15.25,0,25,3.7700,2.6958
hour_line,H=+49.994deg EET-mean T=15.25,0,26,3.7361,2.6390
hour_line,H=+49.994deg EET-mean T=15.25,0,27,3.7030,2.5834
hour_line,H=+49.994deg EET-mean T=15.25,0,28,3.6705,2.5289
hour_line,H=+49.994deg EET-mean T=15.25,0,29,3.6386,2.4754
hour_line,H=+49.994deg EET-mean T=15.25,0,30,3.6074,2.4229
hour_line,H=+49.994deg EET-mean T=15.25,0,31,3.5767,2.3715
hour_line,H=+49.994deg EET-mean T=15.25,0,32,3.5466,2.3209
hour_line,H=+49.994deg EET-mean T=15.25,0,33,3.5170,2.2713
hour_line,H=+49.994deg EET-mean T=15.25,0,34,3.4880,2.2225
hour_line,H=+49.994deg EET-mean T=15.25,0,35,3.4594,2.1746
hour_line,H=+49.994deg EET-mean T=15.25,0,36,3.4314,2.1275
hour_line,H=+49.994deg EET-mean T=15.25,0,37,3.4038,2.0813
hour_line,H=+49.994deg EET-mean T=15.25,0,38,3.3767,2.0357
hour_line,H=+49.994deg EET-mean T=15.25,0,39,3.3500,1.9909
hour_line,H=+49.994deg EET-mean T=15.25,0,40,3.3237,1.9469
hour_line,H=+49.994deg EET-mean T=15.25,0,41,3.2978,1.9035
hour_line,H=+49.994deg EET-mean T=15.25,0,42,3.2598,1.8396
hour_line,H=+49.994deg EET-mean T=15.25,0,43,3.2226,1.7772
hour_line,H=+49.994deg EET-mean T=15.25,0,44,3.1863,1.7162
hour_line,H=+49.994deg EET-mean T=15.25,0,45,3.1507,1.6564
hour_line,H=+49.994deg EET-mean T=15.25,0,46,3.1158,1.5979
hour_line,H=+49.994deg EET-mean T=15.25,0,47,3.0816,1.5406
hour_line,H=+49.994deg EET-mean T=15.25,0,48,3.0481,1.4844
hour_line,H=+49.994deg EET-mean T=15.25,0,49,3.0153,1.4293
hour_line,H=+49.994deg EET-mean T=15.25,0,50,2.9831,1.3751
hour_line,H=+49.994deg EET-mean T=15.25,0,51,2.9514,1.3220
hour_line,H=+49.994deg EET-mean T=15.25,0,52,2.9203,1.2698
hour_line,H=+49.994deg EET-mean T=15.25,0,53,2.8897,1.2185
hour_line,H=+49.994deg EET-mean T=15.25,0,54,2.8597,1.1681
hour_line,H=+49.994deg EET-mean T=15.25,0,55,2.8301,1.1184
hour_line,H=+49.994deg EET-mean T=15.25,0,56,2.8010,1.0696
hour_line,H=+49.994deg EET-mean T=15.25,0,57,2.7723,1.0214
hour_line,H=+49.994deg EET-mean T=15.25,0,58,2.7440,0.9740
hour_line,H=+49.994deg EET-mean T=15.25,0,59,2.7162,0.9273
hour_line,H=+49.994deg EET-mean T=15.25,0,60,2.6887,0.8812
hour_line,H=+49.994deg EET-mean T=15.25,0,61,2.6617,0.8358
hour_line,H=+49.994deg EET-mean T=15.25,0,62,2.6349,0.7909
hour_line,H=+49.994deg EET-mean T=15.25,0,63,2.6085,0.7466
hour_line,H=+49.994deg EET-mean T=15.25,0,64,2.5824,0.7028
hour_line,H=+49.994deg EET-mean T=15.25,0,65,2.5567,0.6596
hour_line,H=+49.994deg EET-mean T=15.25,0,66,2.5228,0.6027
hour_line,H=+49.994deg EET-mean T=15.25,0,67,2.4893,0.5466
hour_line,H=+49.994deg EET-mean T=15.25,0,68,2.4564,0.4913
hour_line,H=+49.994deg EET-mean T=15.25,0,69,2.4238,0.4367
hour_line,H=+49.994deg EET-mean T=15.25,0,70,2.3917,0.3827
hour_line,H=+53.744deg EET-mean T=15.50,0,0,5.0829,3.8261
hour_line,H=+53.744deg EET-mean T=15.50,0,1,5.0295,3.7479
hour_line,H=+53.744deg EET-mean T=15.50,0,2,4.9995,3.7039
hour_line,H=+53.744deg EET-mean T=15.50,0,3,4.9699,3.6605
hour_line,H=+53.744deg EET-mean T=15.50,0,4,4.9407,3.6177
hour_line,H=+53.744deg EET-mean T=15.50,0,5,4.9119,3.5755
hour_line,H=+53.744deg EET-mean T=15.50,0,6,4.8835,3.5338
hour_line,H=+53.744deg EET-mean T=15.50,0,7,4.8279,3.4522
hour_line,H=+53.744deg EET-mean T=15.50,0,8,4.7737,3.3728
hour_line,H=+53.744deg EET-mean T=15.50,0,9,4.7209,3.2953
hour_line,H=+53.744deg EET-mean T=15.50,0,10,4.6695,3.2199
hour_line,H=+53.744deg EET-mean T=15.50,0,11,4.6193,3.1463
hour_line,H=+53.744deg EET-mean T=15.50,0,12,4.5704,3.0746
hour_line,H=+53.744deg EET-mean T=15.50,0,13,4.5226,3.0045
hour_line,H=+53.744deg EET-mean T=15.50,0,14,4.4760,2.9361
hour_line,H=+53.744deg EET-mean T=15.50,0,15,4.4304,2.8693
hour_line,H=+53.744deg EET-mean T=15.50,0,16,4.3859,2.8040
hour_line,H=+53.744deg EET-mean T=15.50,0,17,4.3423,2.7401
hour_line,H=+53.744deg EET-mean T=15.50,0,18,4.2998,2.6777
hour_line,H=+53.744deg EET-mean T=15.50,0,19,4.2581,2.6166
hour_line,H=+53.744deg EET-mean T=15.50,0,20,4.2173,2.5568
hour_line,H=+53.744deg EET-mean T=15.50,0,21,4.1774,2.4982
hour_line,H=+53.744deg EET-mean T=15.50,0,22,4.1383,2.4409
hour_line,H=+53.744deg EET-mean T=15.50,0,23,4.0999,2.3847
hour_line,H=+53.744deg EET-mean T=15.50,0,24,4.0624,2.3296
hour_line,H=+53.744deg EET-mean T=15.50,0,25,4.0255,2.2755
hour_line,H=+53.744deg EET-mean T=15.50,0,26,3.9894,2.2225
hour_line,H=+53.744deg EET-mean T=15.50,0,27,3.9539,2.1705
hour_line,H=+53.744deg EET-mean T=15.50,0,28,3.9191,2.1194
hour_line,H=+53.744deg EET-mean T=15.50,0,29,3.8849,2.0693
hour_line,H=+53.744deg EET-mean T=15.50,0,30,3.8513,2.0201
hour_line,H=+53.744deg EET-mean T=15.50,0,31,3.8183,1.9717
hour_line,H=+53.744deg EET-mean T=15.50,0,32,3.7859,1.9241
hour_line,H=+53.744deg EET-mean T=15.50,0,33,3.7540,1.8774
hour_line,H=+53.744deg EET-mean T=15.50,0,34,3.7227,1.8314
hour_line,H=+53.744deg EET-mean T=15.50,0,35,3.6919,1.7862
hour_line,H=+53.744deg EET-mean T=15.50,0,36,3.6615,1.7417
hour_line,H=+53.744deg EET-mean T=15.50,0,37,3.6316,1.6979
hour_line,H=+53.744deg EET-mean T=15.50,0,38,3.6022,1.6547
hour_line,H=+53.744deg EET-mean T=15.50,0,39,3.5733,1.6123
hour_line,H=+53.744deg EET-mean T=15.50,0,40,3.5447,1.5704
hour_line,H=+53.744deg EET-mean T=15.50,0,41,3.5027,1.5088
hour_line,H=+53.744deg EET-mean T=15.50,0,42,3.4616,1.4485
hour_line,H=+53.744deg EET-mean T=15.50,0,43,3.4214,1.3895
hour_line,H=+53.744deg EET-mean T=15.50,0,44,3.3819,1.3317
hour_line,H=+53.744deg EET-mean T=15.50,0,45,3.3433,1.2750
hour_line,H=+53.744deg EET-mean T=15.50,0,46,3.3053,1.2193
hour_line,H=+53.744deg EET-mean T=15.50,0,47,3.2681,1.1648
hour_line,H=+53.744deg EET-mean T=15.50,0,48,3.2316,1.1112
hour_line,H=+53.744deg EET-mean T=15.50,0,49,3.1957,1.0585
hour_line,H=+53.744deg EET-mean T=15.50,0,50,3.1604,1.0068
hour_line,H=+53.744deg EET-mean T=15.50,0,51,3.1257,0.9559
hour_line,H=+53.744deg EET-mean T=15.50,0,52,3.0916,0.9059
hour_line,H=+53.744deg EET-mean T=15.50,0,53,3.0580,0.8566
hour_line,H=+53.744deg EET-mean T=15.50,0,54,3.0249,0.8081
hour_line,H=+53.744deg EET-mean T=15.50,0,55,2.9923,0.7603
hour_line,H=+53.744deg EET-mean T=15.50,0,56,2.9602,0.7132
hour_line,H=+53.744deg EET-mean T=15.50,0,57,2.9286,0.6668
hour_line,H=+53.744deg EET-mean T=15.50,0,58,2.8973,0.6210
hour_line,H=+53.744deg EET-mean T=15.50,0,59,2.8665,0.5758
hour_line,H=+53.744deg EET-mean T=15.50,0,60,2.8360,0.5311
hour_line,H=+53.744deg EET-mean T=15.50,0,61,2.8060,0.4870
hour_line,H=+53.744deg EET-mean T=15.50,0,62,2.7763,0.4434
hour_line,H=+53.744deg EET-mean T=15.50,0,63,2.7469,0.4004
hour_line,H=+53.744deg EET-mean T=15.50,0,64,2.7178,0.3578
hour_line,H=+53.744deg EET-mean T=15.50,0,65,2.6891,0.3156
hour_line,H=+53.744deg EET-mean T=15.50,0,66,2.6701,0.2877
hour_line,H=+57.494deg EET-mean T=15.75,0,0,5.4378,3.3038
hour_line,H=+57.494deg EET-mean T=15.75,0,1,5.4006,3.2564
hour_line,H=+57.494deg EET-mean T=15.75,0,2,5.3685,3.2154
hour_line,H=+57.494deg EET-mean T=15.75,0,3,5.3367,3.1750
hour_line,H=+57.494deg EET-mean T=15.75,0,4,5.3055,3.1351
hour_line,H=+57.494deg EET-mean T=15.75,0,5,5.2746,3.0958
hour_line,H=+57.494deg EET-mean T=15.75,0,6,5.2140,3.0186
hour_line,H=+57.494deg EET-mean T=15.75,0,7,5.1550,2.9434
hour_line,H=+57.494deg EET-mean T=15.75,0,8,5.0974,2.8701
hour_line,H=+57.494deg EET-mean T=15.75,0,9,5.0413,2.7985
hour_line,H=+57.494deg EET-mean T=15.75,0,10,4.9865,2.7287
hour_line,H=+57.494deg EET-mean T=15.75,0,11,4.9329,2.6605
hour_line,H=+57.494deg EET-mean T=15.75,0,12,4.8807,2.5939
hour_line,H=+57.494deg EET-mean T=15.75,0,13,4.8296,2.5288
hour_line,H=+57.494deg EET-mean T=15.75,0,14,4.7796,2.4651
hour_line,H=+57.494deg EET-mean T=15.75,0,15,4.7308,2.4029
hour_line,H=+57.494deg EET-mean T=15.75,0,16,4.6830,2.3419
hour_line,H=+57.494deg EET-mean T=15.75,0,17,4.6362,2.2823
hour_line,H=+57.494deg EET-mean T=15.75,0,18,4.5903,2.2239
hour_line,H=+57.494deg EET-mean T=15.75,0,19,4.5454,2.1667
hour_line,H=+57.494deg EET-mean T=15.75,0,20,4.5015,2.1107
hour_line,H=+57.494deg EET-mean T=15.75,0,21,4.4583,2.0557
hour_line,H=+57.494deg EET-mean T=15.75,0,22,4.4161,2.0019
hour_line,H=+57.494deg EET-mean T=15.75,0,23,4.3746,1.9490
hour_line,H=+57.494deg EET-mean T=15.75,0,24,4.3339,1.8971
hour_line,H=+57.494deg EET-mean T=15.75,0,25,4.2939,1.8462
hour_line,H=+57.494deg EET-mean T=15.75,0,26,4.2547,1.7962
hour_line,H=+57.494deg EET-mean T=15.75,0,27,4.2161,1.7471
hour_line,H=+57.494deg EET-mean T=15.75,0,28,4.1783,1.6989
hour_line,H=+57.494deg EET-mean T=15.75,0,29,4.1411,1.6515
hour_line,H=+57.494deg EET-mean T=15.75,0,30,4.1045,1.6048
hour_line,H=+57.494deg EET-mean T=15.75,0,31,4.0685,1.5590
hour_line,H=+57.494deg EET-mean T=15.75,0,32,4.0331,1.5139
hour_line,H=+57.494deg EET-mean T=15.75,0,33,3.9983,1.4695
hour_line,H=+57.494deg EET-mean T=15.75,0,34,3.9640,1.4258
hour_line,H=+57.494deg EET-mean T=15.75,0,35,3.9303,1.3828
hour_line,H=+57.494deg EET-mean T=15.75,0,36,3.8970,1.3405
hour_line,H=+57.494deg EET-mean T=15.75,0,37,3.8643,1.2988
hour_line,H=+57.494deg EET-mean T=15.75,0,38,3.8320,1.2577
hour_line,H=+57.494deg EET-mean T=15.75,0,39,3.8002,1.2171
hour_line,H=+57.494deg EET-mean T=15.75,0,40,3.7689,1.1772
hour_line,H=+57.494deg EET-mean T=15.75,0,41,3.7380,1.1378
hour_line,H=+57.494deg EET-mean T=15.75,0,42,3.6924,1.0797
hour_line,H=+57.494deg EET-mean T=15.75,0,43,3.6477,1.0228
hour_line,H=+57.494deg EET-mean T=15.75,0,44,3.6039,0.9670
hour_line,H=+57.494deg EET-mean T=15.75,0,45,3.5609,0.9122
hour_line,H=+57.494deg EET-mean T=15.75,0,46,3.5187,0.8585
hour_line,H=+57.494deg EET-mean T=15.75,0,47,3.4773,0.8056
hour_line,H=+57.494deg EET-mean T=15.75,0,48,3.4365,0.7538
hour_line,H=+57.494deg EET-mean T=15.75,0,49,3.3965,0.7027
hour_line,H=+57.494deg EET-mean T=15.75,0,50,3.3571,0.6525
hour_line,H=+57.494deg EET-mean T=15.75,0,51,3.3184,0.6032
hour_line,H=+57.494deg EET-mean T=15.75,0,52,3.2802,0.5545
hour_line,H=+57.494deg EET-mean T=15.75,0,53,3.2426,0.5066
hour_line,H=+57.494deg EET-mean T=15.75,0,54,3.2056,0.4594
hour_line,H=+57.494deg EET-mean T=15.75,0,55,3.1690,0.4129
hour_line,H=+57.494deg EET-mean T=15.75,0,56,3.1330,0.3670
hour_line,H=+57.494deg EET-mean T=15.75,0,57,3.0975,0.3217
hour_line,H=+57.494deg EET-mean T=15.75,0,58,3.0624,0.2770
hour_line,H=+57.494deg EET-mean T=15.75,0,59,3.0277,0.2328
hour_line,H=+57.494deg EET-mean T=15.75,0,60,2.9935,0.1892
hour_line,H=+57.494deg EET-mean T=15.75,0,61,2.9821,0.1747
hour_line,H=+61.244deg EET-mean T=16.00,0,0,5.7622,2.7005
hour_line,H=+61.244deg EET-mean T=16.00,0,1,5.7104,2.6436
hour_line,H=+61.244deg EET-mean T=16.00,0,2,5.6766,2.6065
hour_line,H=+61.244deg EET-mean T=16.00,0,3,5.6102,2.5337
hour_line,H=+61.244deg EET-mean T=16.00,0,4,5.5455,2.4627
hour_line,H=+61.244deg EET-mean T=16.00,0,5,5.4823,2.3934
hour_line,H=+61.244deg EET-mean T=16.00,0,6,5.4207,2.3257
hour_line,H=+61.244deg EET-mean T=16.00,0,7,5.3604,2.2596
hour_line,H=+61.244deg EET-mean T=16.00,0,8,5.3016,2.1950
hour_line,H=+61.244deg EET-mean T=16.00,0,9,5.2440,2.1319
hour_line,H=+61.244deg EET-mean T=16.00,0,10,5.1877,2.0701
hour_line,H=+61.244deg EET-mean T=16.00,0,11,5.1327,2.0097
hour_line,H=+61.244deg EET-mean T=16.00,0,12,5.0788,1.9505
hour_line,H=+61.244deg EET-mean T=16.00,0,13,5.0260,1.8926
hour_line,H=+61.244deg EET-mean T=16.00,0,14,4.9743,1.8359
hour_line,H=+61.244deg EET-mean T=16.00,0,15,4.9237,1.7803
hour_line,H=+61.244deg EET-mean T=16.00,0,16,4.8740,1.7259
hour_line,H=+61.244deg EET-mean T=16.00,0,17,4.8254,1.6725
hour_line,H=+61.244deg EET-mean T=16.00,0,18,4.7776,1.6201
hour_line,H=+61.244deg EET-mean T=16.00,0,19,4.7308,1.5687
hour_line,H=+61.244deg EET-mean T=16.00,0,20,4.6848,1.5182
hour_line,H=+61.244deg EET-mean T=16.00,0,21,4.6396,1.4687
hour_line,H=+61.244deg EET-mean T=16.00,0,22,4.5953,1.4200
hour_line,H=+61.244deg EET-mean T=16.00,0,23,4.5517,1.3722
hour_line,H=+61.244deg EET-mean T=16.00,0,24,4.5089,1.3252
hour_line,H=+61.244deg EET-mean T=16.00,0,25,4.4668,1.2791
hour_line,H=+61.244deg EET-mean T=16.00,0,26,4.4255,1.2336
hour_line,H=+61.244deg EET-mean T=16.00,0,27,4.3847,1.1890
hour_line,H=+61.244deg EET-mean T=16.00,0,28,4.3447,1.1450
hour_line,H=+61.244deg EET-mean T=16.00,0,29,4.3053,1.1018
hour_line,H=+61.244deg EET-mean T=16.00,0,30,4.2665,1.0592
hour_line,H=+61.244deg EET-mean T=16.00,0,31,4.2282,1.0172
hour_line,H=+61.244deg EET-mean T=16.00,0,32,4.1906,0.9759
hour_line,H=+61.244deg EET-mean T=16.00,0,33,4.1535,0.9352
hour_line,H=+61.244deg EET-mean T=16.00,0,34,4.1170,0.8951
hour_line,H=+61.244deg EET-mean T=16.00,0,35,4.0809,0.8556
hour_line,H=+61.244deg EET-mean T=16.00,0,36,4.0454,0.8166
hour_line,H=+61.244deg EET-mean T=16.00,0,37,4.0104,0.7782
hour_line,H=+61.244deg EET-mean T=16.00,0,38,3.9758,0.7402
hour_line,H=+61.244deg EET-mean T=16.00,0,39,3.9417,0.7028
hour_line,H=+61.244deg EET-mean T=16.00,0,40,3.8913,0.6475
hour_line,H=+61.244deg EET-mean T=16.00,0,41,3.8420,0.5934
hour_line,H=+61.244deg EET-mean T=16.00,0,42,3.7935,0.5402
hour_line,H=+61.244deg EET-mean T=16.00,0,43,3.7459,0.4879
hour_line,H=+61.244deg EET-mean T=16.00,0,44,3.6991,0.4366
hour_line,H=+61.244deg EET-mean T=16.00,0,45,3.6531,0.3861
hour_line,H=+61.244deg EET-mean T=16.00,0,46,3.6079,0.3365
hour_line,H=+61.244deg EET-mean T=16.00,0,47,3.5634,0.2876
hour_line,H=+61.244deg EET-mean T=16.00,0,48,3.5195,0.2396
hour_line,H=+61.244deg EET-mean T=16.00,0,49,3.4764,0.1922
hour_line,H=+61.244deg EET-mean T=16.00,0,50,3.4338,0.1455
hour_line,H=+61.244deg EET-mean T=16.00,0,51,3.3919,0.0995
hour_line,H=+61.244deg EET-mean T=16.00,0,52,3.3506,0.0541
hour_line,H=+61.244deg EET-mean T=16.00,0,53,3.3369,0.0392
hour_line,H=+64.994deg EET-mean T=16.25,0,0,6.0380,2.0116
hour_line,H=+64.994deg EET-mean T=16.25,0,1,5.9746,1.9526
hour_line,H=+64.994deg EET-mean T=16.25,0,2,5.9040,1.8867
hour_line,H=+64.994deg EET-mean T=16.25,0,3,5.8351,1.8224
hour_line,H=+64.994deg EET-mean T=16.25,0,4,5.7677,1.7595
hour_line,H=+64.994deg EET-mean T=16.25,0,5,5.7018,1.6981
hour_line,H=+64.994deg EET-mean T=16.25,0,6,5.6374,1.6380
hour_line,H=+64.994deg EET-mean T=16.25,0,7,5.5744,1.5793
hour_line,H=+64.994deg EET-mean T=16.25,0,8,5.5127,1.5217
hour_line,H=+64.994deg EET-mean T=16.25,0,9,5.4524,1.4654
hour_line,H=+64.994deg EET-mean T=16.25,0,10,5.3932,1.4103
hour_line,H=+64.994deg EET-mean T=16.25,0,11,5.3353,1.3562
hour_line,H=+64.994deg EET-mean T=16.25,0,12,5.2785,1.3033
hour_line,H=+64.994deg EET-mean T=16.25,0,13,5.2228,1.2513
hour_line,H=+64.994deg EET-mean T=16.25,0,14,5.1682,1.2004
hour_line,H=+64.994deg EET-mean T=16.25,0,15,5.1146,1.1504
hour_line,H=+64.994deg EET-mean T=16.25,0,16,5.0620,1.1014
hour_line,H=+64.994deg EET-mean T=16.25,0,17,5.0104,1.0532
hour_line,H=+64.994deg EET-mean T=16.25,0,18,4.9597,1.0059
hour_line,H=+64.994deg EET-mean T=16.25,0,19,4.9099,0.9594
hour_line,H=+64.994deg EET-mean T=16.25,0,20,4.8609,0.9138
hour_line,H=+64.994deg EET-mean T=16.25,0,21,4.8128,0.8689
hour_line,H=+64.994deg EET-mean T=16.25,0,22,4.7655,0.8248
hour_line,H=+64.994deg EET-mean T=16.25,0,23,4.7189,0.7814
hour_line,H=+64.994deg EET-mean T=16.25,0,24,4.6731,0.7386
hour_line,H=+64.994deg EET-mean T=16.25,0,25,4.6281,0.6966
hour_line,H=+64.994deg EET-mean T=16.25,0,26,4.5837,0.6552
hour_line,H=+64.994deg EET-mean T=16.25,0,27,4.5400,0.6145
hour_line,H=+64.994deg EET-mean T=16.25,0,28,4.4970,0.5743
hour_line,H=+64.994deg EET-mean T=16.25,0,29,4.4546,0.5348
hour_line,H=+64.994deg EET-mean T=16.25,0,30,4.4128,0.4958
hour_line,H=+64.994deg EET-mean T=16.25,0,31,4.3716,0.4574
hour_line,H=+64.994deg EET-mean T=16.25,0,32,4.3310,0.4196
hour_line,H=+64.994deg EET-mean T=16.25,0,33,4.2910,0.3822
hour_line,H=+64.994deg EET-mean T=16.25,0,34,4.2515,0.3454
hour_line,H=+64.994deg EET-mean T=16.25,0,35,4.2125,0.3090
hour_line,H=+64.994deg EET-mean T=16.25,0,36,4.1740,0.2731
hour_line,H=+64.994deg EET-mean T=16.25,0,37,4.1360,0.2377
hour_line,H=+64.994deg EET-mean T=16.25,0,38,4.0985,0.2027
hour_line,H=+64.994deg EET-mean T=16.25,0,39,4.0615,0.1682
hour_line,H=+64.994deg EET-mean T=16.25,0,40,4.0249,0.1340
hour_line,H=+64.994deg EET-mean T=16.25,0,41,3.9708,0.0836
hour_line,H=+64.994deg EET-mean T=16.25,0,42,3.9177,0.0341
hour_line,H=+64.994deg EET-mean T=16.25,0,43,3.8655,-0.0147
hour_line,H=+64.994deg EET-mean T=16.25,0,44,3.8141,-0.0626
hour_line,H=+64.994deg EET-mean T=16.25,0,45,3.7635,-0.1098
hour_line,H=+64.994deg EET-mean T=16.25,0,46,3.7468,-0.1253
hour_line,H=+68.744deg EET-mean T=16.50,0,0,6.2430,1.2385
hour_line,H=+68.744deg EET-mean T=16.50,0,1,6.1713,1.1827
hour_line,H=+68.744deg EET-mean T=16.50,0,2,6.0972,1.1251
hour_line,H=+68.744deg EET-mean T=16.50,0,3,6.0248,1.0688
hour_line,H=+68.744deg EET-mean T=16.50,0,4,5.9540,1.0137
hour_line,H=+68.744deg EET-mean T=16.50,0,5,5.8846,0.9597
hour_line,H=+68.744deg EET-mean T=16.50,0,6,5.8167,0.9069
hour_line,H=+68.744deg EET-mean T=16.50,0,7,5.7502,0.8552
hour_line,H=+68.744deg EET-mean T=16.50,0,8,5.6851,0.8045
hour_line,H=+68.744deg EET-mean T=16.50,0,9,5.6212,0.7548
hour_line,H=+68.744deg EET-mean T=16.50,0,10,5.5585,0.7061
hour_line,H=+68.744deg EET-mean T=16.50,0,11,5.4971,0.6583
hour_line,H=+68.744deg EET-mean T=16.50,0,12,5.4368,0.6114
hour_line,H=+68.744deg EET-mean T=16.50,0,13,5.3776,0.5653
hour_line,H=+68.744deg EET-mean T=16.50,0,14,5.3195,0.5201
hour_line,H=+68.744deg EET-mean T=16.50,0,15,5.2624,0.4757
hour_line,H=+68.744deg EET-mean T=16.50,0,16,5.2063,0.4321
hour_line,H=+68.744deg EET-mean T=16.50,0,17,5.1512,0.3892
hour_line,H=+68.744deg EET-mean T=16.50,0,18,5.0970,0.3470
hour_line,H=+68.744deg EET-mean T=16.50,0,19,5.0437,0.3056
hour_line,H=+68.744deg EET-mean T=16.50,0,20,4.9913,0.2648
hour_line,H=+68.744deg EET-mean T=16.50,0,21,4.9397,0.2247
hour_line,H=+68.744deg EET-mean T=16.50,0,22,4.8889,0.1852
hour_line,H=+68.744deg EET-mean T=16.50,0,23,4.8389,0.1463
hour_line,H=+68.744deg EET-mean T=16.50,0,24,4.7897,0.1080
hour_line,H=+68.744deg EET-mean T=16.50,0,25,4.7412,0.0703
hour_line,H=+68.744deg EET-mean T=16.50,0,26,4.6934,0.0331
hour_line,H=+68.744deg EET-mean T=16.50,0,27,4.6463,-0.0035
hour_line,H=+68.744deg EET-mean T=16.50,0,28,4.5999,-0.0396
hour_line,H=+68.744deg EET-mean T=16.50,0,29,4.5541,-0.0752
hour_line,H=+68.744deg EET-mean T=16.50,0,30,4.5090,-0.1103
hour_line,H=+68.744deg EET-mean T=16.50,0,31,4.4644,-0.1450
hour_line,H=+68.744deg EET-mean T=16.50,0,32,4.4205,-0.1792
hour_line,H=+68.744deg EET-mean T=16.50,0,33,4.3771,-0.2129
hour_line,H=+68.744deg EET-mean T=16.50,0,34,4.3343,-0.2462
hour_line,H=+68.744deg EET-mean T=16.50,0,35,4.2920,-0.2791
hour_line,H=+68.744deg EET-mean T=16.50,0,36,4.2502,-0.3116
hour_line,H=+68.744deg EET-mean T=16.50,0,37,4.2295,-0.3277
hour_line,H=+72.494deg EET-mean T=16.75,0,0,6.3529,0.3914
hour_line,H=+72.494deg EET-mean T=16.75,0,1,6.3092,0.3638
hour_line,H=+72.494deg EET-mean T=16.75,0,2,6.2311,0.3146
hour_line,H=+72.494deg EET-mean T=16.75,0,3,6.1546,0.2663
hour_line,H=+72.494deg EET-mean T=16.75,0,4,6.0797,0.2191
hour_line,H=+72.494deg EET-mean T=16.75,0,5,6.0063,0.1728
hour_line,H=+72.494deg EET-mean T=16.75,0,6,5.9343,0.1274
hour_line,H=+72.494deg EET-mean T=16.75,0,7,5.8638,0.0829
hour_line,H=+72.494deg EET-mean T=16.75,0,8,5.7946,0.0392
hour_line,H=+72.494deg EET-mean T=16.75,0,9,5.7267,-0.0036
hour_line,H=+72.494deg EET-mean T=16.75,0,10,5.6600,-0.0456
hour_line,H=+72.494deg EET-mean T=16.75,0,11,5.5946,-0.0869
hour_line,H=+72.494deg EET-mean T=16.75,0,12,5.5303,-0.1274
hour_line,H=+72.494deg EET-mean T=16.75,0,13,5.4672,-0.1673
hour_line,H=+72.494deg EET-mean T=16.75,0,14,5.4051,-0.2064
hour_line,H=+72.494deg EET-mean T=16.75,0,15,5.3441,-0.2449
hour_line,H=+72.494deg EET-mean T=16.75,0,16,5.2841,-0.2827
hour_line,H=+72.494deg EET-mean T=16.75,0,17,5.2251,-0.3199
hour_line,H=+72.494deg EET-mean T=16.75,0,18,5.1671,-0.3566
hour_line,H=+72.494deg EET-mean T=16.75,0,19,5.1099,-0.3926
hour_line,H=+72.494deg EET-mean T=16.75,0,20,5.0537,-0.4281
hour_line,H=+72.494deg EET-mean T=16.75,0,21,4.9983,-0.4630
hour_line,H=+72.494deg EET-mean T=16.75,0,22,4.9437,-0.4974
hour_line,H=+72.494deg EET-mean T=16.75,0,23,4.8899,-0.5313
hour_line,H=+72.494deg EET-mean T=16.75,0,24,4.8370,-0.5648
hour_line,H=+72.494deg EET-mean T=16.75,0,25,4.8108,-0.5813
hour_line,H=+76.244deg EET-mean T=17.00,0,0,6.3447,-0.5075
hour_line,H=+76.244deg EET-mean T=17.00,0,1,6.2733,-0.5424
hour_line,H=+76.244deg EET-mean T=17.00,0,2,6.1924,-0.5820
hour_line,H=+76.244deg EET-mean T=17.00,0,3,6.1132,-0.6208
hour_line,H=+76.244deg EET-mean T=17.00,0,4,6.0354,-0.6589
hour_line,H=+76.244deg EET-mean T=17.00,0,5,5.9592,-0.6962
hour_line,H=+76.244deg EET-mean T=17.00,0,6,5.8844,-0.7328
hour_line,H=+76.244deg EET-mean T=17.00,0,7,5.8110,-0.7687
hour_line,H=+76.244deg EET-mean T=17.00,0,8,5.7388,-0.8040
hour_line,H=+76.244deg EET-mean T=17.00,0,9,5.6680,-0.8387
hour_line,H=+76.244deg EET-mean T=17.00,0,10,5.5984,-0.8728
hour_line,H=+76.244deg EET-mean T=17.00,0,11,5.5300,-0.9063
declination,dec=+0.000 الحمل/الميزان,0,0,-6.0477,1.9359
declination,dec=+0.000 الحمل/الميزان,0,1,-5.9360,1.9359
declination,dec=+0.000 الحمل/الميزان,0,2,-5.8691,1.9359
declination,dec=+0.000 الحمل/الميزان,0,3,-5.8034,1.9359
declination,dec=+0.000 الحمل/الميزان,0,4,-5.7389,1.9359
declination,dec=+0.000 الحمل/الميزان,0,5,-5.6755,1.9359
declination,dec=+0.000 الحمل/الميزان,0,6,-5.6133,1.9359
declination,dec=+0.000 الحمل/الميزان,0,7,-5.5522,1.9359
declination,dec=+0.000 الحمل/الميزان,0,8,-5.4921,1.9359
declination,dec=+0.000 الحمل/الميزان,0,9,-5.4331,1.9359
declination,dec=+0.000 الحمل/الميزان,0,10,-5.3750,1.9359
declination,dec=+0.000 الحمل/الميزان,0,11,-5.3179,1.9359
declination,dec=+0.000 الحمل/الميزان,0,12,-5.2618,1.9359
declination,dec=+0.000 الحمل/الميزان,0,13,-5.2066,1.9359
declination,dec=+0.000 الحمل/الميزان,0,14,-5.1523,1.9359
declination,dec=+0.000 الحمل/الميزان,0,15,-5.0989,1.9359
declination,dec=+0.000 الحمل/الميزان,0,16,-5.0463,1.9359
declination,dec=+0.000 الحمل/الميزان,0,17,-4.9945,1.9359
declination,dec=+0.000 الحمل/الميزان,0,18,-4.9436,1.9359
declination,dec=+0.000 الحمل/الميزان,0,19,-4.8934,1.9359
declination,dec=+0.000 الحمل/الميزان,0,20,-4.7954,1.9359
declination,dec=+0.000 الحمل/الميزان,0,21,-4.7003,1.9359
declination,dec=+0.000 الحمل/الميزان,0,22,-4.6079,1.9359
declination,dec=+0.000 الحمل/الميزان,0,23,-4.5182,1.9359
declination,dec=+0.000 الحمل/الميزان,0,24,-4.4310,1.9359
declination,dec=+0.000 الحمل/الميزان,0,25,-4.3462,1.9359
declination,dec=+0.000 الحمل/الميزان,0,26,-4.2637,1.9359
declination,dec=+0.000 الحمل/الميزان,0,27,-4.1834,1.9359
declination,dec=+0.000 الحمل/الميزان,0,28,-4.1052,1.9359
declination,dec=+0.000 الحمل/الميزان,0,29,-4.0290,1.9359
declination,dec=+0.000 الحمل/الميزان,0,30,-3.9546,1.9359
declination,dec=+0.000 الحمل/الميزان,0,31,-3.8821,1.9359
declination,dec=+0.000 الحمل/الميزان,0,32,-3.8114,1.9359
declination,dec=+0.000 الحمل/الميزان,0,33,-3.7423,1.9359
declination,dec=+0.000 الحمل/الميزان,0,34,-3.6749,1.9359
declination,dec=+0.000 الحمل/الميزان,0,35,-3.6089,1.9359
declination,dec=+0.000 الحمل/الميزان,0,36,-3.5445,1.9359
declination,dec=+0.000 الحمل/الميزان,0,37,-3.4815,1.9359
declination,dec=+0.000 الحمل/الميزان,0,38,-3.4198,1.9359
declination,dec=+0.000 الحمل/الميزان,0,39,-3.3595,1.9359
declination,dec=+0.000 الحمل/الميزان,0,40,-3.3004,1.9359
declination,dec=+0.000 الحمل/الميزان,0,41,-3.2426,1.9359
declination,dec=+0.000 الحمل/الميزان,0,42,-3.1859,1.9359
declination,dec=+0.000 الحمل/الميزان,0,43,-3.1303,1.9359
declination,dec=+0.000 الحمل/الميزان,0,44,-3.0758,1.9359
declination,dec=+0.000 الحمل/الميزان,0,45,-3.0224,1.9359
declination,dec=+0.000 الحمل/الميزان,0,46,-2.9700,1.9359
declination,dec=+0.000 الحمل/الميزان,0,47,-2.9185,1.9359
declination,dec=+0.000 الحمل/الميزان,0,48,-2.8680,1.9359
declination,dec=+0.000 الحمل/الميزان,0,49,-2.7939,1.9359
declination,dec=+0.000 الحمل/الميزان,0,50,-2.7217,1.9359
declination,dec=+0.000 الحمل/الميزان,0,51,-2.6514,1.9359
declination,dec=+0.000 الحمل/الميزان,0,52,-2.5828,1.9359
declination,dec=+0.000 الحمل/الميزان,0,53,-2.5158,1.9359
declination,dec=+0.000 الحمل/الميزان,0,54,-2.4505,1.9359
declination,dec=+0.000 الحمل/الميزان,0,55,-2.3866,1.9359
declination,dec=+0.000 الحمل/الميزان,0,56,-2.3241,1.9359
declination,dec=+0.000 الحمل/الميزان,0,57,-2.2630,1.9359
declination,dec=+0.000 الحمل/الميزان,0,58,-2.2032,1.9359
declination,dec=+0.000 الحمل/الميزان,0,59,-2.1446,1.9359
declination,dec=+0.000 الحمل/الميزان,0,60,-2.0872,1.9359
declination,dec=+0.000 الحمل/الميزان,0,61,-2.0310,1.9359
declination,dec=+0.000 الحمل/الميزان,0,62,-1.9758,1.9359
declination,dec=+0.000 الحمل/الميزان,0,63,-1.9216,1.9359
declination,dec=+0.000 الحمل/الميزان,0,64,-1.8684,1.9359
declination,dec=+0.000 الحمل/الميزان,0,65,-1.8161,1.9359
declination,dec=+0.000 الحمل/الميزان,0,66,-1.7647,1.9359
declination,dec=+0.000 الحمل/الميزان,0,67,-1.7141,1.9359
declination,dec=+0.000 الحمل/الميزان,0,68,-1.6480,1.9359
declination,dec=+0.000 الحمل/الميزان,0,69,-1.5832,1.9359
declination,dec=+0.000 الحمل/الميزان,0,70,-1.5197,1.9359
declination,dec=+0.000 الحمل/الميزان,0,71,-1.4574,1.9359
declination,dec=+0.000 الحمل/الميزان,0,72,-1.3962,1.9359
declination,dec=+0.000 الحمل/الميزان,0,73,-1.3361,1.9359
declination,dec=+0.000 الحمل/الميزان,0,74,-1.2770,1.9359
declination,dec=+0.000 الحمل/الميزان,0,75,-1.2189,1.9359
declination,dec=+0.000 الحمل/الميزان,0,76,-1.1616,1.9359
declination,dec=+0.000 الحمل/الميزان,0,77,-1.1052,1.9359
declination,dec=+0.000 الحمل/الميزان,0,78,-1.0495,1.9359
declination,dec=+0.000 الحمل/الميزان,0,79,-0.9946,1.9359
declination,dec=+0.000 الحمل/الميزان,0,80,-0.9404,1.9359
declination,dec=+0.000 الحمل/الميزان,0,81,-0.8867,1.9359
declination,dec=+0.000 الحمل/الميزان,0,82,-0.8337,1.9359
declination,dec=+0.000 الحمل/الميزان,0,83,-0.7813,1.9359
declination,dec=+0.000 الحمل/الميزان,0,84,-0.7293,1.9359
declination,dec=+0.000 الحمل/الميزان,0,85,-0.6779,1.9359
declination,dec=+0.000 الحمل/الميزان,0,86,-0.6268,1.9359
declination,dec=+0.000 الحمل/الميزان,0,87,-0.5762,1.9359
declination,dec=+0.000 الحمل/الميزان,0,88,-0.5259,1.9359
declination,dec=+0.000 الحمل/الميزان,0,89,-0.4636,1.9359
declination,dec=+0.000 الحمل/الميزان,0,90,-0.4017,1.9359
declination,dec=+0.000 الحمل/الميزان,0,91,-0.3401,1.9359
declination,dec=+0.000 الحمل/الميزان,0,92,-0.2790,1.9359
declination,dec=+0.000 الحمل/الميزان,0,93,-0.2180,1.9359
declination,dec=+0.000 الحمل/الميزان,0,94,-0.1573,1.9359
declination,dec=+0.000 الحمل/الميزان,0,95,-0.0967,1.9359
declination,dec=+0.000 الحمل/الميزان,0,96,-0.0363,1.9359
declination,dec=+0.000 الحمل/الميزان,0,97,0.0242,1.9359
declination,dec=+0.000 الحمل/الميزان,0,98,0.0846,1.9359
declination,dec=+0.000 الحمل/الميزان,0,99,0.1452,1.9359
declination,dec=+0.000 الحمل/الميزان,0,100,0.2059,1.9359
declination,dec=+0.000 الحمل/الميزان,0,101,0.2667,1.9359
declination,dec=+0.000 الحمل/الميزان,0,102,0.3279,1.9359
declination,dec=+0.000 الحمل/الميزان,0,103,0.3893,1.9359
declination,dec=+0.000 الحمل/الميزان,0,104,0.4512,1.9359
declination,dec=+0.000 الحمل/الميزان,0,105,0.5134,1.9359
declination,dec=+0.000 الحمل/الميزان,0,106,0.5636,1.9359
declination,dec=+0.000 الحمل/الميزان,0,107,0.6141,1.9359
declination,dec=+0.000 الحمل/الميزان,0,108,0.6651,1.9359
declination,dec=+0.000 الحمل/الميزان,0,109,0.7164,1.9359
declination,dec=+0.000 الحمل/الميزان,0,110,0.7682,1.9359
declination,dec=+0.000 الحمل/الميزان,0,111,0.8206,1.9359
declination,dec=+0.000 الحمل/الميزان,0,112,0.8734,1.9359
declination,dec=+0.000 الحمل/الميزان,0,113,0.9269,1.9359
declination,dec=+0.000 الحمل/الميزان,0,114,0.9810,1.9359
declination,dec=+0.000 الحمل/الميزان,0,115,1.0357,1.9359
declination,dec=+0.000 الحمل/الميزان,0,116,1.0912,1.9359
declination,dec=+0.000 الحمل/الميزان,0,117,1.1474,1.9359
declination,dec=+0.000 الحمل/الميزان,0,118,1.2045,1.9359
declination,dec=+0.000 الحمل/الميزان,0,119,1.2624,1.9359
declination,dec=+0.000 الحمل/الميزان,0,120,1.3213,1.9359
declination,dec=+0.000 الحمل/الميزان,0,121,1.3811,1.9359
declination,dec=+0.000 الحمل/الميزان,0,122,1.4420,1.9359
declination,dec=+0.000 الحمل/الميزان,0,123,1.5040,1.9359
declination,dec=+0.000 الحمل/الميزان,0,124,1.5672,1.9359
declination,dec=+0.000 الحمل/الميزان,0,125,1.6317,1.9359
declination,dec=+0.000 الحمل/الميزان,0,126,1.6975,1.9359
declination,dec=+0.000 الحمل/الميزان,0,127,1.7477,1.9359
declination,dec=+0.000 الحمل/الميزان,0,128,1.7988,1.9359
declination,dec=+0.000 الحمل/الميزان,0,129,1.8508,1.9359
declination,dec=+0.000 الحمل/الميزان,0,130,1.9037,1.9359
declination,dec=+0.000 الحمل/الميزان,0,131,1.9576,1.9359
declination,dec=+0.000 الحمل/الميزان,0,132,2.0124,1.9359
declination,dec=+0.000 الحمل/الميزان,0,133,2.0684,1.9359
declination,dec=+0.000 الحمل/الميزان,0,134,2.1254,1.9359
declination,dec=+0.000 الحمل/الميزان,0,135,2.1836,1.9359
declination,dec=+0.000 الحمل/الميزان,0,136,2.2430,1.9359
declination,dec=+0.000 الحمل/الميزان,0,137,2.3036,1.9359
declination,dec=+0.000 الحمل/الميزان,0,138,2.3656,1.9359
declination,dec=+0.000 الحمل/الميزان,0,139,2.4290,1.9359
declination,dec=+0.000 الحمل/الميزان,0,140,2.4939,1.9359
declination,dec=+0.000 الحمل/الميزان,0,141,2.5603,1.9359
declination,dec=+0.000 الحمل/الميزان,0,142,2.6283,1.9359
declination,dec=+0.000 الحمل/الميزان,0,143,2.6981,1.9359
declination,dec=+0.000 الحمل/الميزان,0,144,2.7696,1.9359
declination,dec=+0.000 الحمل/الميزان,0,145,2.8431,1.9359
declination,dec=+0.000 الحمل/الميزان,0,146,2.8931,1.9359
declination,dec=+0.000 الحمل/الميزان,0,147,2.9441,1.9359
declination,dec=+0.000 الحمل/الميزان,0,148,2.9960,1.9359
declination,dec=+0.000 الحمل/الميزان,0,149,3.0490,1.9359
declination,dec=+0.000 الحمل/الميزان,0,150,3.1029,1.9359
declination,dec=+0.000 الحمل/الميزان,0,151,3.1579,1.9359
declination,dec=+0.000 الحمل/الميزان,0,152,3.2141,1.9359
declination,dec=+0.000 الحمل/الميزان,0,153,3.2713,1.9359
declination,dec=+0.000 الحمل/الميزان,0,154,3.3298,1.9359
declination,dec=+0.000 الحمل/الميزان,0,155,3.3895,1.9359
declination,dec=+0.000 الحمل/الميزان,0,156,3.4505,1.9359
declination,dec=+0.000 الحمل/الميزان,0,157,3.5128,1.9359
declination,dec=+0.000 الحمل/الميزان,0,158,3.5765,1.9359
declination,dec=+0.000 الحمل/الميزان,0,159,3.6417,1.9359
declination,dec=+0.000 الحمل/الميزان,0,160,3.7084,1.9359
declination,dec=+0.000 الحمل/الميزان,0,161,3.7766,1.9359
declination,dec=+0.000 الحمل/الميزان,0,162,3.8465,1.9359
declination,dec=+0.000 الحمل/الميزان,0,163,3.9182,1.9359
declination,dec=+0.000 الحمل/الميزان,0,164,3.9916,1.9359
declination,dec=+0.000 الحمل/الميزان,0,165,4.0668,1.9359
declination,dec=+0.000 الحمل/الميزان,0,166,4.1441,1.9359
declination,dec=+0.000 الحمل/الميزان,0,167,4.2233,1.9359
declination,dec=+0.000 الحمل/الميزان,0,168,4.3047,1.9359
declination,dec=+0.000 الحمل/الميزان,0,169,4.3884,1.9359
declination,dec=+0.000 الحمل/الميزان,0,170,4.4743,1.9359
declination,dec=+0.000 الحمل/الميزان,0,171,4.5628,1.9359
declination,dec=+0.000 الحمل/الميزان,0,172,4.6538,1.9359
declination,dec=+0.000 الحمل/الميزان,0,173,4.7475,1.9359
declination,dec=+0.000 الحمل/الميزان,0,174,4.8441,1.9359
declination,dec=+0.000 الحمل/الميزان,0,175,4.9436,1.9359
declination,dec=+0.000 الحمل/الميزان,0,176,4.9945,1.9359
declination,dec=+0.000 الحمل/الميزان,0,177,5.0463,1.9359
declination,dec=+0.000 الحمل/الميزان,0,178,5.0989,1.9359
declination,dec=+0.000 الحمل/الميزان,0,179,5.1523,1.9359
declination,dec=+0.000 الحمل/الميزان,0,180,5.2066,1.9359
declination,dec=+0.000 الحمل/الميزان,0,181,5.2618,1.9359
declination,dec=+0.000 الحمل/الميزان,0,182,5.3179,1.9359
declination,dec=+0.000 الحمل/الميزان,0,183,5.3750,1.9359
declination,dec=+0.000 الحمل/الميزان,0,184,5.4331,1.9359
declination,dec=+0.000 الحمل/الميزان,0,185,5.4921,1.9359
declination,dec=+0.000 الحمل/الميزان,0,186,5.5522,1.9359
declination,dec=+0.000 الحمل/الميزان,0,187,5.6133,1.9359
declination,dec=+0.000 الحمل/الميزان,0,188,5.6755,1.9359
declination,dec=+0.000 الحمل/الميزان,0,189,5.7389,1.9359
declination,dec=+0.000 الحمل/الميزان,0,190,5.8034,1.9359
declination,dec=+0.000 الحمل/الميزان,0,191,5.8691,1.9359
declination,dec=+0.000 الحمل/الميزان,0,192,5.9360,1.9359
declination,dec=+0.000 الحمل/الميزان,0,193,6.0042,1.9359
declination,dec=+0.000 الحمل/الميزان,0,194,6.0477,1.9359
declination,dec=+11.471 الثور/السنبلة,0,0,-6.3387,0.3790
declination,dec=+11.471 الثور/السنبلة,0,1,-6.2476,0.3986
declination,dec=+11.471 الثور/السنبلة,0,2,-6.1781,0.4136
declination,dec=+11.471 الثور/السنبلة,0,3,-6.1099,0.4282
declination,dec=+11.471 الثور/السنبلة,0,4,-6.0430,0.4426
declination,dec=+11.471 الثور/السنبلة,0,5,-5.9773,0.4566
declination,dec=+11.471 الثور/السنبلة,0,6,-5.9128,0.4704
declination,dec=+11.471 الثور/السنبلة,0,7,-5.8494,0.4839
declination,dec=+11.471 الثور/السنبلة,0,8,-5.7872,0.4972
declination,dec=+11.471 الثور/السنبلة,0,9,-5.7261,0.5101
declination,dec=+11.471 الثور/السنبلة,0,10,-5.6660,0.5229
declination,dec=+11.471 الثور/السنبلة,0,11,-5.6070,0.5353
declination,dec=+11.471 الثور/السنبلة,0,12,-5.5490,0.5476
declination,dec=+11.471 الثور/السنبلة,0,13,-5.4920,0.5596
declination,dec=+11.471 الثور/السنبلة,0,14,-5.4359,0.5714
declination,dec=+11.471 الثور/السنبلة,0,15,-5.3807,0.5829
declination,dec=+11.471 الثور/السنبلة,0,16,-5.3265,0.5943
declination,dec=+11.471 الثور/السنبلة,0,17,-5.2731,0.6054
declination,dec=+11.471 الثور/السنبلة,0,18,-5.2205,0.6164
declination,dec=+11.471 الثور/السنبلة,0,19,-5.1689,0.6271
declination,dec=+11.471 الثور/السنبلة,0,20,-5.1180,0.6377
declination,dec=+11.471 الثور/السنبلة,0,21,-5.0679,0.6480
declination,dec=+11.471 الثور/السنبلة,0,22,-5.0186,0.6582
declination,dec=+11.471 الثور/السنبلة,0,23,-4.9222,0.6781
declination,dec=+11.471 الثور/السنبلة,0,24,-4.8286,0.6972
declination,dec=+11.471 الثور/السنبلة,0,25,-4.7378,0.7157
declination,dec=+11.471 الثور/السنبلة,0,26,-4.6495,0.7336
declination,dec=+11.471 الثور/السنبلة,0,27,-4.5638,0.7509
declination,dec=+11.471 الثور/السنبلة,0,28,-4.4804,0.7677
declination,dec=+11.471 الثور/السنبلة,0,29,-4.3992,0.7839
declination,dec=+11.471 الثور/السنبلة,0,30,-4.3202,0.7996
declination,dec=+11.471 الثور/السنبلة,0,31,-4.2432,0.8148
declination,dec=+11.471 الثور/السنبلة,0,32,-4.1682,0.8296
declination,dec=+11.471 الثور/السنبلة,0,33,-4.0951,0.8438
declination,dec=+11.471 الثور/السنبلة,0,34,-4.0238,0.8577
declination,dec=+11.471 الثور/السنبلة,0,35,-3.9542,0.8712
declination,dec=+11.471 الثور/السنبلة,0,36,-3.8863,0.8842
declination,dec=+11.471 الثور/السنبلة,0,37,-3.8199,0.8969
declination,dec=+11.471 الثور/السنبلة,0,38,-3.7551,0.9092
declination,dec=+11.471 الثور/السنبلة,0,39,-3.6918,0.9212
declination,dec=+11.471 الثور/السنبلة,0,40,-3.6298,0.9328
declination,dec=+11.471 الثور/السنبلة,0,41,-3.5692,0.9441
declination,dec=+11.471 الثور/السنبلة,0,42,-3.5099,0.9551
declination,dec=+11.471 الثور/السنبلة,0,43,-3.4518,0.9658
declination,dec=+11.471 الثور/السنبلة,0,44,-3.3950,0.9762
declination,dec=+11.471 الثور/السنبلة,0,45,-3.3393,0.9863
declination,dec=+11.471 الثور/السنبلة,0,46,-3.2847,0.9961
declination,dec=+11.471 الثور/السنبلة,0,47,-3.2312,1.0057
declination,dec=+11.471 الثور/السنبلة,0,48,-3.1787,1.0151
declination,dec=+11.471 الثور/السنبلة,0,49,-3.1272,1.0242
declination,dec=+11.471 الثور/السنبلة,0,50,-3.0767,1.0330
declination,dec=+11.471 الثور/السنبلة,0,51,-3.0271,1.0417
declination,dec=+11.471 الثور/السنبلة,0,52,-2.9545,1.0542
declination,dec=+11.471 الثور/السنبلة,0,53,-2.8837,1.0663
declination,dec=+11.471 الثور/السنبلة,0,54,-2.8147,1.0779
declination,dec=+11.471 الثور/السنبلة,0,55,-2.7475,1.0891
declination,dec=+11.471 الثور/السنبلة,0,56,-2.6820,1.0999
declination,dec=+11.471 الثور/السنبلة,0,57,-2.6180,1.1103
declination,dec=+11.471 الثور/السنبلة,0,58,-2.5555,1.1203
declination,dec=+11.471 الثور/السنبلة,0,59,-2.4944,1.1300
declination,dec=+11.471 الثور/السنبلة,0,60,-2.4347,1.1393
declination,dec=+11.471 الثور/السنبلة,0,61,-2.3763,1.1483
declination,dec=+11.471 الثور/السنبلة,0,62,-2.3192,1.1570
declination,dec=+11.471 الثور/السنبلة,0,63,-2.2632,1.1653
declination,dec=+11.471 الثور/السنبلة,0,64,-2.2083,1.1734
declination,dec=+11.471 الثور/السنبلة,0,65,-2.1546,1.1812
declination,dec=+11.471 الثور/السنبلة,0,66,-2.1018,1.1888
declination,dec=+11.471 الثور/السنبلة,0,67,-2.0501,1.1961
declination,dec=+11.471 الثور/السنبلة,0,68,-1.9993,1.2031
declination,dec=+11.471 الثور/السنبلة,0,69,-1.9494,1.2099
declination,dec=+11.471 الثور/السنبلة,0,70,-1.8842,1.2186
declination,dec=+11.471 الثور/السنبلة,0,71,-1.8205,1.2269
declination,dec=+11.471 الثور/السنبلة,0,72,-1.7581,1.2349
declination,dec=+11.471 الثور/السنبلة,0,73,-1.6970,1.2425
declination,dec=+11.471 الثور/السنبلة,0,74,-1.6372,1.2497
declination,dec=+11.471 الثور/السنبلة,0,75,-1.5785,1.2566
declination,dec=+11.471 الثور/السنبلة,0,76,-1.5210,1.2632
declination,dec=+11.471 الثور/السنبلة,0,77,-1.4644,1.2695
declination,dec=+11.471 الثور/السنبلة,0,78,-1.4089,1.2755
declination,dec=+11.471 الثور/السنبلة,0,79,-1.3542,1.2812
declination,dec=+11.471 الثور/السنبلة,0,80,-1.3005,1.2867
declination,dec=+11.471 الثور/السنبلة,0,81,-1.2475,1.2919
declination,dec=+11.471 الثور/السنبلة,0,82,-1.1954,1.2968
declination,dec=+11.471 الثور/السنبلة,0,83,-1.1440,1.3015
declination,dec=+11.471 الثور/السنبلة,0,84,-1.0933,1.3059
declination,dec=+11.471 الثور/السنبلة,0,85,-1.0432,1.3102
declination,dec=+11.471 الثور/السنبلة,0,86,-0.9815,1.3151
declination,dec=+11.471 الثور/السنبلة,0,87,-0.9207,1.3197
declination,dec=+11.471 الثور/السنبلة,0,88,-0.8607,1.3240
declination,dec=+11.471 الثور/السنبلة,0,89,-0.8014,1.3280
declination,dec=+11.471 الثور/السنبلة,0,90,-0.7429,1.3317
declination,dec=+11.471 الثور/السنبلة,0,91,-0.6850,1.3351
declination,dec=+11.471 الثور/السنبلة,0,92,-0.6277,1.3382
declination,dec=+11.471 الثور/السنبلة,0,93,-0.5710,1.3410
declination,dec=+11.471 الثور/السنبلة,0,94,-0.5147,1.3435
declination,dec=+11.471 الثور/السنبلة,0,95,-0.4588,1.3458
declination,dec=+11.471 الثور/السنبلة,0,96,-0.4033,1.3478
declination,dec=+11.471 الثور/السنبلة,0,97,-0.3482,1.3495
declination,dec=+11.471 الثور/السنبلة,0,98,-0.2933,1.3510
declination,dec=+11.471 الثور/السنبلة,0,99,-0.2387,1.3522
declination,dec=+11.471 الثور/السنبلة,0,100,-0.1842,1.3532
declination,dec=+11.471 الثور/السنبلة,0,101,-0.1299,1.3539
declination,dec=+11.471 الثور/السنبلة,0,102,-0.0758,1.3544
declination,dec=+11.471 الثور/السنبلة,0,103,-0.0216,1.3546
declination,dec=+11.471 الثور/السنبلة,0,104,0.0325,1.3546
declination,dec=+11.471 الثور/السنبلة,0,105,0.0866,1.3543
declination,dec=+11.471 الثور/السنبلة,0,106,0.1408,1.3538
declination,dec=+11.471 الثور/السنبلة,0,107,0.1951,1.3530
declination,dec=+11.471 الثور/السنبلة,0,108,0.2496,1.3520
declination,dec=+11.471 الثور/السنبلة,0,109,0.3043,1.3508
declination,dec=+11.471 الثور/السنبلة,0,110,0.3592,1.3492
declination,dec=+11.471 الثور/السنبلة,0,111,0.4144,1.3474
declination,dec=+11.471 الثور/السنبلة,0,112,0.4699,1.3454
declination,dec=+11.471 الثور/السنبلة,0,113,0.5259,1.3431
declination,dec=+11.471 الثور/السنبلة,0,114,0.5823,1.3405
declination,dec=+11.471 الثور/السنبلة,0,115,0.6391,1.3376
declination,dec=+11.471 الثور/السنبلة,0,116,0.6966,1.3345
declination,dec=+11.471 الثور/السنبلة,0,117,0.7546,1.3310
declination,dec=+11.471 الثور/السنبلة,0,118,0.8132,1.3273
declination,dec=+11.471 الثور/السنبلة,0,119,0.8726,1.3232
declination,dec=+11.471 الثور/السنبلة,0,120,0.9328,1.3188
declination,dec=+11.471 الثور/السنبلة,0,121,0.9937,1.3142
declination,dec=+11.471 الثور/السنبلة,0,122,1.0556,1.3091
declination,dec=+11.471 الثور/السنبلة,0,123,1.1059,1.3048
declination,dec=+11.471 الثور/السنبلة,0,124,1.1568,1.3003
declination,dec=+11.471 الثور/السنبلة,0,125,1.2083,1.2956
declination,dec=+11.471 الثور/السنبلة,0,126,1.2607,1.2906
declination,dec=+11.471 الثور/السنبلة,0,127,1.3138,1.2853
declination,dec=+11.471 الثور/السنبلة,0,128,1.3678,1.2798
declination,dec=+11.471 الثور/السنبلة,0,129,1.4227,1.2740
declination,dec=+11.471 الثور/السنبلة,0,130,1.4785,1.2680
declination,dec=+11.471 الثور/السنبلة,0,131,1.5353,1.2616
declination,dec=+11.471 الثور/السنبلة,0,132,1.5931,1.2549
declination,dec=+11.471 الثور/السنبلة,0,133,1.6521,1.2479
declination,dec=+11.471 الثور/السنبلة,0,134,1.7122,1.2406
declination,dec=+11.471 الثور/السنبلة,0,135,1.7736,1.2329
declination,dec=+11.471 الثور/السنبلة,0,136,1.8363,1.2249
declination,dec=+11.471 الثور/السنبلة,0,137,1.9004,1.2165
declination,dec=+11.471 الثور/السنبلة,0,138,1.9659,1.2077
declination,dec=+11.471 الثور/السنبلة,0,139,2.0161,1.2008
declination,dec=+11.471 الثور/السنبلة,0,140,2.0672,1.1937
declination,dec=+11.471 الثور/السنبلة,0,141,2.1193,1.1863
declination,dec=+11.471 الثور/السنبلة,0,142,2.1724,1.1787
declination,dec=+11.471 الثور/السنبلة,0,143,2.2265,1.1708
declination,dec=+11.471 الثور/السنبلة,0,144,2.2817,1.1626
declination,dec=+11.471 الثور/السنبلة,0,145,2.3381,1.1541
declination,dec=+11.471 الثور/السنبلة,0,146,2.3957,1.1453
declination,dec=+11.471 الثور/السنبلة,0,147,2.4545,1.1362
declination,dec=+11.471 الثور/السنبلة,0,148,2.5146,1.1268
declination,dec=+11.471 الثور/السنبلة,0,149,2.5762,1.1170
declination,dec=+11.471 الثور/السنبلة,0,150,2.6392,1.1068
declination,dec=+11.471 الثور/السنبلة,0,151,2.7037,1.0963
declination,dec=+11.471 الثور/السنبلة,0,152,2.7698,1.0854
declination,dec=+11.471 الثور/السنبلة,0,153,2.8375,1.0741
declination,dec=+11.471 الثور/السنبلة,0,154,2.9071,1.0623
declination,dec=+11.471 الثور/السنبلة,0,155,2.9785,1.0501
declination,dec=+11.471 الثور/السنبلة,0,156,3.0518,1.0374
declination,dec=+11.471 الثور/السنبلة,0,157,3.1019,1.0286
declination,dec=+11.471 الثور/السنبلة,0,158,3.1528,1.0197
declination,dec=+11.471 الثور/السنبلة,0,159,3.2048,1.0104
declination,dec=+11.471 الثور/السنبلة,0,160,3.2578,1.0010
declination,dec=+11.471 الثور/السنبلة,0,161,3.3118,0.9913
declination,dec=+11.471 الثور/السنبلة,0,162,3.3670,0.9813
declination,dec=+11.471 الثور/السنبلة,0,163,3.4232,0.9710
declination,dec=+11.471 الثور/السنبلة,0,164,3.4807,0.9605
declination,dec=+11.471 الثور/السنبلة,0,165,3.5394,0.9496
declination,dec=+11.471 الثور/السنبلة,0,166,3.5993,0.9385
declination,dec=+11.471 الثور/السنبلة,0,167,3.6606,0.9270
declination,dec=+11.471 الثور/السنبلة,0,168,3.7233,0.9152
declination,dec=+11.471 الثور/السنبلة,0,169,3.7873,0.9031
declination,dec=+11.471 الثور/السنبلة,0,170,3.8529,0.8906
declination,dec=+11.471 الثور/السنبلة,0,171,3.9201,0.8777
declination,dec=+11.471 الثور/السنبلة,0,172,3.9888,0.8645
declination,dec=+11.471 الثور/السنبلة,0,173,4.0592,0.8508
declination,dec=+11.471 الثور/السنبلة,0,174,4.1315,0.8368
declination,dec=+11.471 الثور/السنبلة,0,175,4.2055,0.8222
declination,dec=+11.471 الثور/السنبلة,0,176,4.2815,0.8073
declination,dec=+11.471 الثور/السنبلة,0,177,4.3594,0.7918
declination,dec=+11.471 الثور/السنبلة,0,178,4.4395,0.7759
declination,dec=+11.471 الثور/السنبلة,0,179,4.5218,0.7594
declination,dec=+11.471 الثور/السنبلة,0,180,4.6064,0.7423
declination,dec=+11.471 الثور/السنبلة,0,181,4.6933,0.7248
declination,dec=+11.471 الثور/السنبلة,0,182,4.7829,0.7066
declination,dec=+11.471 الثور/السنبلة,0,183,4.8750,0.6877
declination,dec=+11.471 الثور/السنبلة,0,184,4.9700,0.6682
declination,dec=+11.471 الثور/السنبلة,0,185,5.0679,0.6480
declination,dec=+11.471 الثور/السنبلة,0,186,5.1180,0.6377
declination,dec=+11.471 الثور/السنبلة,0,187,5.1689,0.6271
declination,dec=+11.471 الثور/السنبلة,0,188,5.2205,0.6164
declination,dec=+11.471 الثور/السنبلة,0,189,5.2731,0.6054
declination,dec=+11.471 الثور/السنبلة,0,190,5.3265,0.5943
declination,dec=+11.471 الثور/السنبلة,0,191,5.3807,0.5829
declination,dec=+11.471 الثور/السنبلة,0,192,5.4359,0.5714
declination,dec=+11.471 الثور/السنبلة,0,193,5.4920,0.5596
declination,dec=+11.471 الثور/السنبلة,0,194,5.5490,0.5476
declination,dec=+11.471 الثور/السنبلة,0,195,5.6070,0.5353
declination,dec=+11.471 الثور/السنبلة,0,196,5.6660,0.5229
declination,dec=+11.471 الثور/السنبلة,0,197,5.7261,0.5101
declination,dec=+11.471 الثور/السنبلة,0,198,5.7872,0.4972
declination,dec=+11.471 الثور/السنبلة,0,199,5.8494,0.4839
declination,dec=+11.471 الثور/السنبلة,0,200,5.9128,0.4704
declination,dec=+11.471 الثور/السنبلة,0,201,5.9773,0.4566
declination,dec=+11.471 الثور/السنبلة,0,202,6.0430,0.4426
declination,dec=+11.471 الثور/السنبلة,0,203,6.1099,0.4282
declination,dec=+11.471 الثور/السنبلة,0,204,6.1781,0.4136
declination,dec=+11.471 الثور/السنبلة,0,205,6.2476,0.3986
declination,dec=+11.471 الثور/السنبلة,0,206,6.3184,0.3834
declination,dec=+11.471 الثور/السنبلة,0,207,6.3387,0.3790
declination,dec=+20.148 الجوزاء/الأسد,0,0,-6.2996,-0.7985
declination,dec=+20.148 الجوزاء/الأسد,0,1,-6.1884,-0.7546
declination,dec=+20.148 الجوزاء/الأسد,0,2,-6.1225,-0.7287
declination,dec=+20.148 الجوزاء/الأسد,0,3,-6.0577,-0.7032
declination,dec=+20.148 الجوزاء/الأسد,0,4,-5.9942,-0.6783
declination,dec=+20.148 الجوزاء/الأسد,0,5,-5.9318,-0.6539
declination,dec=+20.148 الجوزاء/الأسد,0,6,-5.8705,-0.6299
declination,dec=+20.148 الجوزاء/الأسد,0,7,-5.8102,-0.6064
declination,dec=+20.148 الجوزاء/الأسد,0,8,-5.7510,-0.5834
declination,dec=+20.148 الجوزاء/الأسد,0,9,-5.6928,-0.5608
declination,dec=+20.148 الجوزاء/الأسد,0,10,-5.6356,-0.5386
declination,dec=+20.148 الجوزاء/الأسد,0,11,-5.5794,-0.5168
declination,dec=+20.148 الجوزاء/الأسد,0,12,-5.5241,-0.4955
declination,dec=+20.148 الجوزاء/الأسد,0,13,-5.4697,-0.4745
declination,dec=+20.148 الجوزاء/الأسد,0,14,-5.4162,-0.4540
declination,dec=+20.148 الجوزاء/الأسد,0,15,-5.3635,-0.4338
declination,dec=+20.148 الجوزاء/الأسد,0,16,-5.3117,-0.4139
declination,dec=+20.148 الجوزاء/الأسد,0,17,-5.2607,-0.3944
declination,dec=+20.148 الجوزاء/الأسد,0,18,-5.2105,-0.3753
declination,dec=+20.148 الجوزاء/الأسد,0,19,-5.1611,-0.3565
declination,dec=+20.148 الجوزاء/الأسد,0,20,-5.1124,-0.3380
declination,dec=+20.148 الجوزاء/الأسد,0,21,-5.0645,-0.3199
declination,dec=+20.148 الجوزاء/الأسد,0,22,-5.0173,-0.3021
declination,dec=+20.148 الجوزاء/الأسد,0,23,-4.9250,-0.2673
declination,dec=+20.148 الجوزاء/الأسد,0,24,-4.8353,-0.2337
declination,dec=+20.148 الجوزاء/الأسد,0,25,-4.7482,-0.2012
declination,dec=+20.148 الجوزاء/الأسد,0,26,-4.6635,-0.1697
declination,dec=+20.148 الجوزاء/الأسد,0,27,-4.5811,-0.1393
declination,dec=+20.148 الجوزاء/الأسد,0,28,-4.5010,-0.1098
declination,dec=+20.148 الجوزاء/الأسد,0,29,-4.4230,-0.0813
declination,dec=+20.148 الجوزاء/الأسد,0,30,-4.3470,-0.0536
declination,dec=+20.148 الجوزاء/الأسد,0,31,-4.2729,-0.0268
declination,dec=+20.148 الجوزاء/الأسد,0,32,-4.2007,-0.0008
declination,dec=+20.148 الجوزاء/الأسد,0,33,-4.1302,0.0245
declination,dec=+20.148 الجوزاء/الأسد,0,34,-4.0615,0.0490
declination,dec=+20.148 الجوزاء/الأسد,0,35,-3.9944,0.0728
declination,dec=+20.148 الجوزاء/الأسد,0,36,-3.9288,0.0959
declination,dec=+20.148 الجوزاء/الأسد,0,37,-3.8648,0.1183
declination,dec=+20.148 الجوزاء/الأسد,0,38,-3.8022,0.1401
declination,dec=+20.148 الجوزاء/الأسد,0,39,-3.7410,0.1613
declination,dec=+20.148 الجوزاء/الأسد,0,40,-3.6811,0.1820
declination,dec=+20.148 الجوزاء/الأسد,0,41,-3.6225,0.2020
declination,dec=+20.148 الجوزاء/الأسد,0,42,-3.5652,0.2215
declination,dec=+20.148 الجوزاء/الأسد,0,43,-3.5090,0.2405
declination,dec=+20.148 الجوزاء/الأسد,0,44,-3.4540,0.2590
declination,dec=+20.148 الجوزاء/الأسد,0,45,-3.4001,0.2770
declination,dec=+20.148 الجوزاء/الأسد,0,46,-3.3473,0.2946
declination,dec=+20.148 الجوزاء/الأسد,0,47,-3.2955,0.3116
declination,dec=+20.148 الجوزاء/الأسد,0,48,-3.2447,0.3283
declination,dec=+20.148 الجوزاء/الأسد,0,49,-3.1948,0.3445
declination,dec=+20.148 الجوزاء/الأسد,0,50,-3.1459,0.3603
declination,dec=+20.148 الجوزاء/الأسد,0,51,-3.0978,0.3757
declination,dec=+20.148 الجوزاء/الأسد,0,52,-3.0274,0.3981
declination,dec=+20.148 الجوزاء/الأسد,0,53,-2.9587,0.4197
declination,dec=+20.148 الجوزاء/الأسد,0,54,-2.8919,0.4405
declination,dec=+20.148 الجوزاء/الأسد,0,55,-2.8267,0.4606
declination,dec=+20.148 الجوزاء/الأسد,0,56,-2.7631,0.4800
declination,dec=+20.148 الجوزاء/الأسد,0,57,-2.7010,0.4986
declination,dec=+20.148 الجوزاء/الأسد,0,58,-2.6404,0.5167
declination,dec=+20.148 الجوزاء/الأسد,0,59,-2.5811,0.5341
declination,dec=+20.148 الجوزاء/الأسد,0,60,-2.5232,0.5509
declination,dec=+20.148 الجوزاء/الأسد,0,61,-2.4665,0.5671
declination,dec=+20.148 الجوزاء/الأسد,0,62,-2.4110,0.5828
declination,dec=+20.148 الجوزاء/الأسد,0,63,-2.3567,0.5979
declination,dec=+20.148 الجوزاء/الأسد,0,64,-2.3035,0.6126
declination,dec=+20.148 الجوزاء/الأسد,0,65,-2.2513,0.6267
declination,dec=+20.148 الجوزاء/الأسد,0,66,-2.2001,0.6404
declination,dec=+20.148 الجوزاء/الأسد,0,67,-2.1499,0.6537
declination,dec=+20.148 الجوزاء/الأسد,0,68,-2.1007,0.6665
declination,dec=+20.148 الجوزاء/الأسد,0,69,-2.0363,0.6829
declination,dec=+20.148 الجوزاء/الأسد,0,70,-1.9735,0.6986
declination,dec=+20.148 الجوزاء/الأسد,0,71,-1.9121,0.7137
declination,dec=+20.148 الجوزاء/الأسد,0,72,-1.8520,0.7281
declination,dec=+20.148 الجوزاء/الأسد,0,73,-1.7932,0.7419
declination,dec=+20.148 الجوزاء/الأسد,0,74,-1.7355,0.7551
declination,dec=+20.148 الجوزاء/الأسد,0,75,-1.6790,0.7677
declination,dec=+20.148 الجوزاء/الأسد,0,76,-1.6236,0.7798
declination,dec=+20.148 الجوزاء/الأسد,0,77,-1.5692,0.7914
declination,dec=+20.148 الجوزاء/الأسد,0,78,-1.5158,0.8024
declination,dec=+20.148 الجوزاء/الأسد,0,79,-1.4633,0.8130
declination,dec=+20.148 الجوزاء/الأسد,0,80,-1.4116,0.8231
declination,dec=+20.148 الجوزاء/الأسد,0,81,-1.3608,0.8328
declination,dec=+20.148 الجوزاء/الأسد,0,82,-1.3108,0.8421
declination,dec=+20.148 الجوزاء/الأسد,0,83,-1.2615,0.8509
declination,dec=+20.148 الجوزاء/الأسد,0,84,-1.2008,0.8614
declination,dec=+20.148 الجوزاء/الأسد,0,85,-1.1412,0.8712
declination,dec=+20.148 الجوزاء/الأسد,0,86,-1.0826,0.8805
declination,dec=+20.148 الجوزاء/الأسد,0,87,-1.0248,0.8892
declination,dec=+20.148 الجوزاء/الأسد,0,88,-0.9679,0.8974
declination,dec=+20.148 الجوزاء/الأسد,0,89,-0.9118,0.9051
declination,dec=+20.148 الجوزاء/الأسد,0,90,-0.8563,0.9122
declination,dec=+20.148 الجوزاء/الأسد,0,91,-0.8016,0.9189
declination,dec=+20.148 الجوزاء/الأسد,0,92,-0.7474,0.9251
declination,dec=+20.148 الجوزاء/الأسد,0,93,-0.6939,0.9308
declination,dec=+20.148 الجوزاء/الأسد,0,94,-0.6408,0.9360
declination,dec=+20.148 الجوزاء/الأسد,0,95,-0.5882,0.9409
declination,dec=+20.148 الجوزاء/الأسد,0,96,-0.5361,0.9453
declination,dec=+20.148 الجوزاء/الأسد,0,97,-0.4844,0.9492
declination,dec=+20.148 الجوزاء/الأسد,0,98,-0.4330,0.9528
declination,dec=+20.148 الجوزاء/الأسد,0,99,-0.3819,0.9559
declination,dec=+20.148 الجوزاء/الأسد,0,100,-0.3311,0.9587
declination,dec=+20.148 الجوزاء/الأسد,0,101,-0.2805,0.9610
declination,dec=+20.148 الجوزاء/الأسد,0,102,-0.2301,0.9630
declination,dec=+20.148 الجوزاء/الأسد,0,103,-0.1799,0.9646
declination,dec=+20.148 الجوزاء/الأسد,0,104,-0.1299,0.9657
declination,dec=+20.148 الجوزاء/الأسد,0,105,-0.0699,0.9667
declination,dec=+20.148 الجوزاء/الأسد,0,106,-0.0100,0.9670
declination,dec=+20.148 الجوزاء/الأسد,0,107,0.0499,0.9668
declination,dec=+20.148 الجوزاء/الأسد,0,108,0.1099,0.9661
declination,dec=+20.148 الجوزاء/الأسد,0,109,0.1599,0.9651
declination,dec=+20.148 الجوزاء/الأسد,0,110,0.2100,0.9637
declination,dec=+20.148 الجوزاء/الأسد,0,111,0.2603,0.9619
declination,dec=+20.148 الجوزاء/الأسد,0,112,0.3108,0.9597
declination,dec=+20.148 الجوزاء/الأسد,0,113,0.3615,0.9571
declination,dec=+20.148 الجوزاء/الأسد,0,114,0.4125,0.9541
declination,dec=+20.148 الجوزاء/الأسد,0,115,0.4638,0.9507
declination,dec=+20.148 الجوزاء/الأسد,0,116,0.5154,0.9469
declination,dec=+20.148 الجوزاء/الأسد,0,117,0.5673,0.9427
declination,dec=+20.148 الجوزاء/الأسد,0,118,0.6197,0.9380
declination,dec=+20.148 الجوزاء/الأسد,0,119,0.6726,0.9329
declination,dec=+20.148 الجوزاء/الأسد,0,120,0.7259,0.9274
declination,dec=+20.148 الجوزاء/الأسد,0,121,0.7798,0.9214
declination,dec=+20.148 الجوزاء/الأسد,0,122,0.8344,0.9149
declination,dec=+20.148 الجوزاء/الأسد,0,123,0.8895,0.9080
declination,dec=+20.148 الجوزاء/الأسد,0,124,0.9454,0.9005
declination,dec=+20.148 الجوزاء/الأسد,0,125,1.0020,0.8926
declination,dec=+20.148 الجوزاء/الأسد,0,126,1.0594,0.8841
declination,dec=+20.148 الجوزاء/الأسد,0,127,1.1177,0.8750
declination,dec=+20.148 الجوزاء/الأسد,0,128,1.1769,0.8654
declination,dec=+20.148 الجوزاء/الأسد,0,129,1.2371,0.8552
declination,dec=+20.148 الجوزاء/الأسد,0,130,1.2984,0.8443
declination,dec=+20.148 الجوزاء/الأسد,0,131,1.3482,0.8352
declination,dec=+20.148 الجوزاء/الأسد,0,132,1.3989,0.8256
declination,dec=+20.148 الجوزاء/الأسد,0,133,1.4503,0.8156
declination,dec=+20.148 الجوزاء/الأسد,0,134,1.5026,0.8051
declination,dec=+20.148 الجوزاء/الأسد,0,135,1.5558,0.7942
declination,dec=+20.148 الجوزاء/الأسد,0,136,1.6099,0.7827
declination,dec=+20.148 الجوزاء/الأسد,0,137,1.6651,0.7708
declination,dec=+20.148 الجوزاء/الأسد,0,138,1.7213,0.7583
declination,dec=+20.148 الجوزاء/الأسد,0,139,1.7786,0.7452
declination,dec=+20.148 الجوزاء/الأسد,0,140,1.8372,0.7316
declination,dec=+20.148 الجوزاء/الأسد,0,141,1.8969,0.7174
declination,dec=+20.148 الجوزاء/الأسد,0,142,1.9580,0.7025
declination,dec=+20.148 الجوزاء/الأسد,0,143,2.0205,0.6869
declination,dec=+20.148 الجوزاء/الأسد,0,144,2.0844,0.6707
declination,dec=+20.148 الجوزاء/الأسد,0,145,2.1334,0.6580
declination,dec=+20.148 الجوزاء/الأسد,0,146,2.1833,0.6449
declination,dec=+20.148 الجوزاء/الأسد,0,147,2.2341,0.6313
declination,dec=+20.148 الجوزاء/الأسد,0,148,2.2860,0.6173
declination,dec=+20.148 الجوزاء/الأسد,0,149,2.3388,0.6029
declination,dec=+20.148 الجوزاء/الأسد,0,150,2.3928,0.5879
declination,dec=+20.148 الجوزاء/الأسد,0,151,2.4479,0.5724
declination,dec=+20.148 الجوزاء/الأسد,0,152,2.5042,0.5563
declination,dec=+20.148 الجوزاء/الأسد,0,153,2.5617,0.5397
declination,dec=+20.148 الجوزاء/الأسد,0,154,2.6205,0.5225
declination,dec=+20.148 الجوزاء/الأسد,0,155,2.6806,0.5047
declination,dec=+20.148 الجوزاء/الأسد,0,156,2.7422,0.4863
declination,dec=+20.148 الجوزاء/الأسد,0,157,2.8053,0.4671
declination,dec=+20.148 الجوزاء/الأسد,0,158,2.8700,0.4473
declination,dec=+20.148 الجوزاء/الأسد,0,159,2.9363,0.4268
declination,dec=+20.148 الجوزاء/الأسد,0,160,3.0043,0.4054
declination,dec=+20.148 الجوزاء/الأسد,0,161,3.0741,0.3833
declination,dec=+20.148 الجوزاء/الأسد,0,162,3.1459,0.3603
declination,dec=+20.148 الجوزاء/الأسد,0,163,3.1948,0.3445
declination,dec=+20.148 الجوزاء/الأسد,0,164,3.2447,0.3283
declination,dec=+20.148 الجوزاء/الأسد,0,165,3.2955,0.3116
declination,dec=+20.148 الجوزاء/الأسد,0,166,3.3473,0.2946
declination,dec=+20.148 الجوزاء/الأسد,0,167,3.4001,0.2770
declination,dec=+20.148 الجوزاء/الأسد,0,168,3.4540,0.2590
declination,dec=+20.148 الجوزاء/الأسد,0,169,3.5090,0.2405
declination,dec=+20.148 الجوزاء/الأسد,0,170,3.5652,0.2215
declination,dec=+20.148 الجوزاء/الأسد,0,171,3.6225,0.2020
declination,dec=+20.148 الجوزاء/الأسد,0,172,3.6811,0.1820
declination,dec=+20.148 الجوزاء/الأسد,0,173,3.7410,0.1613
declination,dec=+20.148 الجوزاء/الأسد,0,174,3.8022,0.1401
declination,dec=+20.148 الجوزاء/الأسد,0,175,3.8648,0.1183
declination,dec=+20.148 الجوزاء/الأسد,0,176,3.9288,0.0959
declination,dec=+20.148 الجوزاء/الأسد,0,177,3.9944,0.0728
declination,dec=+20.148 الجوزاء/الأسد,0,178,4.0615,0.0490
declination,dec=+20.148 الجوزاء/الأسد,0,179,4.1302,0.0245
declination,dec=+20.148 الجوزاء/الأسد,0,180,4.2007,-0.0008
declination,dec=+20.148 الجوزاء/الأسد,0,181,4.2729,-0.0268
declination,dec=+20.148 الجوزاء/الأسد,0,182,4.3470,-0.0536
declination,dec=+20.148 الجوزاء/الأسد,0,183,4.4230,-0.0813
declination,dec=+20.148 الجوزاء/الأسد,0,184,4.5010,-0.1098
declination,dec=+20.148 الجوزاء/الأسد,0,185,4.5811,-0.1393
declination,dec=+20.148 الجوزاء/الأسد,0,186,4.6635,-0.1697
declination,dec=+20.148 الجوزاء/الأسد,0,187,4.7482,-0.2012
declination,dec=+20.148 الجوزاء/الأسد,0,188,4.8353,-0.2337
declination,dec=+20.148 الجوزاء/الأسد,0,189,4.9250,-0.2673
declination,dec=+20.148 الجوزاء/الأسد,0,190,5.0173,-0.3021
declination,dec=+20.148 الجوزاء/الأسد,0,191,5.0645,-0.3199
declination,dec=+20.148 الجوزاء/الأسد,0,192,5.1124,-0.3380
declination,dec=+20.148 الجوزاء/الأسد,0,193,5.1611,-0.3565
declination,dec=+20.148 الجوزاء/الأسد,0,194,5.2105,-0.3753
declination,dec=+20.148 الجوزاء/الأسد,0,195,5.2607,-0.3944
declination,dec=+20.148 الجوزاء/الأسد,0,196,5.3117,-0.4139
declination,dec=+20.148 الجوزاء/الأسد,0,197,5.3635,-0.4338
declination,dec=+20.148 الجوزاء/الأسد,0,198,5.4162,-0.4540
declination,dec=+20.148 الجوزاء/الأسد,0,199,5.4697,-0.4745
declination,dec=+20.148 الجوزاء/الأسد,0,200,5.5241,-0.4955
declination,dec=+20.148 الجوزاء/الأسد,0,201,5.5794,-0.5168
declination,dec=+20.148 الجوزاء/الأسد,0,202,5.6356,-0.5386
declination,dec=+20.148 الجوزاء/الأسد,0,203,5.6928,-0.5608
declination,dec=+20.148 الجوزاء/الأسد,0,204,5.7510,-0.5834
declination,dec=+20.148 الجوزاء/الأسد,0,205,5.8102,-0.6064
declination,dec=+20.148 الجوزاء/الأسد,0,206,5.8705,-0.6299
declination,dec=+20.148 الجوزاء/الأسد,0,207,5.9318,-0.6539
declination,dec=+20.148 الجوزاء/الأسد,0,208,5.9942,-0.6783
declination,dec=+20.148 الجوزاء/الأسد,0,209,6.0577,-0.7032
declination,dec=+20.148 الجوزاء/الأسد,0,210,6.1225,-0.7287
declination,dec=+20.148 الجوزاء/الأسد,0,211,6.1884,-0.7546
declination,dec=+20.148 الجوزاء/الأسد,0,212,6.2555,-0.7811
declination,dec=+20.148 الجوزاء/الأسد,0,213,6.2996,-0.7985
declination,dec=+23.436 السرطان,0,0,-6.2282,-1.2376
declination,dec=+23.436 السرطان,0,1,-6.1265,-1.1899
declination,dec=+23.436 السرطان,0,2,-6.0627,-1.1601
declination,dec=+23.436 السرطان,0,3,-6.0001,-1.1308
declination,dec=+23.436 السرطان,0,4,-5.9386,-1.1021
declination,dec=+23.436 السرطان,0,5,-5.8781,-1.0740
declination,dec=+23.436 السرطان,0,6,-5.8188,-1.0464
declination,dec=+23.436 السرطان,0,7,-5.7604,-1.0194
declination,dec=+23.436 السرطان,0,8,-5.7030,-0.9929
declination,dec=+23.436 السرطان,0,9,-5.6466,-0.9668
declination,dec=+23.436 السرطان,0,10,-5.5912,-0.9413
declination,dec=+23.436 السرطان,0,11,-5.5366,-0.9162
declination,dec=+23.436 السرطان,0,12,-5.4829,-0.8916
declination,dec=+23.436 السرطان,0,13,-5.4301,-0.8674
declination,dec=+23.436 السرطان,0,14,-5.3782,-0.8436
declination,dec=+23.436 السرطان,0,15,-5.3270,-0.8203
declination,dec=+23.436 السرطان,0,16,-5.2767,-0.7974
declination,dec=+23.436 السرطان,0,17,-5.2271,-0.7749
declination,dec=+23.436 السرطان,0,18,-5.1783,-0.7528
declination,dec=+23.436 السرطان,0,19,-5.1303,-0.7311
declination,dec=+23.436 السرطان,0,20,-5.0829,-0.7097
declination,dec=+23.436 السرطان,0,21,-5.0363,-0.6888
declination,dec=+23.436 السرطان,0,22,-4.9904,-0.6681
declination,dec=+23.436 السرطان,0,23,-4.9005,-0.6279
declination,dec=+23.436 السرطان,0,24,-4.8132,-0.5890
declination,dec=+23.436 السرطان,0,25,-4.7283,-0.5514
declination,dec=+23.436 السرطان,0,26,-4.6458,-0.5150
declination,dec=+23.436 السرطان,0,27,-4.5654,-0.4797
declination,dec=+23.436 السرطان,0,28,-4.4872,-0.4455
declination,dec=+23.436 السرطان,0,29,-4.4111,-0.4124
declination,dec=+23.436 السرطان,0,30,-4.3369,-0.3803
declination,dec=+23.436 السرطان,0,31,-4.2645,-0.3492
declination,dec=+23.436 السرطان,0,32,-4.1939,-0.3189
declination,dec=+23.436 السرطان,0,33,-4.1251,-0.2896
declination,dec=+23.436 السرطان,0,34,-4.0579,-0.2611
declination,dec=+23.436 السرطان,0,35,-3.9922,-0.2335
declination,dec=+23.436 السرطان,0,36,-3.9281,-0.2066
declination,dec=+23.436 السرطان,0,37,-3.8654,-0.1805
declination,dec=+23.436 السرطان,0,38,-3.8041,-0.1551
declination,dec=+23.436 السرطان,0,39,-3.7442,-0.1304
declination,dec=+23.436 السرطان,0,40,-3.6855,-0.1064
declination,dec=+23.436 السرطان,0,41,-3.6281,-0.0830
declination,dec=+23.436 السرطان,0,42,-3.5719,-0.0603
declination,dec=+23.436 السرطان,0,43,-3.5169,-0.0381
declination,dec=+23.436 السرطان,0,44,-3.4629,-0.0166
declination,dec=+23.436 السرطان,0,45,-3.4100,0.0044
declination,dec=+23.436 السرطان,0,46,-3.3582,0.0249
declination,dec=+23.436 السرطان,0,47,-3.3074,0.0448
declination,dec=+23.436 السرطان,0,48,-3.2575,0.0643
declination,dec=+23.436 السرطان,0,49,-3.2085,0.0832
declination,dec=+23.436 السرطان,0,50,-3.1605,0.1017
declination,dec=+23.436 السرطان,0,51,-3.1133,0.1197
declination,dec=+23.436 السرطان,0,52,-3.0441,0.1459
declination,dec=+23.436 السرطان,0,53,-2.9767,0.1712
declination,dec=+23.436 السرطان,0,54,-2.9110,0.1956
declination,dec=+23.436 السرطان,0,55,-2.8469,0.2190
declination,dec=+23.436 السرطان,0,56,-2.7843,0.2417
declination,dec=+23.436 السرطان,0,57,-2.7233,0.2636
declination,dec=+23.436 السرطان,0,58,-2.6637,0.2847
declination,dec=+23.436 السرطان,0,59,-2.6054,0.3051
declination,dec=+23.436 السرطان,0,60,-2.5484,0.3249
declination,dec=+23.436 السرطان,0,61,-2.4926,0.3439
declination,dec=+23.436 السرطان,0,62,-2.4380,0.3623
declination,dec=+23.436 السرطان,0,63,-2.3845,0.3802
declination,dec=+23.436 السرطان,0,64,-2.3321,0.3974
declination,dec=+23.436 السرطان,0,65,-2.2807,0.4140
declination,dec=+23.436 السرطان,0,66,-2.2304,0.4302
declination,dec=+23.436 السرطان,0,67,-2.1809,0.4458
declination,dec=+23.436 السرطان,0,68,-2.1324,0.4609
declination,dec=+23.436 السرطان,0,69,-2.0691,0.4802
declination,dec=+23.436 السرطان,0,70,-2.0072,0.4988
declination,dec=+23.436 السرطان,0,71,-1.9467,0.5166
declination,dec=+23.436 السرطان,0,72,-1.8875,0.5336
declination,dec=+23.436 السرطان,0,73,-1.8296,0.5499
declination,dec=+23.436 السرطان,0,74,-1.7728,0.5655
declination,dec=+23.436 السرطان,0,75,-1.7172,0.5805
declination,dec=+23.436 السرطان,0,76,-1.6626,0.5948
declination,dec=+23.436 السرطان,0,77,-1.6091,0.6086
declination,dec=+23.436 السرطان,0,78,-1.5565,0.6217
declination,dec=+23.436 السرطان,0,79,-1.5048,0.6343
declination,dec=+23.436 السرطان,0,80,-1.4540,0.6464
declination,dec=+23.436 السرطان,0,81,-1.4040,0.6580
declination,dec=+23.436 السرطان,0,82,-1.3547,0.6690
declination,dec=+23.436 السرطان,0,83,-1.2942,0.6821
declination,dec=+23.436 السرطان,0,84,-1.2348,0.6945
declination,dec=+23.436 السرطان,0,85,-1.1764,0.7063
declination,dec=+23.436 السرطان,0,86,-1.1190,0.7173
declination,dec=+23.436 السرطان,0,87,-1.0624,0.7277
declination,dec=+23.436 السرطان,0,88,-1.0067,0.7375
declination,dec=+23.436 السرطان,0,89,-0.9517,0.7467
declination,dec=+23.436 السرطان,0,90,-0.8974,0.7553
declination,dec=+23.436 السرطان,0,91,-0.8439,0.7634
declination,dec=+23.436 السرطان,0,92,-0.7909,0.7709
declination,dec=+23.436 السرطان,0,93,-0.7385,0.7779
declination,dec=+23.436 السرطان,0,94,-0.6867,0.7844
declination,dec=+23.436 السرطان,0,95,-0.6353,0.7904
declination,dec=+23.436 السرطان,0,96,-0.5844,0.7958
declination,dec=+23.436 السرطان,0,97,-0.5339,0.8009
declination,dec=+23.436 السرطان,0,98,-0.4838,0.8054
declination,dec=+23.436 السرطان,0,99,-0.4241,0.8102
declination,dec=+23.436 السرطان,0,100,-0.3648,0.8144
declination,dec=+23.436 السرطان,0,101,-0.3059,0.8180
declination,dec=+23.436 السرطان,0,102,-0.2472,0.8209
declination,dec=+23.436 السرطان,0,103,-0.1888,0.8232
declination,dec=+23.436 السرطان,0,104,-0.1306,0.8248
declination,dec=+23.436 السرطان,0,105,-0.0725,0.8259
declination,dec=+23.436 السرطان,0,106,-0.0145,0.8264
declination,dec=+23.436 السرطان,0,107,0.0435,0.8262
declination,dec=+23.436 السرطان,0,108,0.1016,0.8254
declination,dec=+23.436 السرطان,0,109,0.1597,0.8241
declination,dec=+23.436 السرطان,0,110,0.2180,0.8221
declination,dec=+23.436 السرطان,0,111,0.2765,0.8195
declination,dec=+23.436 السرطان,0,112,0.3353,0.8163
declination,dec=+23.436 السرطان,0,113,0.3944,0.8124
declination,dec=+23.436 السرطان,0,114,0.4539,0.8079
declination,dec=+23.436 السرطان,0,115,0.5038,0.8036
declination,dec=+23.436 السرطان,0,116,0.5541,0.7989
declination,dec=+23.436 السرطان,0,117,0.6048,0.7937
declination,dec=+23.436 السرطان,0,118,0.6558,0.7880
declination,dec=+23.436 السرطان,0,119,0.7074,0.7819
declination,dec=+23.436 السرطان,0,120,0.7594,0.7752
declination,dec=+23.436 السرطان,0,121,0.8120,0.7680
declination,dec=+23.436 السرطان,0,122,0.8652,0.7603
declination,dec=+23.436 السرطان,0,123,0.9191,0.7520
declination,dec=+23.436 السرطان,0,124,0.9736,0.7431
declination,dec=+23.436 السرطان,0,125,1.0289,0.7337
declination,dec=+23.436 السرطان,0,126,1.0849,0.7236
declination,dec=+23.436 السرطان,0,127,1.1418,0.7130
declination,dec=+23.436 السرطان,0,128,1.1997,0.7017
declination,dec=+23.436 السرطان,0,129,1.2585,0.6897
declination,dec=+23.436 السرطان,0,130,1.3183,0.6770
declination,dec=+23.436 السرطان,0,131,1.3793,0.6635
declination,dec=+23.436 السرطان,0,132,1.4289,0.6522
declination,dec=+23.436 السرطان,0,133,1.4793,0.6404
declination,dec=+23.436 السرطان,0,134,1.5305,0.6281
declination,dec=+23.436 السرطان,0,135,1.5827,0.6152
declination,dec=+23.436 السرطان,0,136,1.6357,0.6018
declination,dec=+23.436 السرطان,0,137,1.6898,0.5877
declination,dec=+23.436 السرطان,0,138,1.7449,0.5731
declination,dec=+23.436 السرطان,0,139,1.8011,0.5578
declination,dec=+23.436 السرطان,0,140,1.8584,0.5418
declination,dec=+23.436 السرطان,0,141,1.9169,0.5252
declination,dec=+23.436 السرطان,0,142,1.9768,0.5078
declination,dec=+23.436 السرطان,0,143,2.0380,0.4896
declination,dec=+23.436 السرطان,0,144,2.1006,0.4707
declination,dec=+23.436 السرطان,0,145,2.1485,0.4559
declination,dec=+23.436 السرطان,0,146,2.1973,0.4406
declination,dec=+23.436 السرطان,0,147,2.2471,0.4248
declination,dec=+23.436 السرطان,0,148,2.2978,0.4086
declination,dec=+23.436 السرطان,0,149,2.3495,0.3917
declination,dec=+23.436 السرطان,0,150,2.4022,0.3743
declination,dec=+23.436 السرطان,0,151,2.4561,0.3563
declination,dec=+23.436 السرطان,0,152,2.5110,0.3376
declination,dec=+23.436 السرطان,0,153,2.5672,0.3184
declination,dec=+23.436 السرطان,0,154,2.6246,0.2984
declination,dec=+23.436 السرطان,0,155,2.6834,0.2778
declination,dec=+23.436 السرطان,0,156,2.7435,0.2564
declination,dec=+23.436 السرطان,0,157,2.8050,0.2343
declination,dec=+23.436 السرطان,0,158,2.8681,0.2113
declination,dec=+23.436 السرطان,0,159,2.9327,0.1875
declination,dec=+23.436 السرطان,0,160,2.9989,0.1629
declination,dec=+23.436 السرطان,0,161,3.0670,0.1373
declination,dec=+23.436 السرطان,0,162,3.1368,0.1108
declination,dec=+23.436 السرطان,0,163,3.1844,0.0925
declination,dec=+23.436 السرطان,0,164,3.2329,0.0738
declination,dec=+23.436 السرطان,0,165,3.2823,0.0546
declination,dec=+23.436 السرطان,0,166,3.3327,0.0349
declination,dec=+23.436 السرطان,0,167,3.3840,0.0147
declination,dec=+23.436 السرطان,0,168,3.4364,-0.0060
declination,dec=+23.436 السرطان,0,169,3.4898,-0.0273
declination,dec=+23.436 السرطان,0,170,3.5443,-0.0491
declination,dec=+23.436 السرطان,0,171,3.5999,-0.0716
declination,dec=+23.436 السرطان,0,172,3.6567,-0.0946
declination,dec=+23.436 السرطان,0,173,3.7147,-0.1183
declination,dec=+23.436 السرطان,0,174,3.7740,-0.1427
declination,dec=+23.436 السرطان,0,175,3.8346,-0.1677
declination,dec=+23.436 السرطان,0,176,3.8966,-0.1935
declination,dec=+23.436 السرطان,0,177,3.9600,-0.2200
declination,dec=+23.436 السرطان,0,178,4.0249,-0.2472
declination,dec=+23.436 السرطان,0,179,4.0913,-0.2753
declination,dec=+23.436 السرطان,0,180,4.1593,-0.3042
declination,dec=+23.436 السرطان,0,181,4.2290,-0.3339
declination,dec=+23.436 السرطان,0,182,4.3005,-0.3646
declination,dec=+23.436 السرطان,0,183,4.3737,-0.3962
declination,dec=+23.436 السرطان,0,184,4.4489,-0.4288
declination,dec=+23.436 السرطان,0,185,4.5261,-0.4625
declination,dec=+23.436 السرطان,0,186,4.6053,-0.4972
declination,dec=+23.436 السرطان,0,187,4.6867,-0.5330
declination,dec=+23.436 السرطان,0,188,4.7704,-0.5701
declination,dec=+23.436 السرطان,0,189,4.8565,-0.6083
declination,dec=+23.436 السرطان,0,190,4.9451,-0.6479
declination,dec=+23.436 السرطان,0,191,5.0363,-0.6888
declination,dec=+23.436 السرطان,0,192,5.0829,-0.7097
declination,dec=+23.436 السرطان,0,193,5.1303,-0.7311
declination,dec=+23.436 السرطان,0,194,5.1783,-0.7528
declination,dec=+23.436 السرطان,0,195,5.2271,-0.7749
declination,dec=+23.436 السرطان,0,196,5.2767,-0.7974
declination,dec=+23.436 السرطان,0,197,5.3270,-0.8203
declination,dec=+23.436 السرطان,0,198,5.3782,-0.8436
declination,dec=+23.436 السرطان,0,199,5.4301,-0.8674
declination,dec=+23.436 السرطان,0,200,5.4829,-0.8916
declination,dec=+23.436 السرطان,0,201,5.5366,-0.9162
declination,dec=+23.436 السرطان,0,202,5.5912,-0.9413
declination,dec=+23.436 السرطان,0,203,5.6466,-0.9668
declination,dec=+23.436 السرطان,0,204,5.7030,-0.9929
declination,dec=+23.436 السرطان,0,205,5.7604,-1.0194
declination,dec=+23.436 السرطان,0,206,5.8188,-1.0464
declination,dec=+23.436 السرطان,0,207,5.8781,-1.0740
declination,dec=+23.436 السرطان,0,208,5.9386,-1.1021
declination,dec=+23.436 السرطان,0,209,6.0001,-1.1308
declination,dec=+23.436 السرطان,0,210,6.0627,-1.1601
declination,dec=+23.436 السرطان,0,211,6.1265,-1.1899
declination,dec=+23.436 السرطان,0,212,6.1914,-1.2203
declination,dec=+23.436 السرطان,0,213,6.2282,-1.2376
declination,dec=-11.471 الحوت/العقرب,0,0,-5.3408,3.4349
declination,dec=-11.471 الحوت/العقرب,0,1,-5.2577,3.4175
declination,dec=-11.471 الحوت/العقرب,0,2,-5.1993,3.4054
declination,dec=-11.471 الحوت/العقرب,0,3,-5.1419,3.3935
declination,dec=-11.471 الحوت/العقرب,0,4,-5.0855,3.3818
declination,dec=-11.471 الحوت/العقرب,0,5,-5.0300,3.3703
declination,dec=-11.471 الحوت/العقرب,0,6,-4.9754,3.3591
declination,dec=-11.471 الحوت/العقرب,0,7,-4.9216,3.3480
declination,dec=-11.471 الحوت/العقرب,0,8,-4.8687,3.3372
declination,dec=-11.471 الحوت/العقرب,0,9,-4.8167,3.3265
declination,dec=-11.471 الحوت/العقرب,0,10,-4.7654,3.3161
declination,dec=-11.471 الحوت/العقرب,0,11,-4.7149,3.3058
declination,dec=-11.471 الحوت/العقرب,0,12,-4.6652,3.2957
declination,dec=-11.471 الحوت/العقرب,0,13,-4.5680,3.2761
declination,dec=-11.471 الحوت/العقرب,0,14,-4.4737,3.2572
declination,dec=-11.471 الحوت/العقرب,0,15,-4.3820,3.2389
declination,dec=-11.471 الحوت/العقرب,0,16,-4.2929,3.2212
declination,dec=-11.471 الحوت/العقرب,0,17,-4.2063,3.2041
declination,dec=-11.471 الحوت/العقرب,0,18,-4.1220,3.1876
declination,dec=-11.471 الحوت/العقرب,0,19,-4.0400,3.1716
declination,dec=-11.471 الحوت/العقرب,0,20,-3.9600,3.1562
declination,dec=-11.471 الحوت/العقرب,0,21,-3.8821,3.1412
declination,dec=-11.471 الحوت/العقرب,0,22,-3.8062,3.1267
declination,dec=-11.471 الحوت/العقرب,0,23,-3.7321,3.1126
declination,dec=-11.471 الحوت/العقرب,0,24,-3.6598,3.0990
declination,dec=-11.471 الحوت/العقرب,0,25,-3.5892,3.0858
declination,dec=-11.471 الحوت/العقرب,0,26,-3.5202,3.0730
declination,dec=-11.471 الحوت/العقرب,0,27,-3.4528,3.0606
declination,dec=-11.471 الحوت/العقرب,0,28,-3.3869,3.0486
declination,dec=-11.471 الحوت/العقرب,0,29,-3.3225,3.0369
declination,dec=-11.471 الحوت/العقرب,0,30,-3.2594,3.0255
declination,dec=-11.471 الحوت/العقرب,0,31,-3.1977,3.0145
declination,dec=-11.471 الحوت/العقرب,0,32,-3.1372,3.0038
declination,dec=-11.471 الحوت/العقرب,0,33,-3.0780,2.9934
declination,dec=-11.471 الحوت/العقرب,0,34,-3.0199,2.9833
declination,dec=-11.471 الحوت/العقرب,0,35,-2.9630,2.9735
declination,dec=-11.471 الحوت/العقرب,0,36,-2.9072,2.9639
declination,dec=-11.471 الحوت/العقرب,0,37,-2.8524,2.9546
declination,dec=-11.471 الحوت/العقرب,0,38,-2.7986,2.9456
declination,dec=-11.471 الحوت/العقرب,0,39,-2.7459,2.9368
declination,dec=-11.471 الحوت/العقرب,0,40,-2.6940,2.9283
declination,dec=-11.471 الحوت/العقرب,0,41,-2.6431,2.9200
declination,dec=-11.471 الحوت/العقرب,0,42,-2.5931,2.9119
declination,dec=-11.471 الحوت/العقرب,0,43,-2.5196,2.9002
declination,dec=-11.471 الحوت/العقرب,0,44,-2.4479,2.8890
declination,dec=-11.471 الحوت/العقرب,0,45,-2.3779,2.8782
declination,dec=-11.471 الحوت/العقرب,0,46,-2.3095,2.8678
declination,dec=-11.471 الحوت/العقرب,0,47,-2.2427,2.8578
declination,dec=-11.471 الحوت/العقرب,0,48,-2.1773,2.8482
declination,dec=-11.471 الحوت/العقرب,0,49,-2.1134,2.8390
declination,dec=-11.471 الحوت/العقرب,0,50,-2.0507,2.8302
declination,dec=-11.471 الحوت/العقرب,0,51,-1.9894,2.8217
declination,dec=-11.471 الحوت/العقرب,0,52,-1.9292,2.8136
declination,dec=-11.471 الحوت/العقرب,0,53,-1.8701,2.8057
declination,dec=-11.471 الحوت/العقرب,0,54,-1.8122,2.7982
declination,dec=-11.471 الحوت/العقرب,0,55,-1.7552,2.7910
declination,dec=-11.471 الحوت/العقرب,0,56,-1.6993,2.7840
declination,dec=-11.471 الحوت/العقرب,0,57,-1.6443,2.7773
declination,dec=-11.471 الحوت/العقرب,0,58,-1.5901,2.7709
declination,dec=-11.471 الحوت/العقرب,0,59,-1.5369,2.7648
declination,dec=-11.471 الحوت/العقرب,0,60,-1.4844,2.7589
declination,dec=-11.471 الحوت/العقرب,0,61,-1.4327,2.7532
declination,dec=-11.471 الحوت/العقرب,0,62,-1.3817,2.7478
declination,dec=-11.471 الحوت/العقرب,0,63,-1.3315,2.7426
declination,dec=-11.471 الحوت/العقرب,0,64,-1.2655,2.7361
declination,dec=-11.471 الحوت/العقرب,0,65,-1.2006,2.7299
declination,dec=-11.471 الحوت/العقرب,0,66,-1.1367,2.7241
declination,dec=-11.471 الحوت/العقرب,0,67,-1.0737,2.7186
declination,dec=-11.471 الحوت/العقرب,0,68,-1.0117,2.7135
declination,dec=-11.471 الحوت/العقرب,0,69,-0.9505,2.7087
declination,dec=-11.471 الحوت/العقرب,0,70,-0.8901,2.7042
declination,dec=-11.471 الحوت/العقرب,0,71,-0.8303,2.7001
declination,dec=-11.471 الحوت/العقرب,0,72,-0.7713,2.6962
declination,dec=-11.471 الحوت/العقرب,0,73,-0.7128,2.6927
declination,dec=-11.471 الحوت/العقرب,0,74,-0.6549,2.6894
declination,dec=-11.471 الحوت/العقرب,0,75,-0.5975,2.6865
declination,dec=-11.471 الحوت/العقرب,0,76,-0.5405,2.6838
declination,dec=-11.471 الحوت/العقرب,0,77,-0.4840,2.6814
declination,dec=-11.471 الحوت/العقرب,0,78,-0.4278,2.6792
declination,dec=-11.471 الحوت/العقرب,0,79,-0.3719,2.6774
declination,dec=-11.471 الحوت/العقرب,0,80,-0.3164,2.6758
declination,dec=-11.471 الحوت/العقرب,0,81,-0.2610,2.6744
declination,dec=-11.471 الحوت/العقرب,0,82,-0.2058,2.6733
declination,dec=-11.471 الحوت/العقرب,0,83,-0.1508,2.6725
declination,dec=-11.471 الحوت/العقرب,0,84,-0.0959,2.6719
declination,dec=-11.471 الحوت/العقرب,0,85,-0.0411,2.6716
declination,dec=-11.471 الحوت/العقرب,0,86,0.0137,2.6715
declination,dec=-11.471 الحوت/العقرب,0,87,0.0685,2.6717
declination,dec=-11.471 الحوت/العقرب,0,88,0.1234,2.6722
declination,dec=-11.471 الحوت/العقرب,0,89,0.1783,2.6729
declination,dec=-11.471 الحوت/العقرب,0,90,0.2334,2.6738
declination,dec=-11.471 الحوت/العقرب,0,91,0.2886,2.6751
declination,dec=-11.471 الحوت/العقرب,0,92,0.3441,2.6765
declination,dec=-11.471 الحوت/العقرب,0,93,0.3998,2.6783
declination,dec=-11.471 الحوت/العقرب,0,94,0.4559,2.6803
declination,dec=-11.471 الحوت/العقرب,0,95,0.5122,2.6825
declination,dec=-11.471 الحوت/العقرب,0,96,0.5690,2.6851
declination,dec=-11.471 الحوت/العقرب,0,97,0.6261,2.6879
declination,dec=-11.471 الحوت/العقرب,0,98,0.6838,2.6910
declination,dec=-11.471 الحوت/العقرب,0,99,0.7420,2.6944
declination,dec=-11.471 الحوت/العقرب,0,100,0.8007,2.6981
declination,dec=-11.471 الحوت/العقرب,0,101,0.8601,2.7021
declination,dec=-11.471 الحوت/العقرب,0,102,0.9202,2.7064
declination,dec=-11.471 الحوت/العقرب,0,103,0.9810,2.7110
declination,dec=-11.471 الحوت/العقرب,0,104,1.0426,2.7160
declination,dec=-11.471 الحوت/العقرب,0,105,1.1051,2.7213
declination,dec=-11.471 الحوت/العقرب,0,106,1.1685,2.7269
declination,dec=-11.471 الحوت/العقرب,0,107,1.2329,2.7329
declination,dec=-11.471 الحوت/العقرب,0,108,1.2983,2.7393
declination,dec=-11.471 الحوت/العقرب,0,109,1.3481,2.7444
declination,dec=-11.471 الحوت/العقرب,0,110,1.3986,2.7496
declination,dec=-11.471 الحوت/العقرب,0,111,1.4499,2.7551
declination,dec=-11.471 الحوت/العقرب,0,112,1.5018,2.7608
declination,dec=-11.471 الحوت/العقرب,0,113,1.5545,2.7668
declination,dec=-11.471 الحوت/العقرب,0,114,1.6081,2.7730
declination,dec=-11.471 الحوت/العقرب,0,115,1.6625,2.7795
declination,dec=-11.471 الحوت/العقرب,0,116,1.7178,2.7863
declination,dec=-11.471 الحوت/العقرب,0,117,1.7741,2.7933
declination,dec=-11.471 الحوت/العقرب,0,118,1.8314,2.8007
declination,dec=-11.471 الحوت/العقرب,0,119,1.8897,2.8083
declination,dec=-11.471 الحوت/العقرب,0,120,1.9491,2.8162
declination,dec=-11.471 الحوت/العقرب,0,121,2.0097,2.8245
declination,dec=-11.471 الحوت/العقرب,0,122,2.0715,2.8331
declination,dec=-11.471 الحوت/العقرب,0,123,2.1346,2.8421
declination,dec=-11.471 الحوت/العقرب,0,124,2.1990,2.8514
declination,dec=-11.471 الحوت/العقرب,0,125,2.2648,2.8611
declination,dec=-11.471 الحوت/العقرب,0,126,2.3321,2.8712
declination,dec=-11.471 الحوت/العقرب,0,127,2.4010,2.8817
declination,dec=-11.471 الحوت/العقرب,0,128,2.4716,2.8927
declination,dec=-11.471 الحوت/العقرب,0,129,2.5439,2.9041
declination,dec=-11.471 الحوت/العقرب,0,130,2.6180,2.9159
declination,dec=-11.471 الحوت/العقرب,0,131,2.6685,2.9241
declination,dec=-11.471 الحوت/العقرب,0,132,2.7198,2.9325
declination,dec=-11.471 الحوت/العقرب,0,133,2.7721,2.9412
declination,dec=-11.471 الحوت/العقرب,0,134,2.8254,2.9501
declination,dec=-11.471 الحوت/العقرب,0,135,2.8797,2.9592
declination,dec=-11.471 الحوت/العقرب,0,136,2.9349,2.9687
declination,dec=-11.471 الحوت/العقرب,0,137,2.9913,2.9783
declination,dec=-11.471 الحوت/العقرب,0,138,3.0488,2.9883
declination,dec=-11.471 الحوت/العقرب,0,139,3.1074,2.9985
declination,dec=-11.471 الحوت/العقرب,0,140,3.1673,3.0091
declination,dec=-11.471 الحوت/العقرب,0,141,3.2284,3.0200
declination,dec=-11.471 الحوت/العقرب,0,142,3.2908,3.0311
declination,dec=-11.471 الحوت/العقرب,0,143,3.3545,3.0427
declination,dec=-11.471 الحوت/العقرب,0,144,3.4197,3.0545
declination,dec=-11.471 الحوت/العقرب,0,145,3.4863,3.0668
declination,dec=-11.471 الحوت/العقرب,0,146,3.5545,3.0794
declination,dec=-11.471 الحوت/العقرب,0,147,3.6243,3.0924
declination,dec=-11.471 الحوت/العقرب,0,148,3.6957,3.1058
declination,dec=-11.471 الحوت/العقرب,0,149,3.7689,3.1196
declination,dec=-11.471 الحوت/العقرب,0,150,3.8439,3.1339
declination,dec=-11.471 الحوت/العقرب,0,151,3.9208,3.1486
declination,dec=-11.471 الحوت/العقرب,0,152,3.9997,3.1638
declination,dec=-11.471 الحوت/العقرب,0,153,4.0807,3.1795
declination,dec=-11.471 الحوت/العقرب,0,154,4.1639,3.1958
declination,dec=-11.471 الحوت/العقرب,0,155,4.2493,3.2126
declination,dec=-11.471 الحوت/العقرب,0,156,4.3372,3.2300
declination,dec=-11.471 الحوت/العقرب,0,157,4.4275,3.2479
declination,dec=-11.471 الحوت/العقرب,0,158,4.5205,3.2666
declination,dec=-11.471 الحوت/العقرب,0,159,4.6163,3.2858
declination,dec=-11.471 الحوت/العقرب,0,160,4.7149,3.3058
declination,dec=-11.471 الحوت/العقرب,0,161,4.7654,3.3161
declination,dec=-11.471 الحوت/العقرب,0,162,4.8167,3.3265
declination,dec=-11.471 الحوت/العقرب,0,163,4.8687,3.3372
declination,dec=-11.471 الحوت/العقرب,0,164,4.9216,3.3480
declination,dec=-11.471 الحوت/العقرب,0,165,4.9754,3.3591
declination,dec=-11.471 الحوت/العقرب,0,166,5.0300,3.3703
declination,dec=-11.471 الحوت/العقرب,0,167,5.0855,3.3818
declination,dec=-11.471 الحوت/العقرب,0,168,5.1419,3.3935
declination,dec=-11.471 الحوت/العقرب,0,169,5.1993,3.4054
declination,dec=-11.471 الحوت/العقرب,0,170,5.2577,3.4175
declination,dec=-11.471 الحوت/العقرب,0,171,5.3170,3.4299
declination,dec=-11.471 الحوت/العقرب,0,172,5.3408,3.4349
declination,dec=-20.148 الدلو/القوس,0,0,-4.4839,4.4964
declination,dec=-20.148 الدلو/القوس,0,1,-4.4234,4.4743
declination,dec=-20.148 الدلو/القوس,0,2,-4.3754,4.4568
declination,dec=-20.148 الدلو/القوس,0,3,-4.3280,4.4396
declination,dec=-20.148 الدلو/القوس,0,4,-4.2354,4.4061
declination,dec=-20.148 الدلو/القوس,0,5,-4.1452,4.3737
declination,dec=-20.148 الدلو/القوس,0,6,-4.0576,4.3425
declination,dec=-20.148 الدلو/القوس,0,7,-3.9723,4.3123
declination,dec=-20.148 الدلو/القوس,0,8,-3.8892,4.2831
declination,dec=-20.148 الدلو/القوس,0,9,-3.8083,4.2548
declination,dec=-20.148 الدلو/القوس,0,10,-3.7294,4.2275
declination,dec=-20.148 الدلو/القوس,0,11,-3.6524,4.2010
declination,dec=-20.148 الدلو/القوس,0,12,-3.5773,4.1754
declination,dec=-20.148 الدلو/القوس,0,13,-3.5040,4.1506
declination,dec=-20.148 الدلو/القوس,0,14,-3.4324,4.1266
declination,dec=-20.148 الدلو/القوس,0,15,-3.3624,4.1033
declination,dec=-20.148 الدلو/القوس,0,16,-3.2940,4.0807
declination,dec=-20.148 الدلو/القوس,0,17,-3.2270,4.0588
declination,dec=-20.148 الدلو/القوس,0,18,-3.1616,4.0376
declination,dec=-20.148 الدلو/القوس,0,19,-3.0975,4.0170
declination,dec=-20.148 الدلو/القوس,0,20,-3.0347,3.9970
declination,dec=-20.148 الدلو/القوس,0,21,-2.9732,3.9776
declination,dec=-20.148 الدلو/القوس,0,22,-2.9129,3.9588
declination,dec=-20.148 الدلو/القوس,0,23,-2.8538,3.9405
declination,dec=-20.148 الدلو/القوس,0,24,-2.7958,3.9228
declination,dec=-20.148 الدلو/القوس,0,25,-2.7389,3.9056
declination,dec=-20.148 الدلو/القوس,0,26,-2.6831,3.8888
declination,dec=-20.148 الدلو/القوس,0,27,-2.6283,3.8726
declination,dec=-20.148 الدلو/القوس,0,28,-2.5744,3.8568
declination,dec=-20.148 الدلو/القوس,0,29,-2.5215,3.8415
declination,dec=-20.148 الدلو/القوس,0,30,-2.4694,3.8266
declination,dec=-20.148 الدلو/القوس,0,31,-2.4182,3.8121
declination,dec=-20.148 الدلو/القوس,0,32,-2.3679,3.7980
declination,dec=-20.148 الدلو/القوس,0,33,-2.3184,3.7843
declination,dec=-20.148 الدلو/القوس,0,34,-2.2696,3.7710
declination,dec=-20.148 الدلو/القوس,0,35,-2.1979,3.7518
declination,dec=-20.148 الدلو/القوس,0,36,-2.1277,3.7334
declination,dec=-20.148 الدلو/القوس,0,37,-2.0591,3.7157
declination,dec=-20.148 الدلو/القوس,0,38,-1.9919,3.6988
declination,dec=-20.148 الدلو/القوس,0,39,-1.9261,3.6825
declination,dec=-20.148 الدلو/القوس,0,40,-1.8615,3.6670
declination,dec=-20.148 الدلو/القوس,0,41,-1.7982,3.6521
declination,dec=-20.148 الدلو/القوس,0,42,-1.7360,3.6379
declination,dec=-20.148 الدلو/القوس,0,43,-1.6750,3.6242
declination,dec=-20.148 الدلو/القوس,0,44,-1.6149,3.6112
declination,dec=-20.148 الدلو/القوس,0,45,-1.5559,3.5987
declination,dec=-20.148 الدلو/القوس,0,46,-1.4978,3.5867
declination,dec=-20.148 الدلو/القوس,0,47,-1.4406,3.5753
declination,dec=-20.148 الدلو/القوس,0,48,-1.3843,3.5644
declination,dec=-20.148 الدلو/القوس,0,49,-1.3287,3.5540
declination,dec=-20.148 الدلو/القوس,0,50,-1.2739,3.5441
declination,dec=-20.148 الدلو/القوس,0,51,-1.2199,3.5347
declination,dec=-20.148 الدلو/القوس,0,52,-1.1665,3.5257
declination,dec=-20.148 الدلو/القوس,0,53,-1.1137,3.5172
declination,dec=-20.148 الدلو/القوس,0,54,-1.0616,3.5091
declination,dec=-20.148 الدلو/القوس,0,55,-1.0100,3.5014
declination,dec=-20.148 الدلو/القوس,0,56,-0.9589,3.4942
declination,dec=-20.148 الدلو/القوس,0,57,-0.9084,3.4873
declination,dec=-20.148 الدلو/القوس,0,58,-0.8583,3.4809
declination,dec=-20.148 الدلو/القوس,0,59,-0.7923,3.4729
declination,dec=-20.148 الدلو/القوس,0,60,-0.7269,3.4655
declination,dec=-20.148 الدلو/القوس,0,61,-0.6623,3.4589
declination,dec=-20.148 الدلو/القوس,0,62,-0.5982,3.4528
declination,dec=-20.148 الدلو/القوس,0,63,-0.5346,3.4474
declination,dec=-20.148 الدلو/القوس,0,64,-0.4715,3.4427
declination,dec=-20.148 الدلو/القوس,0,65,-0.4088,3.4385
declination,dec=-20.148 الدلو/القوس,0,66,-0.3465,3.4349
declination,dec=-20.148 الدلو/القوس,0,67,-0.2845,3.4320
declination,dec=-20.148 الدلو/القوس,0,68,-0.2227,3.4296
declination,dec=-20.148 الدلو/القوس,0,69,-0.1611,3.4278
declination,dec=-20.148 الدلو/القوس,0,70,-0.0997,3.4265
declination,dec=-20.148 الدلو/القوس,0,71,-0.0383,3.4259
declination,dec=-20.148 الدلو/القوس,0,72,0.0230,3.4258
declination,dec=-20.148 الدلو/القوس,0,73,0.0843,3.4263
declination,dec=-20.148 الدلو/القوس,0,74,0.1458,3.4274
declination,dec=-20.148 الدلو/القوس,0,75,0.2073,3.4291
declination,dec=-20.148 الدلو/القوس,0,76,0.2690,3.4313
declination,dec=-20.148 الدلو/القوس,0,77,0.3310,3.4341
declination,dec=-20.148 الدلو/القوس,0,78,0.3932,3.4375
declination,dec=-20.148 الدلو/القوس,0,79,0.4558,3.4416
declination,dec=-20.148 الدلو/القوس,0,80,0.5188,3.4462
declination,dec=-20.148 الدلو/القوس,0,81,0.5822,3.4514
declination,dec=-20.148 الدلو/القوس,0,82,0.6462,3.4573
declination,dec=-20.148 الدلو/القوس,0,83,0.7107,3.4638
declination,dec=-20.148 الدلو/القوس,0,84,0.7759,3.4710
declination,dec=-20.148 الدلو/القوس,0,85,0.8418,3.4788
declination,dec=-20.148 الدلو/القوس,0,86,0.8917,3.4851
declination,dec=-20.148 الدلو/القوس,0,87,0.9420,3.4918
declination,dec=-20.148 الدلو/القوس,0,88,0.9929,3.4990
declination,dec=-20.148 الدلو/القوس,0,89,1.0443,3.5065
declination,dec=-20.148 الدلو/القوس,0,90,1.0963,3.5144
declination,dec=-20.148 الدلو/القوس,0,91,1.1488,3.5228
declination,dec=-20.148 الدلو/القوس,0,92,1.2020,3.5317
declination,dec=-20.148 الدلو/القوس,0,93,1.2558,3.5409
declination,dec=-20.148 الدلو/القوس,0,94,1.3104,3.5507
declination,dec=-20.148 الدلو/القوس,0,95,1.3657,3.5609
declination,dec=-20.148 الدلو/القوس,0,96,1.4218,3.5716
declination,dec=-20.148 الدلو/القوس,0,97,1.4787,3.5829
declination,dec=-20.148 الدلو/القوس,0,98,1.5365,3.5946
declination,dec=-20.148 الدلو/القوس,0,99,1.5952,3.6069
declination,dec=-20.148 الدلو/القوس,0,100,1.6548,3.6198
declination,dec=-20.148 الدلو/القوس,0,101,1.7156,3.6332
declination,dec=-20.148 الدلو/القوس,0,102,1.7774,3.6473
declination,dec=-20.148 الدلو/القوس,0,103,1.8403,3.6620
declination,dec=-20.148 الدلو/القوس,0,104,1.9044,3.6773
declination,dec=-20.148 الدلو/القوس,0,105,1.9698,3.6933
declination,dec=-20.148 الدلو/القوس,0,106,2.0366,3.7100
declination,dec=-20.148 الدلو/القوس,0,107,2.1047,3.7274
declination,dec=-20.148 الدلو/القوس,0,108,2.1743,3.7456
declination,dec=-20.148 الدلو/القوس,0,109,2.2455,3.7645
declination,dec=-20.148 الدلو/القوس,0,110,2.2939,3.7776
declination,dec=-20.148 الدلو/القوس,0,111,2.3430,3.7911
declination,dec=-20.148 الدلو/القوس,0,112,2.3930,3.8050
declination,dec=-20.148 الدلو/القوس,0,113,2.4437,3.8193
declination,dec=-20.148 الدلو/القوس,0,114,2.4953,3.8340
declination,dec=-20.148 الدلو/القوس,0,115,2.5478,3.8491
declination,dec=-20.148 الدلو/القوس,0,116,2.6012,3.8646
declination,dec=-20.148 الدلو/القوس,0,117,2.6556,3.8807
declination,dec=-20.148 الدلو/القوس,0,118,2.7109,3.8971
declination,dec=-20.148 الدلو/القوس,0,119,2.7672,3.9141
declination,dec=-20.148 الدلو/القوس,0,120,2.8247,3.9316
declination,dec=-20.148 الدلو/القوس,0,121,2.8832,3.9496
declination,dec=-20.148 الدلو/القوس,0,122,2.9429,3.9681
declination,dec=-20.148 الدلو/القوس,0,123,3.0038,3.9872
declination,dec=-20.148 الدلو/القوس,0,124,3.0659,4.0069
declination,dec=-20.148 الدلو/القوس,0,125,3.1293,4.0272
declination,dec=-20.148 الدلو/القوس,0,126,3.1941,4.0481
declination,dec=-20.148 الدلو/القوس,0,127,3.2603,4.0697
declination,dec=-20.148 الدلو/القوس,0,128,3.3280,4.0919
declination,dec=-20.148 الدلو/القوس,0,129,3.3972,4.1148
declination,dec=-20.148 الدلو/القوس,0,130,3.4680,4.1385
declination,dec=-20.148 الدلو/القوس,0,131,3.5404,4.1629
declination,dec=-20.148 الدلو/القوس,0,132,3.6146,4.1881
declination,dec=-20.148 الدلو/القوس,0,133,3.6906,4.2141
declination,dec=-20.148 الدلو/القوس,0,134,3.7686,4.2410
declination,dec=-20.148 الدلو/القوس,0,135,3.8485,4.2688
declination,dec=-20.148 الدلو/القوس,0,136,3.9305,4.2975
declination,dec=-20.148 الدلو/القوس,0,137,4.0146,4.3272
declination,dec=-20.148 الدلو/القوس,0,138,4.1011,4.3580
declination,dec=-20.148 الدلو/القوس,0,139,4.1900,4.3898
declination,dec=-20.148 الدلو/القوس,0,140,4.2814,4.4227
declination,dec=-20.148 الدلو/القوس,0,141,4.3754,4.4568
declination,dec=-20.148 الدلو/القوس,0,142,4.4234,4.4743
declination,dec=-20.148 الدلو/القوس,0,143,4.4722,4.4921
declination,dec=-20.148 الدلو/القوس,0,144,4.4839,4.4964
declination,dec=-23.436 الجدي,0,0,-4.0660,4.8775
declination,dec=-23.436 الجدي,0,1,-3.9899,4.8454
declination,dec=-23.436 الجدي,0,2,-3.9041,4.8095
declination,dec=-23.436 الجدي,0,3,-3.8205,4.7748
declination,dec=-23.436 الجدي,0,4,-3.7391,4.7412
declination,dec=-23.436 الجدي,0,5,-3.6597,4.7087
declination,dec=-23.436 الجدي,0,6,-3.5822,4.6773
declination,dec=-23.436 الجدي,0,7,-3.5066,4.6469
declination,dec=-23.436 الجدي,0,8,-3.4328,4.6175
declination,dec=-23.436 الجدي,0,9,-3.3607,4.5890
declination,dec=-23.436 الجدي,0,10,-3.2902,4.5613
declination,dec=-23.436 الجدي,0,11,-3.2213,4.5346
declination,dec=-23.436 الجدي,0,12,-3.1539,4.5086
declination,dec=-23.436 الجدي,0,13,-3.0879,4.4835
declination,dec=-23.436 الجدي,0,14,-3.0233,4.4591
declination,dec=-23.436 الجدي,0,15,-2.9600,4.4355
declination,dec=-23.436 الجدي,0,16,-2.8980,4.4125
declination,dec=-23.436 الجدي,0,17,-2.8372,4.3903
declination,dec=-23.436 الجدي,0,18,-2.7775,4.3687
declination,dec=-23.436 الجدي,0,19,-2.7190,4.3478
declination,dec=-23.436 الجدي,0,20,-2.6616,4.3274
declination,dec=-23.436 الجدي,0,21,-2.6052,4.3077
declination,dec=-23.436 الجدي,0,22,-2.5498,4.2885
declination,dec=-23.436 الجدي,0,23,-2.4954,4.2699
declination,dec=-23.436 الجدي,0,24,-2.4419,4.2519
declination,dec=-23.436 الجدي,0,25,-2.3893,4.2343
declination,dec=-23.436 الجدي,0,26,-2.3376,4.2173
declination,dec=-23.436 الجدي,0,27,-2.2867,4.2008
declination,dec=-23.436 الجدي,0,28,-2.2366,4.1847
declination,dec=-23.436 الجدي,0,29,-2.1872,4.1691
declination,dec=-23.436 الجدي,0,30,-2.1386,4.1539
declination,dec=-23.436 الجدي,0,31,-2.0907,4.1392
declination,dec=-23.436 الجدي,0,32,-2.0202,4.1180
declination,dec=-23.436 الجدي,0,33,-1.9511,4.0976
declination,dec=-23.436 الجدي,0,34,-1.8834,4.0781
declination,dec=-23.436 الجدي,0,35,-1.8170,4.0595
declination,dec=-23.436 الجدي,0,36,-1.7519,4.0417
declination,dec=-23.436 الجدي,0,37,-1.6880,4.0247
declination,dec=-23.436 الجدي,0,38,-1.6252,4.0084
declination,dec=-23.436 الجدي,0,39,-1.5634,3.9929
declination,dec=-23.436 الجدي,0,40,-1.5026,3.9780
declination,dec=-23.436 الجدي,0,41,-1.4428,3.9639
declination,dec=-23.436 الجدي,0,42,-1.3839,3.9504
declination,dec=-23.436 الجدي,0,43,-1.3258,3.9376
declination,dec=-23.436 الجدي,0,44,-1.2686,3.9253
declination,dec=-23.436 الجدي,0,45,-1.2121,3.9137
declination,dec=-23.436 الجدي,0,46,-1.1563,3.9027
declination,dec=-23.436 الجدي,0,47,-1.1012,3.8922
declination,dec=-23.436 الجدي,0,48,-1.0467,3.8824
declination,dec=-23.436 الجدي,0,49,-0.9929,3.8730
declination,dec=-23.436 الجدي,0,50,-0.9395,3.8642
declination,dec=-23.436 الجدي,0,51,-0.8868,3.8559
declination,dec=-23.436 الجدي,0,52,-0.8345,3.8481
declination,dec=-23.436 الجدي,0,53,-0.7826,3.8408
declination,dec=-23.436 الجدي,0,54,-0.7312,3.8340
declination,dec=-23.436 الجدي,0,55,-0.6802,3.8277
declination,dec=-23.436 الجدي,0,56,-0.6296,3.8219
declination,dec=-23.436 الجدي,0,57,-0.5793,3.8165
declination,dec=-23.436 الجدي,0,58,-0.5293,3.8116
declination,dec=-23.436 الجدي,0,59,-0.4631,3.8057
declination,dec=-23.436 الجدي,0,60,-0.3973,3.8007
declination,dec=-23.436 الجدي,0,61,-0.3318,3.7964
declination,dec=-23.436 الجدي,0,62,-0.2667,3.7929
declination,dec=-23.436 الجدي,0,63,-0.2018,3.7902
declination,dec=-23.436 الجدي,0,64,-0.1371,3.7882
declination,dec=-23.436 الجدي,0,65,-0.0726,3.7870
declination,dec=-23.436 الجدي,0,66,-0.0081,3.7865
declination,dec=-23.436 الجدي,0,67,0.0564,3.7868
declination,dec=-23.436 الجدي,0,68,0.1210,3.7878
declination,dec=-23.436 الجدي,0,69,0.1856,3.7896
declination,dec=-23.436 الجدي,0,70,0.2505,3.7922
declination,dec=-23.436 الجدي,0,71,0.3155,3.7955
declination,dec=-23.436 الجدي,0,72,0.3809,3.7995
declination,dec=-23.436 الجدي,0,73,0.4466,3.8044
declination,dec=-23.436 الجدي,0,74,0.5127,3.8101
declination,dec=-23.436 الجدي,0,75,0.5626,3.8148
declination,dec=-23.436 الجدي,0,76,0.6128,3.8200
declination,dec=-23.436 الجدي,0,77,0.6633,3.8257
declination,dec=-23.436 الجدي,0,78,0.7142,3.8319
declination,dec=-23.436 الجدي,0,79,0.7655,3.8385
declination,dec=-23.436 الجدي,0,80,0.8171,3.8456
declination,dec=-23.436 الجدي,0,81,0.8693,3.8532
declination,dec=-23.436 الجدي,0,82,0.9219,3.8614
declination,dec=-23.436 الجدي,0,83,0.9750,3.8700
declination,dec=-23.436 الجدي,0,84,1.0287,3.8792
declination,dec=-23.436 الجدي,0,85,1.0830,3.8889
declination,dec=-23.436 الجدي,0,86,1.1379,3.8991
declination,dec=-23.436 الجدي,0,87,1.1934,3.9100
declination,dec=-23.436 الجدي,0,88,1.2497,3.9214
declination,dec=-23.436 الجدي,0,89,1.3067,3.9334
declination,dec=-23.436 الجدي,0,90,1.3645,3.9460
declination,dec=-23.436 الجدي,0,91,1.4231,3.9593
declination,dec=-23.436 الجدي,0,92,1.4826,3.9732
declination,dec=-23.436 الجدي,0,93,1.5430,3.9878
declination,dec=-23.436 الجدي,0,94,1.6044,4.0031
declination,dec=-23.436 الجدي,0,95,1.6669,4.0192
declination,dec=-23.436 الجدي,0,96,1.7305,4.0359
declination,dec=-23.436 الجدي,0,97,1.7952,4.0535
declination,dec=-23.436 الجدي,0,98,1.8611,4.0718
declination,dec=-23.436 الجدي,0,99,1.9284,4.0910
declination,dec=-23.436 الجدي,0,100,1.9970,4.1111
declination,dec=-23.436 الجدي,0,101,2.0670,4.1320
declination,dec=-23.436 الجدي,0,102,2.1386,4.1539
declination,dec=-23.436 الجدي,0,103,2.1872,4.1691
declination,dec=-23.436 الجدي,0,104,2.2366,4.1847
declination,dec=-23.436 الجدي,0,105,2.2867,4.2008
declination,dec=-23.436 الجدي,0,106,2.3376,4.2173
declination,dec=-23.436 الجدي,0,107,2.3893,4.2343
declination,dec=-23.436 الجدي,0,108,2.4419,4.2519
declination,dec=-23.436 الجدي,0,109,2.4954,4.2699
declination,dec=-23.436 الجدي,0,110,2.5498,4.2885
declination,dec=-23.436 الجدي,0,111,2.6052,4.3077
declination,dec=-23.436 الجدي,0,112,2.6616,4.3274
declination,dec=-23.436 الجدي,0,113,2.7190,4.3478
declination,dec=-23.436 الجدي,0,114,2.7775,4.3687
declination,dec=-23.436 الجدي,0,115,2.8372,4.3903
declination,dec=-23.436 الجدي,0,116,2.8980,4.4125
declination,dec=-23.436 الجدي,0,117,2.9600,4.4355
declination,dec=-23.436 الجدي,0,118,3.0233,4.4591
declination,dec=-23.436 الجدي,0,119,3.0879,4.4835
declination,dec=-23.436 الجدي,0,120,3.1539,4.5086
declination,dec=-23.436 الجدي,0,121,3.2213,4.5346
declination,dec=-23.436 الجدي,0,122,3.2902,4.5613
declination,dec=-23.436 الجدي,0,123,3.3607,4.5890
declination,dec=-23.436 الجدي,0,124,3.4328,4.6175
declination,dec=-23.436 الجدي,0,125,3.5066,4.6469
declination,dec=-23.436 الجدي,0,126,3.5822,4.6773
declination,dec=-23.436 الجدي,0,127,3.6597,4.7087
declination,dec=-23.436 الجدي,0,128,3.7391,4.7412
declination,dec=-23.436 الجدي,0,129,3.8205,4.7748
declination,dec=-23.436 الجدي,0,130,3.9041,4.8095
declination,dec=-23.436 الجدي,0,131,3.9899,4.8454
declination,dec=-23.436 الجدي,0,132,4.0660,4.8775
asr,shafii k=1,0,0,3.7595,4.7496
asr,shafii k=1,0,1,3.7615,4.6847
asr,shafii k=1,0,2,3.7633,4.6206
asr,shafii k=1,0,3,3.7648,4.5574
asr,shafii k=1,0,4,3.7661,4.4951
asr,shafii k=1,0,5,3.7673,4.4336
asr,shafii k=1,0,6,3.7682,4.3728
asr,shafii k=1,0,7,3.7688,4.3128
asr,shafii k=1,0,8,3.7693,4.2536
asr,shafii k=1,0,9,3.7695,4.1950
asr,shafii k=1,0,10,3.7696,4.1372
asr,shafii k=1,0,11,3.7694,4.0801
asr,shafii k=1,0,12,3.7690,4.0236
asr,shafii k=1,0,13,3.7684,3.9678
asr,shafii k=1,0,14,3.7675,3.9126
asr,shafii k=1,0,15,3.7665,3.8581
asr,shafii k=1,0,16,3.7652,3.8041
asr,shafii k=1,0,17,3.7637,3.7507
asr,shafii k=1,0,18,3.7620,3.6980
asr,shafii k=1,0,19,3.7601,3.6457
asr,shafii k=1,0,20,3.7580,3.5941
asr,shafii k=1,0,21,3.7557,3.5429
asr,shafii k=1,0,22,3.7532,3.4923
asr,shafii k=1,0,23,3.7504,3.4423
asr,shafii k=1,0,24,3.7459,3.3681
asr,shafii k=1,0,25,3.7410,3.2950
asr,shafii k=1,0,26,3.7355,3.2230
asr,shafii k=1,0,27,3.7296,3.1521
asr,shafii k=1,0,28,3.7233,3.0821
asr,shafii k=1,0,29,3.7165,3.0132
asr,shafii k=1,0,30,3.7092,2.9452
asr,shafii k=1,0,31,3.7015,2.8782
asr,shafii k=1,0,32,3.6933,2.8120
asr,shafii k=1,0,33,3.6847,2.7468
asr,shafii k=1,0,34,3.6756,2.6824
asr,shafii k=1,0,35,3.6661,2.6189
asr,shafii k=1,0,36,3.6561,2.5563
asr,shafii k=1,0,37,3.6457,2.4944
asr,shafii k=1,0,38,3.6349,2.4334
asr,shafii k=1,0,39,3.6236,2.3731
asr,shafii k=1,0,40,3.6120,2.3136
asr,shafii k=1,0,41,3.5998,2.2549
asr,shafii k=1,0,42,3.5873,2.1969
asr,shafii k=1,0,43,3.5743,2.1397
asr,shafii k=1,0,44,3.5609,2.0832
asr,shafii k=1,0,45,3.5471,2.0274
asr,shafii k=1,0,46,3.5329,1.9723
asr,shafii k=1,0,47,3.5182,1.9179
asr,shafii k=1,0,48,3.5032,1.8642
asr,shafii k=1,0,49,3.4877,1.8111
asr,shafii k=1,0,50,3.4718,1.7587
asr,shafii k=1,0,51,3.4556,1.7070
asr,shafii k=1,0,52,3.4389,1.6559
asr,shafii k=1,0,53,3.4218,1.6055
asr,shafii k=1,0,54,3.4044,1.5557
asr,shafii k=1,0,55,3.3865,1.5066
asr,shafii k=1,0,56,3.3683,1.4581
asr,shafii k=1,0,57,3.3496,1.4101
asr,shafii k=1,0,58,3.3306,1.3629
asr,shafii k=1,0,59,3.3112,1.3162
asr,shafii k=1,0,60,3.2915,1.2701
asr,shafii k=1,0,61,3.2645,1.2096
asr,shafii k=1,0,62,3.2369,1.1502
asr,shafii k=1,0,63,3.2087,1.0918
asr,shafii k=1,0,64,3.1798,1.0344
asr,shafii k=1,0,65,3.1502,0.9781
asr,shafii k=1,0,66,3.1201,0.9228
asr,shafii k=1,0,67,3.0893,0.8686
asr,shafii k=1,0,68,3.0578,0.8153
asr,shafii k=1,0,69,3.0258,0.7631
asr,shafii k=1,0,70,2.9932,0.7119
asr,shafii k=1,0,71,2.9599,0.6616
asr,shafii k=1,0,72,2.9260,0.6124
asr,shafii k=1,0,73,2.8916,0.5642
asr,shafii k=1,0,74,2.8566,0.5169
asr,shafii k=1,0,75,2.8210,0.4706
asr,shafii k=1,0,76,2.7848,0.4253
asr,shafii k=1,0,77,2.7480,0.3810
asr,shafii k=1,0,78,2.7107,0.3377
asr,shafii k=1,0,79,2.6728,0.2953
asr,shafii k=1,0,80,2.6632,0.2849
asr,hanafi k=2,0,0,6.0359,1.9725
asr,hanafi k=2,0,1,6.0233,1.9092
asr,hanafi k=2,0,2,6.0124,1.8560
asr,hanafi k=2,0,3,6.0011,1.8031
asr,hanafi k=2,0,4,5.9896,1.7505
asr,hanafi k=2,0,5,5.9777,1.6982
asr,hanafi k=2,0,6,5.9656,1.6463
asr,hanafi k=2,0,7,5.9531,1.5948
asr,hanafi k=2,0,8,5.9404,1.5435
asr,hanafi k=2,0,9,5.9274,1.4926
asr,hanafi k=2,0,10,5.9140,1.4420
asr,hanafi k=2,0,11,5.9004,1.3917
asr,hanafi k=2,0,12,5.8865,1.3418
asr,hanafi k=2,0,13,5.8723,1.2921
asr,hanafi k=2,0,14,5.8578,1.2428
asr,hanafi k=2,0,15,5.8431,1.1938
asr,hanafi k=2,0,16,5.8280,1.1452
asr,hanafi k=2,0,17,5.8127,1.0968
asr,hanafi k=2,0,18,5.7970,1.0488
asr,hanafi k=2,0,19,5.7812,1.0011
asr,hanafi k=2,0,20,5.7650,0.9537
asr,hanafi k=2,0,21,5.7402,0.8833
asr,hanafi k=2,0,22,5.7148,0.8135
asr,hanafi k=2,0,23,5.6888,0.7445
asr,hanafi k=2,0,24,5.6622,0.6762
asr,hanafi k=2,0,25,5.6349,0.6086
asr,hanafi k=2,0,26,5.6071,0.5417
asr,hanafi k=2,0,27,5.5787,0.4755
asr,hanafi k=2,0,28,5.5497,0.4101
asr,hanafi k=2,0,29,5.5201,0.3454
asr,hanafi k=2,0,30,5.4900,0.2814
asr,hanafi k=2,0,31,5.4592,0.2181
asr,hanafi k=2,0,32,5.4280,0.1556
asr,hanafi k=2,0,33,5.3961,0.0937
asr,hanafi k=2,0,34,5.3637,0.0326
asr,hanafi k=2,0,35,5.3308,-0.0277
asr,hanafi k=2,0,36,5.2973,-0.0874
asr,hanafi k=2,0,37,5.2633,-0.1463
asr,hanafi k=2,0,38,5.2288,-0.2044
asr,hanafi k=2,0,39,5.1937,-0.2619
asr,hanafi k=2,0,40,5.1581,-0.3186
asr,hanafi k=2,0,41,5.1220,-0.3745
asr,hanafi k=2,0,42,5.0854,-0.4297
asr,hanafi k=2,0,43,5.0484,-0.4842
asr,hanafi k=2,0,44,5.0108,-0.5379
asr,hanafi k=2,0,45,4.9727,-0.5908
asr,hanafi k=2,0,46,4.9342,-0.6430
analemma_12EET,Jan-Jun,0,0,0.0251,3.7359
analemma_12EET,Jan-Jun,0,1,-0.0043,3.6912
analemma_12EET,Jan-Jun,0,2,-0.0315,3.6342
analemma_12EET,Jan-Jun,0,3,-0.0502,3.5840
analemma_12EET,Jan-Jun,0,4,-0.0671,3.5282
analemma_12EET,Jan-Jun,0,5,-0.0822,3.4673
analemma_12EET,Jan-Jun,0,6,-0.0953,3.4020
analemma_12EET,Jan-Jun,0,7,-0.1064,3.3330
analemma_12EET,Jan-Jun,0,8,-0.1154,3.2607
analemma_12EET,Jan-Jun,0,9,-0.1224,3.1859
analemma_12EET,Jan-Jun,0,10,-0.1259,3.1349
analemma_12EET,Jan-Jun,0,11,-0.1285,3.0831
analemma_12EET,Jan-Jun,0,12,-0.1303,3.0308
analemma_12EET,Jan-Jun,0,13,-0.1313,2.9780
analemma_12EET,Jan-Jun,0,14,-0.1314,2.9249
analemma_12EET,Jan-Jun,0,15,-0.1308,2.8716
analemma_12EET,Jan-Jun,0,16,-0.1294,2.8182
analemma_12EET,Jan-Jun,0,17,-0.1273,2.7648
analemma_12EET,Jan-Jun,0,18,-0.1246,2.7116
analemma_12EET,Jan-Jun,0,19,-0.1213,2.6585
analemma_12EET,Jan-Jun,0,20,-0.1174,2.6057
analemma_12EET,Jan-Jun,0,21,-0.1129,2.5533
analemma_12EET,Jan-Jun,0,22,-0.1080,2.5013
analemma_12EET,Jan-Jun,0,23,-0.1027,2.4497
analemma_12EET,Jan-Jun,0,24,-0.0970,2.3987
analemma_12EET,Jan-Jun,0,25,-0.0909,2.3482
analemma_12EET,Jan-Jun,0,26,-0.0845,2.2983
analemma_12EET,Jan-Jun,0,27,-0.0744,2.2246
analemma_12EET,Jan-Jun,0,28,-0.0639,2.1525
analemma_12EET,Jan-Jun,0,29,-0.0530,2.0818
analemma_12EET,Jan-Jun,0,30,-0.0420,2.0129
analemma_12EET,Jan-Jun,0,31,-0.0309,1.9455
analemma_12EET,Jan-Jun,0,32,-0.0198,1.8799
analemma_12EET,Jan-Jun,0,33,-0.0089,1.8160
analemma_12EET,Jan-Jun,0,34,0.0018,1.7538
analemma_12EET,Jan-Jun,0,35,0.0121,1.6934
analemma_12EET,Jan-Jun,0,36,0.0220,1.6348
analemma_12EET,Jan-Jun,0,37,0.0314,1.5779
analemma_12EET,Jan-Jun,0,38,0.0403,1.5229
analemma_12EET,Jan-Jun,0,39,0.0485,1.4697
analemma_12EET,Jan-Jun,0,40,0.0561,1.4183
analemma_12EET,Jan-Jun,0,41,0.0650,1.3526
analemma_12EET,Jan-Jun,0,42,0.0725,1.2904
analemma_12EET,Jan-Jun,0,43,0.0785,1.2316
analemma_12EET,Jan-Jun,0,44,0.0830,1.1763
analemma_12EET,Jan-Jun,0,45,0.0859,1.1246
analemma_12EET,Jan-Jun,0,46,0.0875,1.0653
analemma_12EET,Jan-Jun,0,47,0.0867,1.0121
analemma_12EET,Jan-Jun,0,48,0.0828,0.9565
analemma_12EET,Jan-Jun,0,49,0.0746,0.9036
analemma_12EET,Jan-Jun,0,50,0.0597,0.8553
analemma_12EET,Jan-Jun,0,51,0.0129,0.8377
analemma_12EET,Jul-Dec,0,0,0.0110,0.8404
analemma_12EET,Jul-Dec,0,1,-0.0065,0.8889
analemma_12EET,Jul-Dec,0,2,-0.0140,0.9449
analemma_12EET,Jul-Dec,0,3,-0.0159,0.9979
analemma_12EET,Jul-Dec,0,4,-0.0148,1.0488
analemma_12EET,Jul-Dec,0,5,-0.0111,1.1056
analemma_12EET,Jul-Dec,0,6,-0.0047,1.1681
analemma_12EET,Jul-Dec,0,7,0.0023,1.2220
analemma_12EET,Jul-Dec,0,8,0.0111,1.2794
analemma_12EET,Jul-Dec,0,9,0.0215,1.3401
analemma_12EET,Jul-Dec,0,10,0.0334,1.4041
analemma_12EET,Jul-Dec,0,11,0.0434,1.4542
analemma_12EET,Jul-Dec,0,12,0.0541,1.5061
analemma_12EET,Jul-Dec,0,13,0.0656,1.5597
analemma_12EET,Jul-Dec,0,14,0.0778,1.6151
analemma_12EET,Jul-Dec,0,15,0.0906,1.6722
analemma_12EET,Jul-Dec,0,16,0.1039,1.7310
analemma_12EET,Jul-Dec,0,17,0.1177,1.7916
analemma_12EET,Jul-Dec,0,18,0.1318,1.8539
analemma_12EET,Jul-Dec,0,19,0.1463,1.9179
analemma_12EET,Jul-Dec,0,20,0.1609,1.9836
analemma_12EET,Jul-Dec,0,21,0.1755,2.0509
analemma_12EET,Jul-Dec,0,22,0.1902,2.1199
analemma_12EET,Jul-Dec,0,23,0.2047,2.1905
analemma_12EET,Jul-Dec,0,24,0.2188,2.2626
analemma_12EET,Jul-Dec,0,25,0.2326,2.3362
analemma_12EET,Jul-Dec,0,26,0.2414,2.3860
analemma_12EET,Jul-Dec,0,27,0.2500,2.4364
analemma_12EET,Jul-Dec,0,28,0.2582,2.4873
analemma_12EET,Jul-Dec,0,29,0.2660,2.5387
analemma_12EET,Jul-Dec,0,30,0.2733,2.5905
analemma_12EET,Jul-Dec,0,31,0.2802,2.6428
analemma_12EET,Jul-Dec,0,32,0.2865,2.6953
analemma_12EET,Jul-Dec,0,33,0.2923,2.7481
analemma_12EET,Jul-Dec,0,34,0.2974,2.8010
analemma_12EET,Jul-Dec,0,35,0.3018,2.8541
analemma_12EET,Jul-Dec,0,36,0.3056,2.9071
analemma_12EET,Jul-Dec,0,37,0.3085,2.9599
analemma_12EET,Jul-Dec,0,38,0.3106,3.0126
analemma_12EET,Jul-Dec,0,39,0.3119,3.0648
analemma_12EET,Jul-Dec,0,40,0.3123,3.1165
analemma_12EET,Jul-Dec,0,41,0.3118,3.1676
analemma_12EET,Jul-Dec,0,42,0.3104,3.2178
analemma_12EET,Jul-Dec,0,43,0.3064,3.2913
analemma_12EET,Jul-Dec,0,44,0.3002,3.3621
analemma_12EET,Jul-Dec,0,45,0.2918,3.4294
analemma_12EET,Jul-Dec,0,46,0.2811,3.4928
analemma_12EET,Jul-Dec,0,47,0.2683,3.5515
analemma_12EET,Jul-Dec,0,48,0.2533,3.6050
analemma_12EET,Jul-Dec,0,49,0.2365,3.6526
analemma_12EET,Jul-Dec,0,50,0.2112,3.7060
analemma_12EET,Jul-Dec,0,51,0.1760,3.7548
analemma_12EET,Jul-Dec,0,52,0.1299,3.7848
analemma_12EET,Jul-Dec,0,53,0.0739,3.7785
analemma_12EET,Jul-Dec,0,54,0.0346,3.7470
meridian,true noon,0,0,0.0000,-3.6060
meridian,true noon,0,1,0.0000,6.3500
gnomon,"style base -> nodus foot, nodus height 2.4",0,0,0.0000,-3.6060
gnomon,"style base -> nodus foot, nodus height 2.4",0,1,0.0000,0.5500
