element,label,segment,point,x_east_m,y_north_m
declination,الحمل/الميزان,0,0,-5.6427,-0.8360
declination,الحمل/الميزان,0,1,-5.5768,-0.8360
declination,الحمل/الميزان,0,2,-5.5123,-0.8360
declination,الحمل/الميزان,0,3,-5.4492,-0.8360
declination,الحمل/الميزان,0,4,-5.3873,-0.8360
declination,الحمل/الميزان,0,5,-5.3266,-0.8360
declination,الحمل/الميزان,0,6,-5.2672,-0.8360
declination,الحمل/الميزان,0,7,-5.2090,-0.8360
declination,الحمل/الميزان,0,8,-5.1518,-0.8360
declination,الحمل/الميزان,0,9,-5.0958,-0.8360
declination,الحمل/الميزان,0,10,-5.0408,-0.8360
declination,الحمل/الميزان,0,11,-4.9869,-0.8360
declination,الحمل/الميزان,0,12,-4.9340,-0.8360
declination,الحمل/الميزان,0,13,-4.8821,-0.8360
declination,الحمل/الميزان,0,14,-4.8311,-0.8360
declination,الحمل/الميزان,0,15,-4.7810,-0.8360
declination,الحمل/الميزان,0,17,-4.6836,-0.8360
declination,الحمل/الميزان,0,19,-4.5895,-0.8360
declination,الحمل/الميزان,0,21,-4.4986,-0.8360
declination,الحمل/الميزان,0,23,-4.4108,-0.8360
declination,الحمل/الميزان,0,25,-4.3258,-0.8360
declination,الحمل/الميزان,0,27,-4.2436,-0.8360
declination,الحمل/الميزان,0,29,-4.1639,-0.8360
declination,الحمل/الميزان,0,31,-4.0868,-0.8360
declination,الحمل/الميزان,0,33,-4.0119,-0.8360
declination,الحمل/الميزان,0,35,-3.9394,-0.8360
declination,الحمل/الميزان,0,37,-3.8689,-0.8360
declination,الحمل/الميزان,0,39,-3.8005,-0.8360
declination,الحمل/الميزان,0,41,-3.7340,-0.8360
declination,الحمل/الميزان,0,43,-3.6693,-0.8360
declination,الحمل/الميزان,0,45,-3.6065,-0.8360
declination,الحمل/الميزان,0,47,-3.5453,-0.8360
declination,الحمل/الميزان,0,49,-3.4857,-0.8360
declination,الحمل/الميزان,0,51,-3.4277,-0.8360
declination,الحمل/الميزان,0,53,-3.3711,-0.8360
declination,الحمل/الميزان,0,55,-3.3160,-0.8360
declination,الحمل/الميزان,0,57,-3.2623,-0.8360
declination,الحمل/الميزان,0,59,-3.2098,-0.8360
declination,الحمل/الميزان,0,61,-3.1586,-0.8360
declination,الحمل/الميزان,0,64,-3.0841,-0.8360
declination,الحمل/الميزان,0,67,-3.0121,-0.8360
declination,الحمل/الميزان,0,70,-2.9426,-0.8360
declination,الحمل/الميزان,0,73,-2.8753,-0.8360
declination,الحمل/الميزان,0,76,-2.8102,-0.8360
declination,الحمل/الميزان,0,79,-2.7471,-0.8360
declination,الحمل/الميزان,0,82,-2.6860,-0.8360
declination,الحمل/الميزان,0,85,-2.6266,-0.8360
declination,الحمل/الميزان,0,88,-2.5691,-0.8360
declination,الحمل/الميزان,0,91,-2.5132,-0.8360
declination,الحمل/الميزان,0,94,-2.4588,-0.8360
declination,الحمل/الميزان,0,97,-2.4059,-0.8360
declination,الحمل/الميزان,0,100,-2.3545,-0.8360
declination,الحمل/الميزان,0,103,-2.3044,-0.8360
declination,الحمل/الميزان,0,107,-2.2397,-0.8360
declination,الحمل/الميزان,0,111,-2.1770,-0.8360
declination,الحمل/الميزان,0,115,-2.1164,-0.8360
declination,الحمل/الميزان,0,119,-2.0577,-0.8360
declination,الحمل/الميزان,0,123,-2.0009,-0.8360
declination,الحمل/الميزان,0,127,-1.9457,-0.8360
declination,الحمل/الميزان,0,131,-1.8921,-0.8360
declination,الحمل/الميزان,0,135,-1.8400,-0.8360
declination,الحمل/الميزان,0,139,-1.7893,-0.8360
declination,الحمل/الميزان,0,144,-1.7279,-0.8360
declination,الحمل/الميزان,0,149,-1.6684,-0.8360
declination,الحمل/الميزان,0,154,-1.6108,-0.8360
declination,الحمل/الميزان,0,159,-1.5549,-0.8360
declination,الحمل/الميزان,0,164,-1.5006,-0.8360
declination,الحمل/الميزان,0,169,-1.4479,-0.8360
declination,الحمل/الميزان,0,174,-1.3966,-0.8360
declination,الحمل/الميزان,0,180,-1.3367,-0.8360
declination,الحمل/الميزان,0,186,-1.2787,-0.8360
declination,الحمل/الميزان,0,192,-1.2223,-0.8360
declination,الحمل/الميزان,0,198,-1.1674,-0.8360
declination,الحمل/الميزان,0,204,-1.1140,-0.8360
declination,الحمل/الميزان,0,210,-1.0619,-0.8360
declination,الحمل/الميزان,0,216,-1.0110,-0.8360
declination,الحمل/الميزان,0,223,-0.9532,-0.8360
declination,الحمل/الميزان,0,230,-0.8967,-0.8360
declination,الحمل/الميزان,0,237,-0.8416,-0.8360
declination,الحمل/الميزان,0,244,-0.7877,-0.8360
declination,الحمل/الميزان,0,251,-0.7349,-0.8360
declination,الحمل/الميزان,0,258,-0.6831,-0.8360
declination,الحمل/الميزان,0,265,-0.6323,-0.8360
declination,الحمل/الميزان,0,272,-0.5823,-0.8360
declination,الحمل/الميزان,0,280,-0.5261,-0.8360
declination,الحمل/الميزان,0,288,-0.4707,-0.8360
declination,الحمل/الميزان,0,296,-0.4162,-0.8360
declination,الحمل/الميزان,0,304,-0.3623,-0.8360
declination,الحمل/الميزان,0,312,-0.3091,-0.8360
declination,الحمل/الميزان,0,320,-0.2563,-0.8360
declination,الحمل/الميزان,0,328,-0.2039,-0.8360
declination,الحمل/الميزان,0,336,-0.1518,-0.8360
declination,الحمل/الميزان,0,344,-0.1000,-0.8360
declination,الحمل/الميزان,0,352,-0.0484,-0.8360
declination,الحمل/الميزان,0,360,0.0032,-0.8360
declination,الحمل/الميزان,0,368,0.0548,-0.8360
declination,الحمل/الميزان,0,376,0.1065,-0.8360
declination,الحمل/الميزان,0,384,0.1583,-0.8360
declination,الحمل/الميزان,0,392,0.2104,-0.8360
declination,الحمل/الميزان,0,400,0.2628,-0.8360
declination,الحمل/الميزان,0,408,0.3157,-0.8360
declination,الحمل/الميزان,0,416,0.3690,-0.8360
declination,الحمل/الميزان,0,424,0.4230,-0.8360
declination,الحمل/الميزان,0,432,0.4776,-0.8360
declination,الحمل/الميزان,0,440,0.5331,-0.8360
declination,الحمل/الميزان,0,448,0.5894,-0.8360
declination,الحمل/الميزان,0,455,0.6395,-0.8360
declination,الحمل/الميزان,0,462,0.6905,-0.8360
declination,الحمل/الميزان,0,469,0.7424,-0.8360
declination,الحمل/الميزان,0,476,0.7953,-0.8360
declination,الحمل/الميزان,0,483,0.8494,-0.8360
declination,الحمل/الميزان,0,490,0.9047,-0.8360
declination,الحمل/الميزان,0,497,0.9613,-0.8360
declination,الحمل/الميزان,0,504,1.0194,-0.8360
declination,الحمل/الميزان,0,510,1.0705,-0.8360
declination,الحمل/الميزان,0,516,1.1228,-0.8360
declination,الحمل/الميزان,0,522,1.1764,-0.8360
declination,الحمل/الميزان,0,528,1.2315,-0.8360
declination,الحمل/الميزان,0,534,1.2882,-0.8360
declination,الحمل/الميزان,0,540,1.3466,-0.8360
declination,الحمل/الميزان,0,546,1.4067,-0.8360
declination,الحمل/الميزان,0,551,1.4583,-0.8360
declination,الحمل/الميزان,0,556,1.5114,-0.8360
declination,الحمل/الميزان,0,561,1.5660,-0.8360
declination,الحمل/الميزان,0,566,1.6222,-0.8360
declination,الحمل/الميزان,0,571,1.6802,-0.8360
declination,الحمل/الميزان,0,576,1.7400,-0.8360
declination,الحمل/الميزان,0,581,1.8018,-0.8360
declination,الحمل/الميزان,0,585,1.8529,-0.8360
declination,الحمل/الميزان,0,589,1.9053,-0.8360
declination,الحمل/الميزان,0,593,1.9593,-0.8360
declination,الحمل/الميزان,0,597,2.0149,-0.8360
declination,الحمل/الميزان,0,601,2.0722,-0.8360
declination,الحمل/الميزان,0,605,2.1314,-0.8360
declination,الحمل/الميزان,0,609,2.1925,-0.8360
declination,الحمل/الميزان,0,613,2.2556,-0.8360
declination,الحمل/الميزان,0,617,2.3210,-0.8360
declination,الحمل/الميزان,0,620,2.3715,-0.8360
declination,الحمل/الميزان,0,623,2.4234,-0.8360
declination,الحمل/الميزان,0,626,2.4768,-0.8360
declination,الحمل/الميزان,0,629,2.5316,-0.8360
declination,الحمل/الميزان,0,632,2.5881,-0.8360
declination,الحمل/الميزان,0,635,2.6462,-0.8360
declination,الحمل/الميزان,0,638,2.7061,-0.8360
declination,الحمل/الميزان,0,641,2.7679,-0.8360
declination,الحمل/الميزان,0,644,2.8317,-0.8360
declination,الحمل/الميزان,0,647,2.8975,-0.8360
declination,الحمل/الميزان,0,650,2.9655,-0.8360
declination,الحمل/الميزان,0,653,3.0359,-0.8360
declination,الحمل/الميزان,0,656,3.1087,-0.8360
declination,الحمل/الميزان,0,659,3.1841,-0.8360
declination,الحمل/الميزان,0,661,3.2359,-0.8360
declination,الحمل/الميزان,0,663,3.2890,-0.8360
declination,الحمل/الميزان,0,665,3.3434,-0.8360
declination,الحمل/الميزان,0,667,3.3992,-0.8360
declination,الحمل/الميزان,0,669,3.4565,-0.8360
declination,الحمل/الميزان,0,671,3.5153,-0.8360
declination,الحمل/الميزان,0,673,3.5757,-0.8360
declination,الحمل/الميزان,0,675,3.6377,-0.8360
declination,الحمل/الميزان,0,677,3.7014,-0.8360
declination,الحمل/الميزان,0,679,3.7670,-0.8360
declination,الحمل/الميزان,0,681,3.8344,-0.8360
declination,الحمل/الميزان,0,683,3.9039,-0.8360
declination,الحمل/الميزان,0,685,3.9754,-0.8360
declination,الحمل/الميزان,0,687,4.0491,-0.8360
declination,الحمل/الميزان,0,689,4.1251,-0.8360
declination,الحمل/الميزان,0,691,4.2034,-0.8360
declination,الحمل/الميزان,0,693,4.2844,-0.8360
declination,الحمل/الميزان,0,695,4.3679,-0.8360
declination,الحمل/الميزان,0,697,4.4543,-0.8360
declination,الحمل/الميزان,0,699,4.5436,-0.8360
declination,الحمل/الميزان,0,701,4.6361,-0.8360
declination,الحمل/الميزان,0,703,4.7318,-0.8360
declination,الحمل/الميزان,0,705,4.8311,-0.8360
declination,الحمل/الميزان,0,706,4.8821,-0.8360
declination,الحمل/الميزان,0,707,4.9340,-0.8360
declination,الحمل/الميزان,0,708,4.9869,-0.8360
declination,الحمل/الميزان,0,709,5.0408,-0.8360
declination,الحمل/الميزان,0,710,5.0958,-0.8360
declination,الحمل/الميزان,0,711,5.1518,-0.8360
declination,الحمل/الميزان,0,712,5.2090,-0.8360
declination,الحمل/الميزان,0,713,5.2672,-0.8360
declination,الحمل/الميزان,0,714,5.3266,-0.8360
declination,الحمل/الميزان,0,715,5.3873,-0.8360
declination,الحمل/الميزان,0,716,5.4492,-0.8360
declination,الحمل/الميزان,0,717,5.5123,-0.8360
declination,الحمل/الميزان,0,718,5.5768,-0.8360
declination,الحمل/الميزان,0,719,5.6427,-0.8360
declination,الثور/السنبلة,0,0,-5.6918,-2.1975
declination,الثور/السنبلة,0,1,-5.6272,-2.1830
declination,الثور/السنبلة,0,2,-5.5639,-2.1688
declination,الثور/السنبلة,0,3,-5.5019,-2.1550
declination,الثور/السنبلة,0,4,-5.4412,-2.1414
declination,الثور/السنبلة,0,5,-5.3817,-2.1281
declination,الثور/السنبلة,0,6,-5.3233,-2.1151
declination,الثور/السنبلة,0,7,-5.2661,-2.1024
declination,الثور/السنبلة,0,8,-5.2100,-2.0899
declination,الثور/السنبلة,0,9,-5.1550,-2.0777
declination,الثور/السنبلة,0,10,-5.1010,-2.0657
declination,الثور/السنبلة,0,11,-5.0480,-2.0540
declination,الثور/السنبلة,0,12,-4.9961,-2.0425
declination,الثور/السنبلة,0,13,-4.9450,-2.0312
declination,الثور/السنبلة,0,14,-4.8949,-2.0201
declination,الثور/السنبلة,0,15,-4.8457,-2.0093
declination,الثور/السنبلة,0,17,-4.7499,-1.9882
declination,الثور/السنبلة,0,19,-4.6573,-1.9679
declination,الثور/السنبلة,0,21,-4.5680,-1.9484
declination,الثور/السنبلة,0,23,-4.4815,-1.9295
declination,الثور/السنبلة,0,25,-4.3979,-1.9113
declination,الثور/السنبلة,0,27,-4.3170,-1.8937
declination,الثور/السنبلة,0,29,-4.2386,-1.8768
declination,الثور/السنبلة,0,31,-4.1626,-1.8604
declination,الثور/السنبلة,0,33,-4.0890,-1.8445
declination,الثور/السنبلة,0,35,-4.0175,-1.8292
declination,الثور/السنبلة,0,37,-3.9481,-1.8144
declination,الثور/السنبلة,0,39,-3.8806,-1.8000
declination,الثور/السنبلة,0,41,-3.8151,-1.7861
declination,الثور/السنبلة,0,43,-3.7514,-1.7726
declination,الثور/السنبلة,0,45,-3.6895,-1.7595
declination,الثور/السنبلة,0,47,-3.6292,-1.7468
declination,الثور/السنبلة,0,49,-3.5705,-1.7345
declination,الثور/السنبلة,0,51,-3.5133,-1.7226
declination,الثور/السنبلة,0,53,-3.4575,-1.7110
declination,الثور/السنبلة,0,55,-3.4032,-1.6997
declination,الثور/السنبلة,0,57,-3.3502,-1.6888
declination,الثور/السنبلة,0,59,-3.2985,-1.6781
declination,الثور/السنبلة,0,61,-3.2480,-1.6678
declination,الثور/السنبلة,0,63,-3.1987,-1.6577
declination,الثور/السنبلة,0,66,-3.1269,-1.6431
declination,الثور/السنبلة,0,69,-3.0576,-1.6291
declination,الثور/السنبلة,0,72,-2.9905,-1.6156
declination,الثور/السنبلة,0,75,-2.9256,-1.6026
declination,الثور/السنبلة,0,78,-2.8628,-1.5902
declination,الثور/السنبلة,0,81,-2.8019,-1.5782
declination,الثور/السنبلة,0,84,-2.7428,-1.5666
declination,الثور/السنبلة,0,87,-2.6855,-1.5554
declination,الثور/السنبلة,0,90,-2.6298,-1.5447
declination,الثور/السنبلة,0,93,-2.5758,-1.5343
declination,الثور/السنبلة,0,96,-2.5232,-1.5243
declination,الثور/السنبلة,0,99,-2.4721,-1.5146
declination,الثور/السنبلة,0,102,-2.4223,-1.5053
declination,الثور/السنبلة,0,106,-2.3579,-1.4933
declination,الثور/السنبلة,0,110,-2.2958,-1.4818
declination,الثور/السنبلة,0,114,-2.2356,-1.4708
declination,الثور/السنبلة,0,118,-2.1774,-1.4604
declination,الثور/السنبلة,0,122,-2.1210,-1.4503
declination,الثور/السنبلة,0,126,-2.0664,-1.4406
declination,الثور/السنبلة,0,130,-2.0133,-1.4314
declination,الثور/السنبلة,0,134,-1.9618,-1.4225
declination,الثور/السنبلة,0,138,-1.9117,-1.4140
declination,الثور/السنبلة,0,143,-1.8510,-1.4038
declination,الثور/السنبلة,0,148,-1.7923,-1.3941
declination,الثور/السنبلة,0,153,-1.7355,-1.3849
declination,الثور/السنبلة,0,158,-1.6804,-1.3761
declination,الثور/السنبلة,0,163,-1.6270,-1.3677
declination,الثور/السنبلة,0,168,-1.5752,-1.3598
declination,الثور/السنبلة,0,173,-1.5247,-1.3522
declination,الثور/السنبلة,0,179,-1.4661,-1.3435
declination,الثور/السنبلة,0,185,-1.4092,-1.3353
declination,الثور/السنبلة,0,191,-1.3540,-1.3275
declination,الثور/السنبلة,0,197,-1.3005,-1.3202
declination,الثور/السنبلة,0,203,-1.2484,-1.3132
declination,الثور/السنبلة,0,209,-1.1977,-1.3067
declination,الثور/السنبلة,0,216,-1.1402,-1.2994
declination,الثور/السنبلة,0,223,-1.0843,-1.2927
declination,الثور/السنبلة,0,230,-1.0299,-1.2863
declination,الثور/السنبلة,0,237,-0.9769,-1.2804
declination,الثور/السنبلة,0,244,-0.9252,-1.2748
declination,الثور/السنبلة,0,251,-0.8746,-1.2697
declination,الثور/السنبلة,0,259,-0.8182,-1.2641
declination,الثور/السنبلة,0,267,-0.7631,-1.2591
declination,الثور/السنبلة,0,275,-0.7092,-1.2544
declination,الثور/السنبلة,0,283,-0.6563,-1.2501
declination,الثور/السنبلة,0,291,-0.6045,-1.2462
declination,الثور/السنبلة,0,299,-0.5535,-1.2426
declination,الثور/السنبلة,0,307,-0.5033,-1.2393
declination,الثور/السنبلة,0,316,-0.4477,-1.2361
declination,الثور/السنبلة,0,325,-0.3929,-1.2332
declination,الثور/السنبلة,0,334,-0.3388,-1.2308
declination,الثور/السنبلة,0,343,-0.2853,-1.2287
declination,الثور/السنبلة,0,352,-0.2322,-1.2270
declination,الثور/السنبلة,0,361,-0.1796,-1.2256
declination,الثور/السنبلة,0,370,-0.1272,-1.2246
declination,الثور/السنبلة,0,379,-0.0751,-1.2239
declination,الثور/السنبلة,0,388,-0.0231,-1.2236
declination,الثور/السنبلة,0,397,0.0289,-1.2236
declination,الثور/السنبلة,0,406,0.0809,-1.2240
declination,الثور/السنبلة,0,415,0.1330,-1.2247
declination,الثور/السنبلة,0,424,0.1854,-1.2257
declination,الثور/السنبلة,0,433,0.2381,-1.2271
declination,الثور/السنبلة,0,442,0.2912,-1.2289
declination,الثور/السنبلة,0,451,0.3448,-1.2310
declination,الثور/السنبلة,0,460,0.3990,-1.2335
declination,الثور/السنبلة,0,469,0.4539,-1.2364
declination,الثور/السنبلة,0,478,0.5095,-1.2397
declination,الثور/السنبلة,0,486,0.5598,-1.2430
declination,الثور/السنبلة,0,494,0.6109,-1.2466
declination,الثور/السنبلة,0,502,0.6629,-1.2506
declination,الثور/السنبلة,0,510,0.7158,-1.2549
declination,الثور/السنبلة,0,518,0.7699,-1.2597
declination,الثور/السنبلة,0,526,0.8252,-1.2648
declination,الثور/السنبلة,0,534,0.8818,-1.2704
declination,الثور/السنبلة,0,541,0.9325,-1.2756
declination,الثور/السنبلة,0,548,0.9844,-1.2812
declination,الثور/السنبلة,0,555,1.0376,-1.2872
declination,الثور/السنبلة,0,562,1.0922,-1.2936
declination,الثور/السنبلة,0,569,1.1483,-1.3004
declination,الثور/السنبلة,0,576,1.2060,-1.3077
declination,الثور/السنبلة,0,582,1.2570,-1.3144
declination,الثور/السنبلة,0,588,1.3093,-1.3214
declination,الثور/السنبلة,0,594,1.3631,-1.3288
declination,الثور/السنبلة,0,600,1.4185,-1.3366
declination,الثور/السنبلة,0,606,1.4757,-1.3449
declination,الثور/السنبلة,0,612,1.5347,-1.3536
declination,الثور/السنبلة,0,617,1.5854,-1.3613
declination,الثور/السنبلة,0,622,1.6376,-1.3694
declination,الثور/السنبلة,0,627,1.6913,-1.3778
declination,الثور/السنبلة,0,632,1.7467,-1.3867
declination,الثور/السنبلة,0,637,1.8039,-1.3960
declination,الثور/السنبلة,0,642,1.8630,-1.4058
declination,الثور/السنبلة,0,647,1.9241,-1.4161
declination,الثور/السنبلة,0,651,1.9745,-1.4247
declination,الثور/السنبلة,0,655,2.0264,-1.4337
declination,الثور/السنبلة,0,659,2.0799,-1.4430
declination,الثور/السنبلة,0,663,2.1350,-1.4528
declination,الثور/السنبلة,0,667,2.1918,-1.4629
declination,الثور/السنبلة,0,671,2.2505,-1.4735
declination,الثور/السنبلة,0,675,2.3111,-1.4846
declination,الثور/السنبلة,0,679,2.3738,-1.4962
declination,الثور/السنبلة,0,683,2.4387,-1.5083
declination,الثور/السنبلة,0,686,2.4890,-1.5178
declination,الثور/السنبلة,0,689,2.5406,-1.5276
declination,الثور/السنبلة,0,692,2.5936,-1.5377
declination,الثور/السنبلة,0,695,2.6482,-1.5482
declination,الثور/السنبلة,0,698,2.7044,-1.5591
declination,الثور/السنبلة,0,701,2.7623,-1.5704
declination,الثور/السنبلة,0,704,2.8219,-1.5821
declination,الثور/السنبلة,0,707,2.8835,-1.5943
declination,الثور/السنبلة,0,710,2.9470,-1.6069
declination,الثور/السنبلة,0,713,3.0126,-1.6200
declination,الثور/السنبلة,0,716,3.0804,-1.6337
declination,الثور/السنبلة,0,719,3.1506,-1.6479
declination,الثور/السنبلة,0,722,3.2232,-1.6627
declination,الثور/السنبلة,0,724,3.2731,-1.6729
declination,الثور/السنبلة,0,726,3.3242,-1.6834
declination,الثور/السنبلة,0,728,3.3765,-1.6942
declination,الثور/السنبلة,0,730,3.4302,-1.7053
declination,الثور/السنبلة,0,732,3.4852,-1.7168
declination,الثور/السنبلة,0,734,3.5417,-1.7285
declination,الثور/السنبلة,0,736,3.5996,-1.7406
declination,الثور/السنبلة,0,738,3.6591,-1.7531
declination,الثور/السنبلة,0,740,3.7202,-1.7660
declination,الثور/السنبلة,0,742,3.7831,-1.7793
declination,الثور/السنبلة,0,744,3.8477,-1.7930
declination,الثور/السنبلة,0,746,3.9141,-1.8071
declination,الثور/السنبلة,0,748,3.9825,-1.8217
declination,الثور/السنبلة,0,750,4.0529,-1.8368
declination,الثور/السنبلة,0,752,4.1255,-1.8524
declination,الثور/السنبلة,0,754,4.2003,-1.8685
declination,الثور/السنبلة,0,756,4.2775,-1.8852
declination,الثور/السنبلة,0,758,4.3571,-1.9024
declination,الثور/السنبلة,0,760,4.4394,-1.9203
declination,الثور/السنبلة,0,762,4.5244,-1.9388
declination,الثور/السنبلة,0,764,4.6123,-1.9580
declination,الثور/السنبلة,0,766,4.7032,-1.9780
declination,الثور/السنبلة,0,768,4.7974,-1.9987
declination,الثور/السنبلة,0,770,4.8949,-2.0201
declination,الثور/السنبلة,0,771,4.9450,-2.0312
declination,الثور/السنبلة,0,772,4.9961,-2.0425
declination,الثور/السنبلة,0,773,5.0480,-2.0540
declination,الثور/السنبلة,0,774,5.1010,-2.0657
declination,الثور/السنبلة,0,775,5.1550,-2.0777
declination,الثور/السنبلة,0,776,5.2100,-2.0899
declination,الثور/السنبلة,0,777,5.2661,-2.1024
declination,الثور/السنبلة,0,778,5.3233,-2.1151
declination,الثور/السنبلة,0,779,5.3817,-2.1281
declination,الثور/السنبلة,0,780,5.4412,-2.1414
declination,الثور/السنبلة,0,781,5.5019,-2.1550
declination,الثور/السنبلة,0,782,5.5639,-2.1688
declination,الثور/السنبلة,0,783,5.6272,-2.1830
declination,الثور/السنبلة,0,784,5.6918,-2.1975
declination,الجوزاء/الأسد,0,0,-4.5429,-2.7955
declination,الجوزاء/الأسد,0,2,-4.4602,-2.7625
declination,الجوزاء/الأسد,0,4,-4.3802,-2.7306
declination,الجوزاء/الأسد,0,6,-4.3027,-2.6998
declination,الجوزاء/الأسد,0,8,-4.2275,-2.6700
declination,الجوزاء/الأسد,0,10,-4.1546,-2.6412
declination,الجوزاء/الأسد,0,12,-4.0839,-2.6133
declination,الجوزاء/الأسد,0,14,-4.0152,-2.5863
declination,الجوزاء/الأسد,0,16,-3.9484,-2.5602
declination,الجوزاء/الأسد,0,18,-3.8836,-2.5349
declination,الجوزاء/الأسد,0,20,-3.8205,-2.5103
declination,الجوزاء/الأسد,0,22,-3.7592,-2.4865
declination,الجوزاء/الأسد,0,24,-3.6995,-2.4635
declination,الجوزاء/الأسد,0,26,-3.6413,-2.4410
declination,الجوزاء/الأسد,0,28,-3.5847,-2.4193
declination,الجوزاء/الأسد,0,30,-3.5295,-2.3982
declination,الجوزاء/الأسد,0,32,-3.4756,-2.3776
declination,الجوزاء/الأسد,0,34,-3.4231,-2.3577
declination,الجوزاء/الأسد,0,36,-3.3719,-2.3383
declination,الجوزاء/الأسد,0,38,-3.3219,-2.3194
declination,الجوزاء/الأسد,0,40,-3.2731,-2.3010
declination,الجوزاء/الأسد,0,42,-3.2254,-2.2831
declination,الجوزاء/الأسد,0,45,-3.1559,-2.2572
declination,الجوزاء/الأسد,0,48,-3.0886,-2.2323
declination,الجوزاء/الأسد,0,51,-3.0236,-2.2083
declination,الجوزاء/الأسد,0,54,-2.9607,-2.1852
declination,الجوزاء/الأسد,0,57,-2.8997,-2.1630
declination,الجوزاء/الأسد,0,60,-2.8406,-2.1416
declination,الجوزاء/الأسد,0,63,-2.7832,-2.1210
declination,الجوزاء/الأسد,0,66,-2.7275,-2.1011
declination,الجوزاء/الأسد,0,69,-2.6734,-2.0819
declination,الجوزاء/الأسد,0,72,-2.6208,-2.0633
declination,الجوزاء/الأسد,0,75,-2.5697,-2.0454
declination,الجوزاء/الأسد,0,78,-2.5199,-2.0281
declination,الجوزاء/الأسد,0,81,-2.4715,-2.0114
declination,الجوزاء/الأسد,0,85,-2.4088,-1.9899
declination,الجوزاء/الأسد,0,89,-2.3483,-1.9693
declination,الجوزاء/الأسد,0,93,-2.2897,-1.9496
declination,الجوزاء/الأسد,0,97,-2.2330,-1.9308
declination,الجوزاء/الأسد,0,101,-2.1780,-1.9127
declination,الجوزاء/الأسد,0,105,-2.1247,-1.8953
declination,الجوزاء/الأسد,0,109,-2.0730,-1.8787
declination,الجوزاء/الأسد,0,113,-2.0227,-1.8627
declination,الجوزاء/الأسد,0,117,-1.9739,-1.8473
declination,الجوزاء/الأسد,0,122,-1.9147,-1.8289
declination,الجوزاء/الأسد,0,127,-1.8574,-1.8114
declination,الجوزاء/الأسد,0,132,-1.8020,-1.7946
declination,الجوزاء/الأسد,0,137,-1.7483,-1.7787
declination,الجوزاء/الأسد,0,142,-1.6962,-1.7635
declination,الجوزاء/الأسد,0,147,-1.6456,-1.7490
declination,الجوزاء/الأسد,0,152,-1.5965,-1.7351
declination,الجوزاء/الأسد,0,158,-1.5393,-1.7193
declination,الجوزاء/الأسد,0,164,-1.4838,-1.7043
declination,الجوزاء/الأسد,0,170,-1.4301,-1.6901
declination,الجوزاء/الأسد,0,176,-1.3780,-1.6766
declination,الجوزاء/الأسد,0,182,-1.3273,-1.6638
declination,الجوزاء/الأسد,0,188,-1.2779,-1.6517
declination,الجوزاء/الأسد,0,195,-1.2220,-1.6383
declination,الجوزاء/الأسد,0,202,-1.1677,-1.6257
declination,الجوزاء/الأسد,0,209,-1.1150,-1.6139
declination,الجوزاء/الأسد,0,216,-1.0636,-1.6028
declination,الجوزاء/الأسد,0,223,-1.0135,-1.5923
declination,الجوزاء/الأسد,0,231,-0.9577,-1.5811
declination,الجوزاء/الأسد,0,239,-0.9033,-1.5707
declination,الجوزاء/الأسد,0,247,-0.8503,-1.5611
declination,الجوزاء/الأسد,0,255,-0.7985,-1.5521
declination,الجوزاء/الأسد,0,263,-0.7478,-1.5438
declination,الجوزاء/الأسد,0,271,-0.6982,-1.5361
declination,الجوزاء/الأسد,0,280,-0.6434,-1.5281
declination,الجوزاء/الأسد,0,289,-0.5897,-1.5209
declination,الجوزاء/الأسد,0,298,-0.5370,-1.5144
declination,الجوزاء/الأسد,0,307,-0.4851,-1.5085
declination,الجوزاء/الأسد,0,316,-0.4340,-1.5033
declination,الجوزاء/الأسد,0,325,-0.3836,-1.4987
declination,الجوزاء/الأسد,0,334,-0.3338,-1.4946
declination,الجوزاء/الأسد,0,344,-0.2790,-1.4908
declination,الجوزاء/الأسد,0,354,-0.2247,-1.4877
declination,الجوزاء/الأسد,0,364,-0.1708,-1.4853
declination,الجوزاء/الأسد,0,374,-0.1172,-1.4835
declination,الجوزاء/الأسد,0,384,-0.0639,-1.4824
declination,الجوزاء/الأسد,0,394,-0.0106,-1.4820
declination,الجوزاء/الأسد,0,404,0.0426,-1.4822
declination,الجوزاء/الأسد,0,414,0.0959,-1.4830
declination,الجوزاء/الأسد,0,424,0.1493,-1.4845
declination,الجوزاء/الأسد,0,434,0.2031,-1.4867
declination,الجوزاء/الأسد,0,444,0.2572,-1.4895
declination,الجوزاء/الأسد,0,454,0.3118,-1.4930
declination,الجوزاء/الأسد,0,464,0.3669,-1.4973
declination,الجوزاء/الأسد,0,473,0.4172,-1.5017
declination,الجوزاء/الأسد,0,482,0.4680,-1.5067
declination,الجوزاء/الأسد,0,491,0.5196,-1.5124
declination,الجوزاء/الأسد,0,500,0.5721,-1.5187
declination,الجوزاء/الأسد,0,509,0.6254,-1.5257
declination,الجوزاء/الأسد,0,518,0.6798,-1.5333
declination,الجوزاء/الأسد,0,527,0.7353,-1.5418
declination,الجوزاء/الأسد,0,535,0.7858,-1.5499
declination,الجوزاء/الأسد,0,543,0.8373,-1.5588
declination,الجوزاء/الأسد,0,551,0.8900,-1.5682
declination,الجوزاء/الأسد,0,559,0.9440,-1.5785
declination,الجوزاء/الأسد,0,567,0.9994,-1.5894
declination,الجوزاء/الأسد,0,574,1.0491,-1.5997
declination,الجوزاء/الأسد,0,581,1.1001,-1.6106
declination,الجوزاء/الأسد,0,588,1.1525,-1.6223
declination,الجوزاء/الأسد,0,595,1.2064,-1.6346
declination,الجوزاء/الأسد,0,602,1.2618,-1.6478
declination,الجوزاء/الأسد,0,608,1.3107,-1.6597
declination,الجوزاء/الأسد,0,614,1.3609,-1.6722
declination,الجوزاء/الأسد,0,620,1.4126,-1.6855
declination,الجوزاء/الأسد,0,626,1.4658,-1.6994
declination,الجوزاء/الأسد,0,632,1.5206,-1.7142
declination,الجوزاء/الأسد,0,638,1.5772,-1.7297
declination,الجوزاء/الأسد,0,643,1.6258,-1.7434
declination,الجوزاء/الأسد,0,648,1.6758,-1.7576
declination,الجوزاء/الأسد,0,653,1.7273,-1.7725
declination,الجوزاء/الأسد,0,658,1.7803,-1.7882
declination,الجوزاء/الأسد,0,663,1.8350,-1.8046
declination,الجوزاء/الأسد,0,668,1.8916,-1.8218
declination,الجوزاء/الأسد,0,673,1.9500,-1.8398
declination,الجوزاء/الأسد,0,677,1.9981,-1.8549
declination,الجوزاء/الأسد,0,681,2.0477,-1.8706
declination,الجوزاء/الأسد,0,685,2.0987,-1.8869
declination,الجوزاء/الأسد,0,689,2.1512,-1.9039
declination,الجوزاء/الأسد,0,693,2.2053,-1.9216
declination,الجوزاء/الأسد,0,697,2.2611,-1.9401
declination,الجوزاء/الأسد,0,701,2.3188,-1.9594
declination,الجوزاء/الأسد,0,705,2.3783,-1.9795
declination,الجوزاء/الأسد,0,709,2.4399,-2.0005
declination,الجوزاء/الأسد,0,712,2.4875,-2.0169
declination,الجوزاء/الأسد,0,715,2.5364,-2.0338
declination,الجوزاء/الأسد,0,718,2.5866,-2.0513
declination,الجوزاء/الأسد,0,721,2.6382,-2.0694
declination,الجوزاء/الأسد,0,724,2.6913,-2.0882
declination,الجوزاء/الأسد,0,727,2.7459,-2.1076
declination,الجوزاء/الأسد,0,730,2.8021,-2.1278
declination,الجوزاء/الأسد,0,733,2.8601,-2.1487
declination,الجوزاء/الأسد,0,736,2.9198,-2.1703
declination,الجوزاء/الأسد,0,739,2.9814,-2.1928
declination,الجوزاء/الأسد,0,742,3.0451,-2.2162
declination,الجوزاء/الأسد,0,745,3.1108,-2.2405
declination,الجوزاء/الأسد,0,748,3.1788,-2.2657
declination,الجوزاء/الأسد,0,751,3.2491,-2.2920
declination,الجوزاء/الأسد,0,753,3.2973,-2.3101
declination,الجوزاء/الأسد,0,755,3.3468,-2.3288
declination,الجوزاء/الأسد,0,757,3.3974,-2.3479
declination,الجوزاء/الأسد,0,759,3.4492,-2.3676
declination,الجوزاء/الأسد,0,761,3.5024,-2.3878
declination,الجوزاء/الأسد,0,763,3.5569,-2.4086
declination,الجوزاء/الأسد,0,765,3.6128,-2.4301
declination,الجوزاء/الأسد,0,767,3.6702,-2.4522
declination,الجوزاء/الأسد,0,769,3.7291,-2.4749
declination,الجوزاء/الأسد,0,771,3.7896,-2.4984
declination,الجوزاء/الأسد,0,773,3.8518,-2.5225
declination,الجوزاء/الأسد,0,775,3.9158,-2.5474
declination,الجوزاء/الأسد,0,777,3.9816,-2.5732
declination,الجوزاء/الأسد,0,779,4.0493,-2.5997
declination,الجوزاء/الأسد,0,781,4.1190,-2.6271
declination,الجوزاء/الأسد,0,783,4.1908,-2.6555
declination,الجوزاء/الأسد,0,785,4.2648,-2.6848
declination,الجوزاء/الأسد,0,787,4.3411,-2.7151
declination,الجوزاء/الأسد,0,789,4.4199,-2.7464
declination,الجوزاء/الأسد,0,791,4.5012,-2.7789
declination,الجوزاء/الأسد,0,792,4.5429,-2.7955
declination,السرطان,0,0,-3.8010,-2.7881
declination,السرطان,0,2,-3.7411,-2.7605
declination,السرطان,0,4,-3.6829,-2.7337
declination,السرطان,0,6,-3.6261,-2.7077
declination,السرطان,0,8,-3.5708,-2.6824
declination,السرطان,0,10,-3.5168,-2.6578
declination,السرطان,0,12,-3.4642,-2.6340
declination,السرطان,0,14,-3.4129,-2.6108
declination,السرطان,0,16,-3.3628,-2.5882
declination,السرطان,0,18,-3.3139,-2.5662
declination,السرطان,0,20,-3.2661,-2.5449
declination,السرطان,0,22,-3.2194,-2.5241
declination,السرطان,0,25,-3.1513,-2.4939
declination,السرطان,0,28,-3.0855,-2.4648
declination,السرطان,0,31,-3.0217,-2.4369
declination,السرطان,0,34,-2.9600,-2.4100
declination,السرطان,0,37,-2.9002,-2.3841
declination,السرطان,0,40,-2.8422,-2.3591
declination,السرطان,0,43,-2.7859,-2.3350
declination,السرطان,0,46,-2.7312,-2.3117
declination,السرطان,0,49,-2.6781,-2.2893
declination,السرطان,0,52,-2.6264,-2.2676
declination,السرطان,0,55,-2.5762,-2.2467
declination,السرطان,0,58,-2.5273,-2.2264
declination,السرطان,0,61,-2.4796,-2.2068
declination,السرطان,0,64,-2.4332,-2.1879
declination,السرطان,0,68,-2.3731,-2.1636
declination,السرطان,0,72,-2.3150,-2.1403
declination,السرطان,0,76,-2.2587,-2.1179
declination,السرطان,0,80,-2.2042,-2.0965
declination,السرطان,0,84,-2.1513,-2.0759
declination,السرطان,0,88,-2.1000,-2.0562
declination,السرطان,0,92,-2.0501,-2.0372
declination,السرطان,0,96,-2.0016,-2.0189
declination,السرطان,0,100,-1.9544,-2.0014
declination,السرطان,0,105,-1.8973,-1.9804
declination,السرطان,0,110,-1.8419,-1.9604
declination,السرطان,0,115,-1.7883,-1.9413
declination,السرطان,0,120,-1.7363,-1.9230
declination,السرطان,0,125,-1.6858,-1.9056
declination,السرطان,0,130,-1.6367,-1.8889
declination,السرطان,0,135,-1.5891,-1.8730
declination,السرطان,0,141,-1.5335,-1.8548
declination,السرطان,0,147,-1.4797,-1.8376
declination,السرطان,0,153,-1.4274,-1.8212
declination,السرطان,0,159,-1.3767,-1.8057
declination,السرطان,0,165,-1.3274,-1.7910
declination,السرطان,0,171,-1.2794,-1.7770
declination,السرطان,0,178,-1.2249,-1.7615
declination,السرطان,0,185,-1.1720,-1.7470
declination,السرطان,0,192,-1.1205,-1.7333
declination,السرطان,0,199,-1.0704,-1.7204
declination,السرطان,0,206,-1.0215,-1.7082
declination,السرطان,0,214,-0.9671,-1.6952
declination,السرطان,0,222,-0.9140,-1.6831
declination,السرطان,0,230,-0.8623,-1.6718
declination,السرطان,0,238,-0.8117,-1.6613
declination,السرطان,0,246,-0.7622,-1.6515
declination,السرطان,0,255,-0.7077,-1.6414
declination,السرطان,0,264,-0.6544,-1.6321
declination,السرطان,0,273,-0.6020,-1.6237
declination,السرطان,0,282,-0.5507,-1.6160
declination,السرطان,0,291,-0.5001,-1.6091
declination,السرطان,0,300,-0.4504,-1.6028
declination,السرطان,0,310,-0.3958,-1.5967
declination,السرطان,0,320,-0.3420,-1.5915
declination,السرطان,0,330,-0.2888,-1.5870
declination,السرطان,0,340,-0.2360,-1.5833
declination,السرطان,0,350,-0.1837,-1.5803
declination,السرطان,0,360,-0.1318,-1.5781
declination,السرطان,0,370,-0.0800,-1.5766
declination,السرطان,0,380,-0.0284,-1.5759
declination,السرطان,0,390,0.0232,-1.5758
declination,السرطان,0,400,0.0748,-1.5765
declination,السرطان,0,410,0.1266,-1.5779
declination,السرطان,0,420,0.1785,-1.5801
declination,السرطان,0,430,0.2308,-1.5829
declination,السرطان,0,440,0.2835,-1.5866
declination,السرطان,0,450,0.3366,-1.5910
declination,السرطان,0,460,0.3904,-1.5962
declination,السرطان,0,470,0.4449,-1.6022
declination,السرطان,0,479,0.4946,-1.6083
declination,السرطان,0,488,0.5450,-1.6152
declination,السرطان,0,497,0.5963,-1.6228
declination,السرطان,0,506,0.6485,-1.6312
declination,السرطان,0,515,0.7017,-1.6403
declination,السرطان,0,524,0.7561,-1.6504
declination,السرطان,0,532,0.8054,-1.6600
declination,السرطان,0,540,0.8559,-1.6704
declination,السرطان,0,548,0.9075,-1.6816
declination,السرطان,0,556,0.9604,-1.6936
declination,السرطان,0,564,1.0146,-1.7065
declination,السرطان,0,571,1.0633,-1.7186
declination,السرطان,0,578,1.1133,-1.7314
declination,السرطان,0,585,1.1645,-1.7449
declination,السرطان,0,592,1.2172,-1.7594
declination,السرطان,0,599,1.2715,-1.7747
declination,السرطان,0,606,1.3274,-1.7910
declination,السرطان,0,612,1.3767,-1.8057
declination,السرطان,0,618,1.4274,-1.8212
declination,السرطان,0,624,1.4797,-1.8376
declination,السرطان,0,630,1.5335,-1.8548
declination,السرطان,0,636,1.5891,-1.8730
declination,السرطان,0,641,1.6367,-1.8889
declination,السرطان,0,646,1.6858,-1.9056
declination,السرطان,0,651,1.7363,-1.9230
declination,السرطان,0,656,1.7883,-1.9413
declination,السرطان,0,661,1.8419,-1.9604
declination,السرطان,0,666,1.8973,-1.9804
declination,السرطان,0,671,1.9544,-2.0014
declination,السرطان,0,675,2.0016,-2.0189
declination,السرطان,0,679,2.0501,-2.0372
declination,السرطان,0,683,2.1000,-2.0562
declination,السرطان,0,687,2.1513,-2.0759
declination,السرطان,0,691,2.2042,-2.0965
declination,السرطان,0,695,2.2587,-2.1179
declination,السرطان,0,699,2.3150,-2.1403
declination,السرطان,0,703,2.3731,-2.1636
declination,السرطان,0,707,2.4332,-2.1879
declination,السرطان,0,710,2.4796,-2.2068
declination,السرطان,0,713,2.5273,-2.2264
declination,السرطان,0,716,2.5762,-2.2467
declination,السرطان,0,719,2.6264,-2.2676
declination,السرطان,0,722,2.6781,-2.2893
declination,السرطان,0,725,2.7312,-2.3117
declination,السرطان,0,728,2.7859,-2.3350
declination,السرطان,0,731,2.8422,-2.3591
declination,السرطان,0,734,2.9002,-2.3841
declination,السرطان,0,737,2.9600,-2.4100
declination,السرطان,0,740,3.0217,-2.4369
declination,السرطان,0,743,3.0855,-2.4648
declination,السرطان,0,746,3.1513,-2.4939
declination,السرطان,0,749,3.2194,-2.5241
declination,السرطان,0,751,3.2661,-2.5449
declination,السرطان,0,753,3.3139,-2.5662
declination,السرطان,0,755,3.3628,-2.5882
declination,السرطان,0,757,3.4129,-2.6108
declination,السرطان,0,759,3.4642,-2.6340
declination,السرطان,0,761,3.5168,-2.6578
declination,السرطان,0,763,3.5708,-2.6824
declination,السرطان,0,765,3.6261,-2.7077
declination,السرطان,0,767,3.6829,-2.7337
declination,السرطان,0,769,3.7411,-2.7605
declination,السرطان,0,771,3.8010,-2.7881
declination,الحوت/العقرب,0,0,-5.6744,0.6244
declination,الحوت/العقرب,0,1,-5.6053,0.6089
declination,الحوت/العقرب,0,2,-5.5378,0.5938
declination,الحوت/العقرب,0,3,-5.4716,0.5790
declination,الحوت/العقرب,0,4,-5.4069,0.5645
declination,الحوت/العقرب,0,5,-5.3434,0.5504
declination,الحوت/العقرب,0,6,-5.2813,0.5366
declination,الحوت/العقرب,0,7,-5.2204,0.5230
declination,الحوت/العقرب,0,8,-5.1607,0.5098
declination,الحوت/العقرب,0,9,-5.1022,0.4968
declination,الحوت/العقرب,0,10,-5.0448,0.4841
declination,الحوت/العقرب,0,11,-4.9886,0.4716
declination,الحوت/العقرب,0,12,-4.9334,0.4594
declination,الحوت/العقرب,0,13,-4.8792,0.4475
declination,الحوت/العقرب,0,14,-4.8261,0.4358
declination,الحوت/العقرب,0,15,-4.7739,0.4243
declination,الحوت/العقرب,0,16,-4.7227,0.4131
declination,الحوت/العقرب,0,17,-4.6724,0.4020
declination,الحوت/العقرب,0,18,-4.6231,0.3912
declination,الحوت/العقرب,0,20,-4.5269,0.3702
declination,الحوت/العقرب,0,22,-4.4340,0.3499
declination,الحوت/العقرب,0,24,-4.3443,0.3304
declination,الحوت/العقرب,0,26,-4.2575,0.3117
declination,الحوت/العقرب,0,28,-4.1735,0.2935
declination,الحوت/العقرب,0,30,-4.0922,0.2760
declination,الحوت/العقرب,0,32,-4.0134,0.2591
declination,الحوت/العقرب,0,34,-3.9371,0.2428
declination,الحوت/العقرب,0,36,-3.8630,0.2271
declination,الحوت/العقرب,0,38,-3.7911,0.2118
declination,الحوت/العقرب,0,40,-3.7213,0.1970
declination,الحوت/العقرب,0,42,-3.6535,0.1828
declination,الحوت/العقرب,0,44,-3.5876,0.1689
declination,الحوت/العقرب,0,46,-3.5234,0.1555
declination,الحوت/العقرب,0,48,-3.4611,0.1425
declination,الحوت/العقرب,0,50,-3.4003,0.1299
declination,الحوت/العقرب,0,52,-3.3412,0.1177
declination,الحوت/العقرب,0,54,-3.2835,0.1059
declination,الحوت/العقرب,0,56,-3.2274,0.0943
declination,الحوت/العقرب,0,58,-3.1726,0.0832
declination,الحوت/العقرب,0,60,-3.1191,0.0723
declination,الحوت/العقرب,0,62,-3.0669,0.0618
declination,الحوت/العقرب,0,64,-3.0160,0.0515
declination,الحوت/العقرب,0,66,-2.9662,0.0415
declination,الحوت/العقرب,0,69,-2.8937,0.0271
declination,الحوت/العقرب,0,72,-2.8236,0.0132
declination,الحوت/العقرب,0,75,-2.7558,-0.0001
declination,الحوت/العقرب,0,78,-2.6901,-0.0129
declination,الحوت/العقرب,0,81,-2.6265,-0.0252
declination,الحوت/العقرب,0,84,-2.5647,-0.0370
declination,الحوت/العقرب,0,87,-2.5049,-0.0484
declination,الحوت/العقرب,0,90,-2.4467,-0.0594
declination,الحوت/العقرب,0,93,-2.3902,-0.0699
declination,الحوت/العقرب,0,96,-2.3353,-0.0801
declination,الحوت/العقرب,0,99,-2.2818,-0.0899
declination,الحوت/العقرب,0,102,-2.2297,-0.0994
declination,الحوت/العقرب,0,105,-2.1791,-0.1086
declination,الحوت/العقرب,0,108,-2.1296,-0.1174
declination,الحوت/العقرب,0,112,-2.0656,-0.1287
declination,الحوت/العقرب,0,116,-2.0037,-0.1395
declination,الحوت/العقرب,0,120,-1.9437,-0.1498
declination,الحوت/العقرب,0,124,-1.8854,-0.1596
declination,الحوت/العقرب,0,128,-1.8289,-0.1691
declination,الحوت/العقرب,0,132,-1.7740,-0.1781
declination,الحوت/العقرب,0,136,-1.7206,-0.1867
declination,الحوت/العقرب,0,140,-1.6686,-0.1949
declination,الحوت/العقرب,0,144,-1.6180,-0.2029
declination,الحوت/العقرب,0,149,-1.5565,-0.2123
declination,الحوت/العقرب,0,154,-1.4969,-0.2212
declination,الحوت/العقرب,0,159,-1.4390,-0.2297
declination,الحوت/العقرب,0,164,-1.3827,-0.2377
declination,الحوت/العقرب,0,169,-1.3279,-0.2453
declination,الحوت/العقرب,0,174,-1.2746,-0.2525
declination,الحوت/العقرب,0,179,-1.2226,-0.2593
declination,الحوت/العقرب,0,184,-1.1718,-0.2658
declination,الحوت/العقرب,0,190,-1.1124,-0.2732
declination,الحوت/العقرب,0,196,-1.0546,-0.2800
declination,الحوت/العقرب,0,202,-0.9982,-0.2864
declination,الحوت/العقرب,0,208,-0.9431,-0.2925
declination,الحوت/العقرب,0,214,-0.8893,-0.2981
declination,الحوت/العقرب,0,220,-0.8365,-0.3033
declination,الحوت/العقرب,0,226,-0.7849,-0.3082
declination,الحوت/العقرب,0,232,-0.7342,-0.3127
declination,الحوت/العقرب,0,238,-0.6843,-0.3169
declination,الحوت/العقرب,0,245,-0.6272,-0.3214
declination,الحوت/العقرب,0,252,-0.5711,-0.3254
declination,الحوت/العقرب,0,259,-0.5158,-0.3291
declination,الحوت/العقرب,0,266,-0.4614,-0.3323
declination,الحوت/العقرب,0,273,-0.4076,-0.3352
declination,الحوت/العقرب,0,280,-0.3545,-0.3377
declination,الحوت/العقرب,0,287,-0.3018,-0.3399
declination,الحوت/العقرب,0,294,-0.2497,-0.3417
declination,الحوت/العقرب,0,301,-0.1979,-0.3432
declination,الحوت/العقرب,0,308,-0.1463,-0.3443
declination,الحوت/العقرب,0,315,-0.0950,-0.3451
declination,الحوت/العقرب,0,322,-0.0438,-0.3455
declination,الحوت/العقرب,0,329,0.0073,-0.3456
declination,الحوت/العقرب,0,336,0.0584,-0.3454
declination,الحوت/العقرب,0,343,0.1096,-0.3449
declination,الحوت/العقرب,0,350,0.1610,-0.3440
declination,الحوت/العقرب,0,357,0.2126,-0.3428
declination,الحوت/العقرب,0,364,0.2645,-0.3412
declination,الحوت/العقرب,0,371,0.3168,-0.3393
declination,الحوت/العقرب,0,378,0.3696,-0.3371
declination,الحوت/العقرب,0,385,0.4229,-0.3344
declination,الحوت/العقرب,0,392,0.4769,-0.3314
declination,الحوت/العقرب,0,399,0.5315,-0.3281
declination,الحوت/العقرب,0,406,0.5870,-0.3243
declination,الحوت/العقرب,0,413,0.6434,-0.3201
declination,الحوت/العقرب,0,420,0.7008,-0.3155
declination,الحوت/العقرب,0,426,0.7510,-0.3112
declination,الحوت/العقرب,0,432,0.8020,-0.3066
declination,الحوت/العقرب,0,438,0.8540,-0.3016
declination,الحوت/العقرب,0,444,0.9071,-0.2962
declination,الحوت/العقرب,0,450,0.9613,-0.2905
declination,الحوت/العقرب,0,456,1.0168,-0.2844
declination,الحوت/العقرب,0,462,1.0737,-0.2778
declination,الحوت/العقرب,0,468,1.1320,-0.2708
declination,الحوت/العقرب,0,473,1.1819,-0.2646
declination,الحوت/العقرب,0,478,1.2329,-0.2580
declination,الحوت/العقرب,0,483,1.2851,-0.2511
declination,الحوت/العقرب,0,488,1.3388,-0.2438
declination,الحوت/العقرب,0,493,1.3938,-0.2361
declination,الحوت/العقرب,0,498,1.4504,-0.2280
declination,الحوت/العقرب,0,503,1.5086,-0.2195
declination,الحوت/العقرب,0,508,1.5686,-0.2104
declination,الحوت/العقرب,0,513,1.6305,-0.2009
declination,الحوت/العقرب,0,517,1.6815,-0.1929
declination,الحوت/العقرب,0,521,1.7338,-0.1846
declination,الحوت/العقرب,0,525,1.7876,-0.1758
declination,الحوت/العقرب,0,529,1.8429,-0.1667
declination,الحوت/العقرب,0,533,1.8998,-0.1572
declination,الحوت/العقرب,0,537,1.9585,-0.1472
declination,الحوت/العقرب,0,541,2.0190,-0.1368
declination,الحوت/العقرب,0,545,2.0814,-0.1259
declination,الحوت/العقرب,0,549,2.1460,-0.1145
declination,الحوت/العقرب,0,552,2.1958,-0.1056
declination,الحوت/العقرب,0,555,2.2469,-0.0963
declination,الحوت/العقرب,0,558,2.2995,-0.0867
declination,الحوت/العقرب,0,561,2.3534,-0.0768
declination,الحوت/العقرب,0,564,2.4089,-0.0665
declination,الحوت/العقرب,0,567,2.4659,-0.0558
declination,الحوت/العقرب,0,570,2.5246,-0.0447
declination,الحوت/العقرب,0,573,2.5851,-0.0331
declination,الحوت/العقرب,0,576,2.6475,-0.0211
declination,الحوت/العقرب,0,579,2.7118,-0.0087
declination,الحوت/العقرب,0,582,2.7781,0.0043
declination,الحوت/العقرب,0,585,2.8467,0.0178
declination,الحوت/العقرب,0,588,2.9176,0.0318
declination,الحوت/العقرب,0,591,2.9910,0.0465
declination,الحوت/العقرب,0,593,3.0413,0.0566
declination,الحوت/العقرب,0,595,3.0929,0.0670
declination,الحوت/العقرب,0,597,3.1457,0.0777
declination,الحوت/العقرب,0,599,3.1998,0.0887
declination,الحوت/العقرب,0,601,3.2553,0.1001
declination,الحوت/العقرب,0,603,3.3122,0.1117
declination,الحوت/العقرب,0,605,3.3706,0.1238
declination,الحوت/العقرب,0,607,3.4305,0.1362
declination,الحوت/العقرب,0,609,3.4920,0.1490
declination,الحوت/العقرب,0,611,3.5553,0.1622
declination,الحوت/العقرب,0,613,3.6203,0.1758
declination,الحوت/العقرب,0,615,3.6872,0.1898
declination,الحوت/العقرب,0,617,3.7560,0.2044
declination,الحوت/العقرب,0,619,3.8268,0.2194
declination,الحوت/العقرب,0,621,3.8998,0.2349
declination,الحوت/العقرب,0,623,3.9750,0.2509
declination,الحوت/العقرب,0,625,4.0525,0.2675
declination,الحوت/العقرب,0,627,4.1325,0.2847
declination,الحوت/العقرب,0,629,4.2152,0.3025
declination,الحوت/العقرب,0,631,4.3005,0.3210
declination,الحوت/العقرب,0,633,4.3888,0.3401
declination,الحوت/العقرب,0,635,4.4800,0.3600
declination,الحوت/العقرب,0,637,4.5745,0.3806
declination,الحوت/العقرب,0,639,4.6724,0.4020
declination,الحوت/العقرب,0,640,4.7227,0.4131
declination,الحوت/العقرب,0,641,4.7739,0.4243
declination,الحوت/العقرب,0,642,4.8261,0.4358
declination,الحوت/العقرب,0,643,4.8792,0.4475
declination,الحوت/العقرب,0,644,4.9334,0.4594
declination,الحوت/العقرب,0,645,4.9886,0.4716
declination,الحوت/العقرب,0,646,5.0448,0.4841
declination,الحوت/العقرب,0,647,5.1022,0.4968
declination,الحوت/العقرب,0,648,5.1607,0.5098
declination,الحوت/العقرب,0,649,5.2204,0.5230
declination,الحوت/العقرب,0,650,5.2813,0.5366
declination,الحوت/العقرب,0,651,5.3434,0.5504
declination,الحوت/العقرب,0,652,5.4069,0.5645
declination,الحوت/العقرب,0,653,5.4716,0.5790
declination,الحوت/العقرب,0,654,5.5378,0.5938
declination,الحوت/العقرب,0,655,5.6053,0.6089
declination,الحوت/العقرب,0,656,5.6744,0.6244
declination,الدلو/القوس,0,0,-5.6633,1.9259
declination,الدلو/القوس,0,1,-5.5922,1.8967
declination,الدلو/القوس,0,2,-5.5226,1.8681
declination,الدلو/القوس,0,3,-5.4545,1.8402
declination,الدلو/القوس,0,4,-5.3879,1.8130
declination,الدلو/القوس,0,5,-5.3227,1.7863
declination,الدلو/القوس,0,6,-5.2588,1.7602
declination,الدلو/القوس,0,7,-5.1962,1.7347
declination,الدلو/القوس,0,8,-5.1348,1.7097
declination,الدلو/القوس,0,9,-5.0747,1.6853
declination,الدلو/القوس,0,10,-5.0158,1.6614
declination,الدلو/القوس,0,11,-4.9580,1.6379
declination,الدلو/القوس,0,12,-4.9013,1.6150
declination,الدلو/القوس,0,13,-4.8457,1.5925
declination,الدلو/القوس,0,14,-4.7912,1.5705
declination,الدلو/القوس,0,15,-4.7377,1.5490
declination,الدلو/القوس,0,16,-4.6851,1.5278
declination,الدلو/القوس,0,17,-4.6336,1.5071
declination,الدلو/القوس,0,18,-4.5829,1.4868
declination,الدلو/القوس,0,19,-4.5332,1.4669
declination,الدلو/القوس,0,20,-4.4843,1.4473
declination,الدلو/القوس,0,21,-4.4363,1.4282
declination,الدلو/القوس,0,22,-4.3891,1.4094
declination,الدلو/القوس,0,24,-4.2971,1.3728
declination,الدلو/القوس,0,26,-4.2082,1.3376
declination,الدلو/القوس,0,28,-4.1223,1.3036
declination,الدلو/القوس,0,30,-4.0390,1.2709
declination,الدلو/القوس,0,32,-3.9584,1.2393
declination,الدلو/القوس,0,34,-3.8802,1.2088
declination,الدلو/القوس,0,36,-3.8045,1.1793
declination,الدلو/القوس,0,38,-3.7309,1.1508
declination,الدلو/القوس,0,40,-3.6595,1.1233
declination,الدلو/القوس,0,42,-3.5902,1.0966
declination,الدلو/القوس,0,44,-3.5228,1.0708
declination,الدلو/القوس,0,46,-3.4572,1.0458
declination,الدلو/القوس,0,48,-3.3935,1.0216
declination,الدلو/القوس,0,50,-3.3314,0.9982
declination,الدلو/القوس,0,52,-3.2709,0.9754
declination,الدلو/القوس,0,54,-3.2121,0.9534
declination,الدلو/القوس,0,56,-3.1546,0.9320
declination,الدلو/القوس,0,58,-3.0987,0.9112
declination,الدلو/القوس,0,60,-3.0440,0.8910
declination,الدلو/القوس,0,62,-2.9907,0.8715
declination,الدلو/القوس,0,64,-2.9387,0.8524
declination,الدلو/القوس,0,66,-2.8879,0.8340
declination,الدلو/القوس,0,68,-2.8382,0.8160
declination,الدلو/القوس,0,70,-2.7896,0.7985
declination,الدلو/القوس,0,72,-2.7421,0.7815
declination,الدلو/القوس,0,75,-2.6728,0.7569
declination,الدلو/القوس,0,78,-2.6057,0.7332
declination,الدلو/القوس,0,81,-2.5407,0.7105
declination,الدلو/القوس,0,84,-2.4776,0.6887
declination,الدلو/القوس,0,87,-2.4164,0.6677
declination,الدلو/القوس,0,90,-2.3569,0.6475
declination,الدلو/القوس,0,93,-2.2991,0.6280
declination,الدلو/القوس,0,96,-2.2429,0.6093
declination,الدلو/القوس,0,99,-2.1882,0.5912
declination,الدلو/القوس,0,102,-2.1349,0.5739
declination,الدلو/القوس,0,105,-2.0830,0.5571
declination,الدلو/القوس,0,108,-2.0324,0.5409
declination,الدلو/القوس,0,111,-1.9830,0.5254
declination,الدلو/القوس,0,114,-1.9348,0.5103
declination,الدلو/القوس,0,118,-1.8723,0.4911
declination,الدلو/القوس,0,122,-1.8117,0.4728
declination,الدلو/القوس,0,126,-1.7528,0.4552
declination,الدلو/القوس,0,130,-1.6956,0.4385
declination,الدلو/القوس,0,134,-1.6399,0.4226
declination,الدلو/القوس,0,138,-1.5857,0.4073
declination,الدلو/القوس,0,142,-1.5329,0.3927
declination,الدلو/القوس,0,146,-1.4814,0.3788
declination,الدلو/القوس,0,150,-1.4311,0.3655
declination,الدلو/القوس,0,154,-1.3820,0.3528
declination,الدلو/القوس,0,159,-1.3222,0.3377
declination,الدلو/القوس,0,164,-1.2639,0.3235
declination,الدلو/القوس,0,169,-1.2072,0.3100
declination,الدلو/القوس,0,174,-1.1518,0.2973
declination,الدلو/القوس,0,179,-1.0978,0.2853
declination,الدلو/القوس,0,184,-1.0450,0.2741
declination,الدلو/القوس,0,189,-0.9933,0.2634
declination,الدلو/القوس,0,194,-0.9426,0.2534
declination,الدلو/القوس,0,199,-0.8929,0.2440
declination,الدلو/القوس,0,205,-0.8345,0.2335
declination,الدلو/القوس,0,211,-0.7773,0.2238
declination,الدلو/القوس,0,217,-0.7211,0.2148
declination,الدلو/القوس,0,223,-0.6660,0.2066
declination,الدلو/القوس,0,229,-0.6118,0.1990
declination,الدلو/القوس,0,235,-0.5584,0.1922
declination,الدلو/القوس,0,241,-0.5058,0.1860
declination,الدلو/القوس,0,247,-0.4538,0.1805
declination,الدلو/القوس,0,253,-0.4024,0.1755
declination,الدلو/القوس,0,259,-0.3515,0.1712
declination,الدلو/القوس,0,265,-0.3010,0.1675
declination,الدلو/القوس,0,271,-0.2510,0.1644
declination,الدلو/القوس,0,278,-0.1929,0.1614
declination,الدلو/القوس,0,285,-0.1353,0.1593
declination,الدلو/القوس,0,292,-0.0778,0.1579
declination,الدلو/القوس,0,299,-0.0205,0.1572
declination,الدلو/القوس,0,306,0.0368,0.1573
declination,الدلو/القوس,0,313,0.0942,0.1582
declination,الدلو/القوس,0,320,0.1517,0.1598
declination,الدلو/القوس,0,327,0.2095,0.1622
declination,الدلو/القوس,0,334,0.2676,0.1654
declination,الدلو/القوس,0,340,0.3178,0.1687
declination,الدلو/القوس,0,346,0.3684,0.1726
declination,الدلو/القوس,0,352,0.4194,0.1771
declination,الدلو/القوس,0,358,0.4710,0.1822
declination,الدلو/القوس,0,364,0.5232,0.1880
declination,الدلو/القوس,0,370,0.5761,0.1944
declination,الدلو/القوس,0,376,0.6298,0.2015
declination,الدلو/القوس,0,382,0.6843,0.2092
declination,الدلو/القوس,0,388,0.7397,0.2177
declination,الدلو/القوس,0,394,0.7962,0.2269
declination,الدلو/القوس,0,400,0.8538,0.2369
declination,الدلو/القوس,0,406,0.9127,0.2477
declination,الدلو/القوس,0,411,0.9627,0.2573
declination,الدلو/القوس,0,416,1.0138,0.2676
declination,الدلو/القوس,0,421,1.0660,0.2785
declination,الدلو/القوس,0,426,1.1193,0.2901
declination,الدلو/القوس,0,431,1.1738,0.3023
declination,الدلو/القوس,0,436,1.2297,0.3153
declination,الدلو/القوس,0,441,1.2870,0.3291
declination,الدلو/القوس,0,446,1.3459,0.3437
declination,الدلو/القوس,0,451,1.4064,0.3591
declination,الدلو/القوس,0,455,1.4561,0.3721
declination,الدلو/القوس,0,459,1.5070,0.3857
declination,الدلو/القوس,0,463,1.5591,0.3999
declination,الدلو/القوس,0,467,1.6126,0.4148
declination,الدلو/القوس,0,471,1.6675,0.4304
declination,الدلو/القوس,0,475,1.7240,0.4468
declination,الدلو/القوس,0,479,1.7820,0.4639
declination,الدلو/القوس,0,483,1.8418,0.4818
declination,الدلو/القوس,0,487,1.9033,0.5006
declination,الدلو/القوس,0,491,1.9668,0.5203
declination,الدلو/القوس,0,494,2.0158,0.5357
declination,الدلو/القوس,0,497,2.0660,0.5517
declination,الدلو/القوس,0,500,2.1175,0.5682
declination,الدلو/القوس,0,503,2.1703,0.5854
declination,الدلو/القوس,0,506,2.2245,0.6032
declination,الدلو/القوس,0,509,2.2802,0.6217
declination,الدلو/القوس,0,512,2.3374,0.6409
declination,الدلو/القوس,0,515,2.3963,0.6608
declination,الدلو/القوس,0,518,2.4570,0.6816
declination,الدلو/القوس,0,521,2.5194,0.7031
declination,الدلو/القوس,0,524,2.5838,0.7255
declination,الدلو/القوس,0,527,2.6502,0.7489
declination,الدلو/القوس,0,530,2.7188,0.7732
declination,الدلو/القوس,0,533,2.7896,0.7985
declination,الدلو/القوس,0,535,2.8382,0.8160
declination,الدلو/القوس,0,537,2.8879,0.8340
declination,الدلو/القوس,0,539,2.9387,0.8524
declination,الدلو/القوس,0,541,2.9907,0.8715
declination,الدلو/القوس,0,543,3.0440,0.8910
declination,الدلو/القوس,0,545,3.0987,0.9112
declination,الدلو/القوس,0,547,3.1546,0.9320
declination,الدلو/القوس,0,549,3.2121,0.9534
declination,الدلو/القوس,0,551,3.2709,0.9754
declination,الدلو/القوس,0,553,3.3314,0.9982
declination,الدلو/القوس,0,555,3.3935,1.0216
declination,الدلو/القوس,0,557,3.4572,1.0458
declination,الدلو/القوس,0,559,3.5228,1.0708
declination,الدلو/القوس,0,561,3.5902,1.0966
declination,الدلو/القوس,0,563,3.6595,1.1233
declination,الدلو/القوس,0,565,3.7309,1.1508
declination,الدلو/القوس,0,567,3.8045,1.1793
declination,الدلو/القوس,0,569,3.8802,1.2088
declination,الدلو/القوس,0,571,3.9584,1.2393
declination,الدلو/القوس,0,573,4.0390,1.2709
declination,الدلو/القوس,0,575,4.1223,1.3036
declination,الدلو/القوس,0,577,4.2082,1.3376
declination,الدلو/القوس,0,579,4.2971,1.3728
declination,الدلو/القوس,0,581,4.3891,1.4094
declination,الدلو/القوس,0,582,4.4363,1.4282
declination,الدلو/القوس,0,583,4.4843,1.4473
declination,الدلو/القوس,0,584,4.5332,1.4669
declination,الدلو/القوس,0,585,4.5829,1.4868
declination,الدلو/القوس,0,586,4.6336,1.5071
declination,الدلو/القوس,0,587,4.6851,1.5278
declination,الدلو/القوس,0,588,4.7377,1.5490
declination,الدلو/القوس,0,589,4.7912,1.5705
declination,الدلو/القوس,0,590,4.8457,1.5925
declination,الدلو/القوس,0,591,4.9013,1.6150
declination,الدلو/القوس,0,592,4.9580,1.6379
declination,الدلو/القوس,0,593,5.0158,1.6614
declination,الدلو/القوس,0,594,5.0747,1.6853
declination,الدلو/القوس,0,595,5.1348,1.7097
declination,الدلو/القوس,0,596,5.1962,1.7347
declination,الدلو/القوس,0,597,5.2588,1.7602
declination,الدلو/القوس,0,598,5.3227,1.7863
declination,الدلو/القوس,0,599,5.3879,1.8130
declination,الدلو/القوس,0,600,5.4545,1.8402
declination,الدلو/القوس,0,601,5.5226,1.8681
declination,الدلو/القوس,0,602,5.5922,1.8967
declination,الدلو/القوس,0,603,5.6633,1.9259
declination,الجدي,0,0,-5.6355,2.4873
declination,الجدي,0,1,-5.5641,2.4523
declination,الجدي,0,2,-5.4942,2.4182
declination,الجدي,0,3,-5.4258,2.3848
declination,الجدي,0,4,-5.3588,2.3521
declination,الجدي,0,5,-5.2933,2.3202
declination,الجدي,0,6,-5.2291,2.2890
declination,الجدي,0,7,-5.1662,2.2585
declination,الجدي,0,8,-5.1045,2.2286
declination,الجدي,0,9,-5.0441,2.1994
declination,الجدي,0,10,-4.9849,2.1708
declination,الجدي,0,11,-4.9268,2.1428
declination,الجدي,0,12,-4.8699,2.1153
declination,الجدي,0,13,-4.8140,2.0885
declination,الجدي,0,14,-4.7592,2.0621
declination,الجدي,0,15,-4.7054,2.0363
declination,الجدي,0,16,-4.6527,2.0111
declination,الجدي,0,17,-4.6008,1.9863
declination,الجدي,0,18,-4.5499,1.9620
declination,الجدي,0,19,-4.5000,1.9382
declination,الجدي,0,20,-4.4508,1.9148
declination,الجدي,0,21,-4.4026,1.8919
declination,الجدي,0,22,-4.3552,1.8695
declination,الجدي,0,23,-4.3086,1.8474
declination,الجدي,0,24,-4.2628,1.8258
declination,الجدي,0,26,-4.1735,1.7837
declination,الجدي,0,28,-4.0871,1.7432
declination,الجدي,0,30,-4.0034,1.7040
declination,الجدي,0,32,-3.9224,1.6663
declination,الجدي,0,34,-3.8439,1.6299
declination,الجدي,0,36,-3.7677,1.5947
declination,الجدي,0,38,-3.6938,1.5606
declination,الجدي,0,40,-3.6221,1.5278
declination,الجدي,0,42,-3.5524,1.4959
declination,الجدي,0,44,-3.4846,1.4652
declination,الجدي,0,46,-3.4188,1.4353
declination,الجدي,0,48,-3.3547,1.4065
declination,الجدي,0,50,-3.2923,1.3785
declination,الجدي,0,52,-3.2315,1.3514
declination,الجدي,0,54,-3.1723,1.3251
declination,الجدي,0,56,-3.1145,1.2996
declination,الجدي,0,58,-3.0583,1.2748
declination,الجدي,0,60,-3.0033,1.2508
declination,الجدي,0,62,-2.9497,1.2274
declination,الجدي,0,64,-2.8974,1.2048
declination,الجدي,0,66,-2.8462,1.1828
declination,الجدي,0,68,-2.7963,1.1614
declination,الجدي,0,70,-2.7474,1.1406
declination,الجدي,0,72,-2.6996,1.1203
declination,الجدي,0,74,-2.6529,1.1006
declination,الجدي,0,77,-2.5846,1.0721
declination,الجدي,0,80,-2.5185,1.0447
declination,الجدي,0,83,-2.4543,1.0184
declination,الجدي,0,86,-2.3921,0.9931
declination,الجدي,0,89,-2.3316,0.9688
declination,الجدي,0,92,-2.2728,0.9454
declination,الجدي,0,95,-2.2157,0.9229
declination,الجدي,0,98,-2.1601,0.9012
declination,الجدي,0,101,-2.1059,0.8804
declination,الجدي,0,104,-2.0531,0.8603
declination,الجدي,0,107,-2.0017,0.8409
declination,الجدي,0,110,-1.9514,0.8222
declination,الجدي,0,113,-1.9024,0.8042
declination,الجدي,0,116,-1.8545,0.7868
declination,الجدي,0,120,-1.7924,0.7646
declination,الجدي,0,124,-1.7320,0.7435
declination,الجدي,0,128,-1.6734,0.7233
declination,الجدي,0,132,-1.6163,0.7040
declination,الجدي,0,136,-1.5608,0.6856
declination,الجدي,0,140,-1.5067,0.6681
declination,الجدي,0,144,-1.4539,0.6514
declination,الجدي,0,148,-1.4023,0.6354
declination,الجدي,0,152,-1.3520,0.6202
declination,الجدي,0,156,-1.3028,0.6057
declination,الجدي,0,160,-1.2546,0.5918
declination,الجدي,0,165,-1.1958,0.5754
declination,الجدي,0,170,-1.1385,0.5599
declination,الجدي,0,175,-1.0825,0.5453
declination,الجدي,0,180,-1.0277,0.5317
declination,الجدي,0,185,-0.9741,0.5188
declination,الجدي,0,190,-0.9216,0.5067
declination,الجدي,0,195,-0.8702,0.4954
declination,الجدي,0,200,-0.8196,0.4848
declination,الجدي,0,205,-0.7699,0.4749
declination,الجدي,0,211,-0.7113,0.4640
declination,الجدي,0,217,-0.6538,0.4540
declination,الجدي,0,223,-0.5972,0.4449
declination,الجدي,0,229,-0.5415,0.4366
declination,الجدي,0,235,-0.4865,0.4292
declination,الجدي,0,241,-0.4322,0.4227
declination,الجدي,0,247,-0.3785,0.4169
declination,الجدي,0,253,-0.3253,0.4119
declination,الجدي,0,259,-0.2726,0.4077
declination,الجدي,0,265,-0.2202,0.4042
declination,الجدي,0,271,-0.1681,0.4015
declination,الجدي,0,277,-0.1162,0.3995
declination,الجدي,0,283,-0.0645,0.3982
declination,الجدي,0,289,-0.0129,0.3977
declination,الجدي,0,295,0.0387,0.3979
declination,الجدي,0,301,0.0904,0.3988
declination,الجدي,0,307,0.1422,0.4004
declination,الجدي,0,313,0.1941,0.4028
declination,الجدي,0,319,0.2464,0.4059
declination,الجدي,0,325,0.2989,0.4097
declination,الجدي,0,331,0.3519,0.4143
declination,الجدي,0,337,0.4053,0.4197
declination,الجدي,0,343,0.4593,0.4258
declination,الجدي,0,349,0.5139,0.4328
declination,الجدي,0,355,0.5693,0.4406
declination,الجدي,0,361,0.6254,0.4493
declination,الجدي,0,367,0.6824,0.4589
declination,الجدي,0,373,0.7405,0.4693
declination,الجدي,0,378,0.7897,0.4788
declination,الجدي,0,383,0.8397,0.4890
declination,الجدي,0,388,0.8906,0.4998
declination,الجدي,0,393,0.9425,0.5114
declination,الجدي,0,398,0.9954,0.5238
declination,الجدي,0,403,1.0495,0.5370
declination,الجدي,0,408,1.1047,0.5511
declination,الجدي,0,413,1.1612,0.5660
declination,الجدي,0,418,1.2192,0.5818
declination,الجدي,0,423,1.2786,0.5987
declination,الجدي,0,427,1.3273,0.6128
declination,الجدي,0,431,1.3770,0.6277
declination,الجدي,0,435,1.4280,0.6433
declination,الجدي,0,439,1.4801,0.6597
declination,الجدي,0,443,1.5336,0.6768
declination,الجدي,0,447,1.5884,0.6947
declination,الجدي,0,451,1.6447,0.7135
declination,الجدي,0,455,1.7025,0.7333
declination,الجدي,0,459,1.7620,0.7539
declination,الجدي,0,463,1.8232,0.7756
declination,الجدي,0,466,1.8704,0.7926
declination,الجدي,0,469,1.9186,0.8101
declination,الجدي,0,472,1.9680,0.8284
declination,الجدي,0,475,2.0187,0.8473
declination,الجدي,0,478,2.0706,0.8669
declination,الجدي,0,481,2.1238,0.8872
declination,الجدي,0,484,2.1784,0.9084
declination,الجدي,0,487,2.2346,0.9303
declination,الجدي,0,490,2.2922,0.9531
declination,الجدي,0,493,2.3516,0.9768
declination,الجدي,0,496,2.4126,1.0014
declination,الجدي,0,499,2.4755,1.0271
declination,الجدي,0,502,2.5403,1.0537
declination,الجدي,0,505,2.6071,1.0815
declination,الجدي,0,508,2.6761,1.1104
declination,الجدي,0,510,2.7234,1.1304
declination,الجدي,0,512,2.7717,1.1509
declination,الجدي,0,514,2.8211,1.1720
declination,الجدي,0,516,2.8717,1.1937
declination,الجدي,0,518,2.9234,1.2160
declination,الجدي,0,520,2.9764,1.2390
declination,الجدي,0,522,3.0306,1.2627
declination,الجدي,0,524,3.0862,1.2871
declination,الجدي,0,526,3.1432,1.3122
declination,الجدي,0,528,3.2017,1.3381
declination,الجدي,0,530,3.2617,1.3648
declination,الجدي,0,532,3.3232,1.3924
declination,الجدي,0,534,3.3865,1.4208
declination,الجدي,0,536,3.4515,1.4501
declination,الجدي,0,538,3.5183,1.4804
declination,الجدي,0,540,3.5870,1.5117
declination,الجدي,0,542,3.6577,1.5441
declination,الجدي,0,544,3.7305,1.5775
declination,الجدي,0,546,3.8055,1.6121
declination,الجدي,0,548,3.8828,1.6479
declination,الجدي,0,550,3.9626,1.6850
declination,الجدي,0,552,4.0449,1.7234
declination,الجدي,0,554,4.1299,1.7632
declination,الجدي,0,556,4.2178,1.8046
declination,الجدي,0,558,4.3086,1.8474
declination,الجدي,0,559,4.3552,1.8695
declination,الجدي,0,560,4.4026,1.8919
declination,الجدي,0,561,4.4508,1.9148
declination,الجدي,0,562,4.5000,1.9382
declination,الجدي,0,563,4.5499,1.9620
declination,الجدي,0,564,4.6008,1.9863
declination,الجدي,0,565,4.6527,2.0111
declination,الجدي,0,566,4.7054,2.0363
declination,الجدي,0,567,4.7592,2.0621
declination,الجدي,0,568,4.8140,2.0885
declination,الجدي,0,569,4.8699,2.1153
declination,الجدي,0,570,4.9268,2.1428
declination,الجدي,0,571,4.9849,2.1708
declination,الجدي,0,572,5.0441,2.1994
declination,الجدي,0,573,5.1045,2.2286
declination,الجدي,0,574,5.1662,2.2585
declination,الجدي,0,575,5.2291,2.2890
declination,الجدي,0,576,5.2933,2.3202
declination,الجدي,0,577,5.3588,2.3521
declination,الجدي,0,578,5.4258,2.3848
declination,الجدي,0,579,5.4942,2.4182
declination,الجدي,0,580,5.5641,2.4523
declination,الجدي,0,581,5.6355,2.4873
equal_hour,6.67,0,0,-5.6738,-2.2750
equal_hour,6.67,0,1,-5.6271,-2.2936
equal_hour,6.67,0,3,-5.5359,-2.3299
equal_hour,6.67,0,5,-5.4472,-2.3651
equal_hour,6.67,0,7,-5.3610,-2.3994
equal_hour,6.67,0,9,-5.2771,-2.4327
equal_hour,6.67,0,11,-5.1954,-2.4652
equal_hour,6.67,0,13,-5.1159,-2.4968
equal_hour,6.67,0,15,-5.0384,-2.5277
equal_hour,6.67,0,17,-4.9628,-2.5577
equal_hour,6.67,0,19,-4.8891,-2.5870
equal_hour,6.67,0,21,-4.8171,-2.6156
equal_hour,6.67,0,23,-4.7469,-2.6435
equal_hour,6.67,0,25,-4.6783,-2.6708
equal_hour,6.67,0,27,-4.6113,-2.6974
equal_hour,6.67,0,29,-4.5458,-2.7235
equal_hour,6.67,0,31,-4.4817,-2.7490
equal_hour,6.67,0,33,-4.4190,-2.7739
equal_hour,6.67,0,35,-4.3577,-2.7983
equal_hour,7.00,0,0,-5.6974,-1.2112
equal_hour,7.00,0,1,-5.6514,-1.2380
equal_hour,7.00,0,2,-5.6061,-1.2643
equal_hour,7.00,0,3,-5.5615,-1.2903
equal_hour,7.00,0,4,-5.5176,-1.3159
equal_hour,7.00,0,5,-5.4743,-1.3411
equal_hour,7.00,0,7,-5.3898,-1.3904
equal_hour,7.00,0,9,-5.3076,-1.4383
equal_hour,7.00,0,11,-5.2278,-1.4848
equal_hour,7.00,0,13,-5.1502,-1.5300
equal_hour,7.00,0,15,-5.0748,-1.5739
equal_hour,7.00,0,17,-5.0013,-1.6167
equal_hour,7.00,0,19,-4.9298,-1.6584
equal_hour,7.00,0,21,-4.8602,-1.6989
equal_hour,7.00,0,23,-4.7923,-1.7385
equal_hour,7.00,0,25,-4.7261,-1.7771
equal_hour,7.00,0,27,-4.6616,-1.8147
equal_hour,7.00,0,29,-4.5985,-1.8514
equal_hour,7.00,0,31,-4.5370,-1.8872
equal_hour,7.00,0,33,-4.4769,-1.9223
equal_hour,7.00,0,35,-4.4182,-1.9565
equal_hour,7.00,0,37,-4.3607,-1.9899
equal_hour,7.00,0,39,-4.3046,-2.0227
equal_hour,7.00,0,41,-4.2496,-2.0547
equal_hour,7.00,0,43,-4.1958,-2.0860
equal_hour,7.00,0,45,-4.1432,-2.1167
equal_hour,7.00,0,47,-4.0916,-2.1468
equal_hour,7.00,0,49,-4.0410,-2.1762
equal_hour,7.00,0,51,-3.9915,-2.2051
equal_hour,7.00,0,53,-3.9429,-2.2334
equal_hour,7.00,0,55,-3.8952,-2.2612
equal_hour,7.00,0,57,-3.8484,-2.2884
equal_hour,7.00,0,59,-3.8025,-2.3152
equal_hour,7.00,0,61,-3.7574,-2.3415
equal_hour,7.00,0,63,-3.7132,-2.3673
equal_hour,7.00,0,65,-3.6696,-2.3926
equal_hour,7.00,0,68,-3.6058,-2.4298
equal_hour,7.00,0,71,-3.5435,-2.4661
equal_hour,7.00,0,74,-3.4828,-2.5015
equal_hour,7.00,0,77,-3.4235,-2.5360
equal_hour,7.00,0,80,-3.3655,-2.5698
equal_hour,7.00,0,81,-3.3465,-2.5809
equal_hour,7.33,0,0,-5.6877,-0.1090
equal_hour,7.33,0,1,-5.6402,-0.1460
equal_hour,7.33,0,2,-5.5935,-0.1823
equal_hour,7.33,0,3,-5.5476,-0.2180
equal_hour,7.33,0,4,-5.5024,-0.2531
equal_hour,7.33,0,5,-5.4581,-0.2875
equal_hour,7.33,0,6,-5.4145,-0.3215
equal_hour,7.33,0,7,-5.3716,-0.3548
equal_hour,7.33,0,8,-5.3294,-0.3876
equal_hour,7.33,0,9,-5.2878,-0.4199
equal_hour,7.33,0,10,-5.2470,-0.4517
equal_hour,7.33,0,11,-5.2068,-0.4829
equal_hour,7.33,0,12,-5.1672,-0.5137
equal_hour,7.33,0,14,-5.0899,-0.5738
equal_hour,7.33,0,16,-5.0149,-0.6321
equal_hour,7.33,0,18,-4.9421,-0.6887
equal_hour,7.33,0,20,-4.8714,-0.7436
equal_hour,7.33,0,22,-4.8028,-0.7970
equal_hour,7.33,0,24,-4.7360,-0.8489
equal_hour,7.33,0,26,-4.6711,-0.8993
equal_hour,7.33,0,28,-4.6079,-0.9484
equal_hour,7.33,0,30,-4.5464,-0.9963
equal_hour,7.33,0,32,-4.4865,-1.0428
equal_hour,7.33,0,34,-4.4281,-1.0882
equal_hour,7.33,0,36,-4.3712,-1.1325
equal_hour,7.33,0,38,-4.3157,-1.1757
equal_hour,7.33,0,40,-4.2615,-1.2178
equal_hour,7.33,0,42,-4.2085,-1.2590
equal_hour,7.33,0,44,-4.1568,-1.2992
equal_hour,7.33,0,46,-4.1063,-1.3384
equal_hour,7.33,0,48,-4.0569,-1.3768
equal_hour,7.33,0,50,-4.0086,-1.4144
equal_hour,7.33,0,52,-3.9613,-1.4511
equal_hour,7.33,0,54,-3.9150,-1.4871
equal_hour,7.33,0,56,-3.8697,-1.5223
equal_hour,7.33,0,58,-3.8253,-1.5568
equal_hour,7.33,0,60,-3.7819,-1.5906
equal_hour,7.33,0,62,-3.7392,-1.6238
equal_hour,7.33,0,64,-3.6974,-1.6563
equal_hour,7.33,0,66,-3.6564,-1.6882
equal_hour,7.33,0,68,-3.6162,-1.7194
equal_hour,7.33,0,70,-3.5767,-1.7501
equal_hour,7.33,0,73,-3.5188,-1.7952
equal_hour,7.33,0,76,-3.4624,-1.8390
equal_hour,7.33,0,79,-3.4075,-1.8817
equal_hour,7.33,0,82,-3.3539,-1.9233
equal_hour,7.33,0,85,-3.3017,-1.9640
equal_hour,7.33,0,88,-3.2506,-2.0036
equal_hour,7.33,0,91,-3.2008,-2.0424
equal_hour,7.33,0,94,-3.1521,-2.0802
equal_hour,7.33,0,97,-3.1045,-2.1173
equal_hour,7.33,0,100,-3.0578,-2.1535
equal_hour,7.33,0,103,-3.0122,-2.1890
equal_hour,7.33,0,106,-2.9675,-2.2238
equal_hour,7.33,0,109,-2.9236,-2.2578
equal_hour,7.33,0,112,-2.8806,-2.2913
equal_hour,7.33,0,115,-2.8384,-2.3241
equal_hour,7.33,0,117,-2.8107,-2.3456
equal_hour,7.67,0,0,-5.6928,1.0818
equal_hour,7.67,0,1,-5.6406,1.0303
equal_hour,7.67,0,2,-5.5894,0.9798
equal_hour,7.67,0,3,-5.5392,0.9304
equal_hour,7.67,0,4,-5.4901,0.8819
equal_hour,7.67,0,5,-5.4419,0.8344
equal_hour,7.67,0,6,-5.3946,0.7878
equal_hour,7.67,0,7,-5.3483,0.7421
equal_hour,7.67,0,8,-5.3028,0.6973
equal_hour,7.67,0,9,-5.2582,0.6533
equal_hour,7.67,0,10,-5.2145,0.6102
equal_hour,7.67,0,11,-5.1715,0.5678
equal_hour,7.67,0,12,-5.1293,0.5262
equal_hour,7.67,0,13,-5.0878,0.4853
equal_hour,7.67,0,14,-5.0471,0.4452
equal_hour,7.67,0,15,-5.0071,0.4058
equal_hour,7.67,0,16,-4.9678,0.3670
equal_hour,7.67,0,17,-4.9292,0.3290
equal_hour,7.67,0,18,-4.8913,0.2915
equal_hour,7.67,0,19,-4.8539,0.2547
equal_hour,7.67,0,20,-4.8172,0.2186
equal_hour,7.67,0,21,-4.7811,0.1830
equal_hour,7.67,0,23,-4.7107,0.1135
equal_hour,7.67,0,25,-4.6425,0.0463
equal_hour,7.67,0,27,-4.5764,-0.0189
equal_hour,7.67,0,29,-4.5123,-0.0821
equal_hour,7.67,0,31,-4.4501,-0.1434
equal_hour,7.67,0,33,-4.3897,-0.2029
equal_hour,7.67,0,35,-4.3311,-0.2607
equal_hour,7.67,0,37,-4.2741,-0.3169
equal_hour,7.67,0,39,-4.2187,-0.3716
equal_hour,7.67,0,41,-4.1647,-0.4247
equal_hour,7.67,0,43,-4.1122,-0.4765
equal_hour,7.67,0,45,-4.0611,-0.5269
equal_hour,7.67,0,47,-4.0113,-0.5760
equal_hour,7.67,0,49,-3.9627,-0.6239
equal_hour,7.67,0,51,-3.9154,-0.6706
equal_hour,7.67,0,53,-3.8691,-0.7162
equal_hour,7.67,0,55,-3.8240,-0.7606
equal_hour,7.67,0,57,-3.7799,-0.8041
equal_hour,7.67,0,59,-3.7369,-0.8466
equal_hour,7.67,0,61,-3.6948,-0.8881
equal_hour,7.67,0,63,-3.6536,-0.9287
equal_hour,7.67,0,65,-3.6133,-0.9684
equal_hour,7.67,0,67,-3.5739,-1.0072
equal_hour,7.67,0,69,-3.5353,-1.0453
equal_hour,7.67,0,71,-3.4975,-1.0825
equal_hour,7.67,0,73,-3.4605,-1.1190
equal_hour,7.67,0,75,-3.4242,-1.1548
equal_hour,7.67,0,78,-3.3711,-1.2072
equal_hour,7.67,0,81,-3.3195,-1.2581
equal_hour,7.67,0,84,-3.2693,-1.3076
equal_hour,7.67,0,87,-3.2204,-1.3557
equal_hour,7.67,0,90,-3.1729,-1.4026
equal_hour,7.67,0,93,-3.1266,-1.4482
equal_hour,7.67,0,96,-3.0814,-1.4928
equal_hour,7.67,0,99,-3.0373,-1.5362
equal_hour,7.67,0,102,-2.9943,-1.5787
equal_hour,7.67,0,105,-2.9523,-1.6201
equal_hour,7.67,0,108,-2.9112,-1.6606
equal_hour,7.67,0,111,-2.8710,-1.7002
equal_hour,7.67,0,114,-2.8316,-1.7390
equal_hour,7.67,0,117,-2.7931,-1.7770
equal_hour,7.67,0,120,-2.7554,-1.8142
equal_hour,7.67,0,123,-2.7184,-1.8507
equal_hour,7.67,0,126,-2.6821,-1.8864
equal_hour,7.67,0,129,-2.6465,-1.9216
equal_hour,7.67,0,133,-2.6000,-1.9674
equal_hour,7.67,0,137,-2.5546,-2.0121
equal_hour,7.67,0,141,-2.5102,-2.0559
equal_hour,7.67,0,145,-2.4668,-2.0987
equal_hour,7.67,0,149,-2.4243,-2.1406
equal_hour,7.67,0,152,-2.3929,-2.1715
equal_hour,8.00,0,0,-5.6963,2.3798
equal_hour,8.00,0,1,-5.6361,2.3068
equal_hour,8.00,0,2,-5.5773,2.2355
equal_hour,8.00,0,3,-5.5200,2.1660
equal_hour,8.00,0,4,-5.4641,2.0981
equal_hour,8.00,0,5,-5.4094,2.0318
equal_hour,8.00,0,6,-5.3560,1.9670
equal_hour,8.00,0,7,-5.3039,1.9038
equal_hour,8.00,0,8,-5.2529,1.8419
equal_hour,8.00,0,9,-5.2030,1.7814
equal_hour,8.00,0,10,-5.1543,1.7223
equal_hour,8.00,0,11,-5.1066,1.6644
equal_hour,8.00,0,12,-5.0599,1.6078
equal_hour,8.00,0,13,-5.0142,1.5523
equal_hour,8.00,0,14,-4.9694,1.4981
equal_hour,8.00,0,15,-4.9256,1.4449
equal_hour,8.00,0,16,-4.8827,1.3928
equal_hour,8.00,0,17,-4.8407,1.3418
equal_hour,8.00,0,18,-4.7994,1.2918
equal_hour,8.00,0,19,-4.7590,1.2428
equal_hour,8.00,0,20,-4.7194,1.1947
equal_hour,8.00,0,21,-4.6805,1.1476
equal_hour,8.00,0,22,-4.6424,1.1013
equal_hour,8.00,0,23,-4.6050,1.0560
equal_hour,8.00,0,24,-4.5683,1.0114
equal_hour,8.00,0,25,-4.5323,0.9677
equal_hour,8.00,0,26,-4.4969,0.9248
equal_hour,8.00,0,27,-4.4622,0.8826
equal_hour,8.00,0,28,-4.4280,0.8412
equal_hour,8.00,0,29,-4.3945,0.8006
equal_hour,8.00,0,30,-4.3616,0.7606
equal_hour,8.00,0,31,-4.3292,0.7213
equal_hour,8.00,0,32,-4.2974,0.6827
equal_hour,8.00,0,34,-4.2353,0.6074
equal_hour,8.00,0,36,-4.1753,0.5346
equal_hour,8.00,0,38,-4.1171,0.4641
equal_hour,8.00,0,40,-4.0609,0.3958
equal_hour,8.00,0,42,-4.0063,0.3296
equal_hour,8.00,0,44,-3.9534,0.2654
equal_hour,8.00,0,46,-3.9020,0.2031
equal_hour,8.00,0,48,-3.8522,0.1426
equal_hour,8.00,0,50,-3.8037,0.0839
equal_hour,8.00,0,52,-3.7566,0.0267
equal_hour,8.00,0,54,-3.7108,-0.0289
equal_hour,8.00,0,56,-3.6662,-0.0829
equal_hour,8.00,0,58,-3.6228,-0.1356
equal_hour,8.00,0,60,-3.5805,-0.1869
equal_hour,8.00,0,62,-3.5393,-0.2369
equal_hour,8.00,0,64,-3.4991,-0.2857
equal_hour,8.00,0,66,-3.4599,-0.3332
equal_hour,8.00,0,68,-3.4216,-0.3797
equal_hour,8.00,0,70,-3.3843,-0.4250
equal_hour,8.00,0,72,-3.3478,-0.4693
equal_hour,8.00,0,74,-3.3121,-0.5126
equal_hour,8.00,0,76,-3.2772,-0.5549
equal_hour,8.00,0,78,-3.2431,-0.5963
equal_hour,8.00,0,80,-3.2097,-0.6368
equal_hour,8.00,0,82,-3.1771,-0.6764
equal_hour,8.00,0,84,-3.1451,-0.7152
equal_hour,8.00,0,87,-3.0983,-0.7720
equal_hour,8.00,0,90,-3.0529,-0.8270
equal_hour,8.00,0,93,-3.0088,-0.8805
equal_hour,8.00,0,96,-2.9660,-0.9324
equal_hour,8.00,0,99,-2.9243,-0.9830
equal_hour,8.00,0,102,-2.8838,-1.0322
equal_hour,8.00,0,105,-2.8443,-1.0801
equal_hour,8.00,0,108,-2.8058,-1.1267
equal_hour,8.00,0,111,-2.7683,-1.1723
equal_hour,8.00,0,114,-2.7317,-1.2167
equal_hour,8.00,0,117,-2.6959,-1.2601
equal_hour,8.00,0,120,-2.6610,-1.3025
equal_hour,8.00,0,123,-2.6268,-1.3439
equal_hour,8.00,0,126,-2.5934,-1.3845
equal_hour,8.00,0,129,-2.5607,-1.4241
equal_hour,8.00,0,132,-2.5287,-1.4630
equal_hour,8.00,0,136,-2.4869,-1.5136
equal_hour,8.00,0,140,-2.4463,-1.5629
equal_hour,8.00,0,144,-2.4066,-1.6110
equal_hour,8.00,0,148,-2.3679,-1.6580
equal_hour,8.00,0,152,-2.3301,-1.7038
equal_hour,8.00,0,156,-2.2932,-1.7487
equal_hour,8.00,0,160,-2.2570,-1.7926
equal_hour,8.00,0,164,-2.2216,-1.8355
equal_hour,8.00,0,168,-2.1868,-1.8777
equal_hour,8.00,0,172,-2.1528,-1.9190
equal_hour,8.00,0,176,-2.1193,-1.9596
equal_hour,8.00,0,180,-2.0864,-1.9995
equal_hour,8.00,0,184,-2.0541,-2.0387
equal_hour,8.33,0,0,-4.3711,1.8770
equal_hour,8.33,0,1,-4.3330,1.8212
equal_hour,8.33,0,2,-4.2958,1.7665
equal_hour,8.33,0,3,-4.2592,1.7130
equal_hour,8.33,0,4,-4.2235,1.6606
equal_hour,8.33,0,5,-4.1884,1.6092
equal_hour,8.33,0,6,-4.1541,1.5589
equal_hour,8.33,0,7,-4.1204,1.5095
equal_hour,8.33,0,8,-4.0874,1.4612
equal_hour,8.33,0,9,-4.0551,1.4137
equal_hour,8.33,0,10,-4.0233,1.3671
equal_hour,8.33,0,11,-3.9921,1.3215
equal_hour,8.33,0,12,-3.9616,1.2766
equal_hour,8.33,0,13,-3.9315,1.2326
equal_hour,8.33,0,14,-3.9021,1.1894
equal_hour,8.33,0,15,-3.8731,1.1470
equal_hour,8.33,0,16,-3.8447,1.1053
equal_hour,8.33,0,18,-3.7893,1.0241
equal_hour,8.33,0,20,-3.7358,0.9457
equal_hour,8.33,0,22,-3.6841,0.8700
equal_hour,8.33,0,24,-3.6341,0.7966
equal_hour,8.33,0,26,-3.5857,0.7257
equal_hour,8.33,0,28,-3.5388,0.6570
equal_hour,8.33,0,30,-3.4934,0.5904
equal_hour,8.33,0,32,-3.4493,0.5257
equal_hour,8.33,0,34,-3.4066,0.4630
equal_hour,8.33,0,36,-3.3650,0.4022
equal_hour,8.33,0,38,-3.3247,0.3430
equal_hour,8.33,0,40,-3.2854,0.2855
equal_hour,8.33,0,42,-3.2473,0.2296
equal_hour,8.33,0,44,-3.2102,0.1752
equal_hour,8.33,0,46,-3.1740,0.1222
equal_hour,8.33,0,48,-3.1388,0.0705
equal_hour,8.33,0,50,-3.1045,0.0202
equal_hour,8.33,0,52,-3.0710,-0.0288
equal_hour,8.33,0,54,-3.0383,-0.0767
equal_hour,8.33,0,56,-3.0065,-0.1234
equal_hour,8.33,0,58,-2.9754,-0.1691
equal_hour,8.33,0,60,-2.9450,-0.2136
equal_hour,8.33,0,62,-2.9153,-0.2572
equal_hour,8.33,0,64,-2.8862,-0.2997
equal_hour,8.33,0,66,-2.8578,-0.3414
equal_hour,8.33,0,69,-2.8163,-0.4022
equal_hour,8.33,0,72,-2.7762,-0.4611
equal_hour,8.33,0,75,-2.7372,-0.5182
equal_hour,8.33,0,78,-2.6994,-0.5736
equal_hour,8.33,0,81,-2.6627,-0.6273
equal_hour,8.33,0,84,-2.6271,-0.6796
equal_hour,8.33,0,87,-2.5924,-0.7305
equal_hour,8.33,0,90,-2.5586,-0.7799
equal_hour,8.33,0,93,-2.5258,-0.8281
equal_hour,8.33,0,96,-2.4937,-0.8751
equal_hour,8.33,0,99,-2.4625,-0.9209
equal_hour,8.33,0,102,-2.4320,-0.9656
equal_hour,8.33,0,105,-2.4022,-1.0092
equal_hour,8.33,0,108,-2.3731,-1.0519
equal_hour,8.33,0,111,-2.3447,-1.0936
equal_hour,8.33,0,115,-2.3077,-1.1477
equal_hour,8.33,0,119,-2.2718,-1.2004
equal_hour,8.33,0,123,-2.2368,-1.2517
equal_hour,8.33,0,127,-2.2028,-1.3016
equal_hour,8.33,0,131,-2.1696,-1.3503
equal_hour,8.33,0,135,-2.1372,-1.3978
equal_hour,8.33,0,139,-2.1055,-1.4442
equal_hour,8.33,0,143,-2.0746,-1.4895
equal_hour,8.33,0,147,-2.0443,-1.5339
equal_hour,8.33,0,151,-2.0147,-1.5774
equal_hour,8.33,0,155,-1.9856,-1.6200
equal_hour,8.33,0,159,-1.9571,-1.6617
equal_hour,8.33,0,164,-1.9222,-1.7129
equal_hour,8.33,0,169,-1.8881,-1.7629
equal_hour,8.33,0,174,-1.8547,-1.8119
equal_hour,8.33,0,179,-1.8219,-1.8600
equal_hour,8.33,0,184,-1.7897,-1.9071
equal_hour,8.33,0,187,-1.7707,-1.9350
equal_hour,8.67,0,0,-3.3971,1.4256
equal_hour,8.67,0,2,-3.3482,1.3398
equal_hour,8.67,0,4,-3.3010,1.2570
equal_hour,8.67,0,6,-3.2554,1.1770
equal_hour,8.67,0,8,-3.2114,1.0998
equal_hour,8.67,0,10,-3.1688,1.0252
equal_hour,8.67,0,12,-3.1276,0.9530
equal_hour,8.67,0,14,-3.0877,0.8831
equal_hour,8.67,0,16,-3.0491,0.8154
equal_hour,8.67,0,18,-3.0117,0.7498
equal_hour,8.67,0,20,-2.9754,0.6861
equal_hour,8.67,0,22,-2.9401,0.6243
equal_hour,8.67,0,24,-2.9059,0.5643
equal_hour,8.67,0,26,-2.8726,0.5060
equal_hour,8.67,0,28,-2.8403,0.4493
equal_hour,8.67,0,30,-2.8088,0.3941
equal_hour,8.67,0,32,-2.7782,0.3404
equal_hour,8.67,0,34,-2.7484,0.2882
equal_hour,8.67,0,36,-2.7194,0.2373
equal_hour,8.67,0,38,-2.6911,0.1876
equal_hour,8.67,0,40,-2.6635,0.1392
equal_hour,8.67,0,42,-2.6365,0.0920
equal_hour,8.67,0,44,-2.6102,0.0459
equal_hour,8.67,0,46,-2.5846,0.0009
equal_hour,8.67,0,48,-2.5595,-0.0431
equal_hour,8.67,0,51,-2.5229,-0.1072
equal_hour,8.67,0,54,-2.4875,-0.1692
equal_hour,8.67,0,57,-2.4533,-0.2292
equal_hour,8.67,0,60,-2.4201,-0.2874
equal_hour,8.67,0,63,-2.3880,-0.3438
equal_hour,8.67,0,66,-2.3568,-0.3985
equal_hour,8.67,0,69,-2.3265,-0.4516
equal_hour,8.67,0,72,-2.2970,-0.5032
equal_hour,8.67,0,75,-2.2684,-0.5535
equal_hour,8.67,0,78,-2.2405,-0.6024
equal_hour,8.67,0,81,-2.2134,-0.6500
equal_hour,8.67,0,84,-2.1869,-0.6964
equal_hour,8.67,0,87,-2.1611,-0.7416
equal_hour,8.67,0,90,-2.1359,-0.7858
equal_hour,8.67,0,94,-2.1032,-0.8431
equal_hour,8.67,0,98,-2.0715,-0.8987
equal_hour,8.67,0,102,-2.0407,-0.9526
equal_hour,8.67,0,106,-2.0108,-1.0051
equal_hour,8.67,0,110,-1.9817,-1.0561
equal_hour,8.67,0,114,-1.9534,-1.1058
equal_hour,8.67,0,118,-1.9257,-1.1542
equal_hour,8.67,0,122,-1.8988,-1.2015
equal_hour,8.67,0,126,-1.8725,-1.2477
equal_hour,8.67,0,130,-1.8467,-1.2928
equal_hour,8.67,0,134,-1.8215,-1.3369
equal_hour,8.67,0,139,-1.7908,-1.3908
equal_hour,8.67,0,144,-1.7608,-1.4434
equal_hour,8.67,0,149,-1.7316,-1.4947
equal_hour,8.67,0,154,-1.7029,-1.5449
equal_hour,8.67,0,159,-1.6749,-1.5940
equal_hour,8.67,0,164,-1.6475,-1.6421
equal_hour,8.67,0,169,-1.6206,-1.6893
equal_hour,8.67,0,174,-1.5941,-1.7357
equal_hour,8.67,0,179,-1.5681,-1.7813
equal_hour,8.67,0,184,-1.5425,-1.8262
equal_hour,8.67,0,187,-1.5273,-1.8528
equal_hour,9.00,0,0,-2.7074,1.1236
equal_hour,9.00,0,2,-2.6735,1.0528
equal_hour,9.00,0,4,-2.6407,0.9844
equal_hour,9.00,0,6,-2.6089,0.9180
equal_hour,9.00,0,8,-2.5781,0.8537
equal_hour,9.00,0,10,-2.5482,0.7913
equal_hour,9.00,0,12,-2.5192,0.7307
equal_hour,9.00,0,14,-2.4911,0.6719
equal_hour,9.00,0,16,-2.4637,0.6147
equal_hour,9.00,0,18,-2.4371,0.5591
equal_hour,9.00,0,20,-2.4112,0.5051
equal_hour,9.00,0,22,-2.3860,0.4524
equal_hour,9.00,0,24,-2.3615,0.4012
equal_hour,9.00,0,26,-2.3376,0.3512
equal_hour,9.00,0,28,-2.3142,0.3026
equal_hour,9.00,0,30,-2.2915,0.2551
equal_hour,9.00,0,32,-2.2693,0.2088
equal_hour,9.00,0,34,-2.2477,0.1635
equal_hour,9.00,0,37,-2.2161,0.0977
equal_hour,9.00,0,40,-2.1857,0.0341
equal_hour,9.00,0,43,-2.1562,-0.0274
equal_hour,9.00,0,46,-2.1277,-0.0870
equal_hour,9.00,0,49,-2.1001,-0.1446
equal_hour,9.00,0,52,-2.0734,-0.2005
equal_hour,9.00,0,55,-2.0474,-0.2547
equal_hour,9.00,0,58,-2.0222,-0.3074
equal_hour,9.00,0,61,-1.9977,-0.3586
equal_hour,9.00,0,64,-1.9739,-0.4083
equal_hour,9.00,0,67,-1.9507,-0.4567
equal_hour,9.00,0,70,-1.9281,-0.5039
equal_hour,9.00,0,73,-1.9061,-0.5498
equal_hour,9.00,0,77,-1.8776,-0.6093
equal_hour,9.00,0,81,-1.8500,-0.6669
equal_hour,9.00,0,85,-1.8233,-0.7228
equal_hour,9.00,0,89,-1.7974,-0.7770
equal_hour,9.00,0,93,-1.7722,-0.8296
equal_hour,9.00,0,97,-1.7477,-0.8807
equal_hour,9.00,0,101,-1.7238,-0.9305
equal_hour,9.00,0,105,-1.7006,-0.9790
equal_hour,9.00,0,109,-1.6780,-1.0263
equal_hour,9.00,0,113,-1.6559,-1.0725
equal_hour,9.00,0,118,-1.6289,-1.1287
equal_hour,9.00,0,123,-1.6028,-1.1833
equal_hour,9.00,0,128,-1.5773,-1.2366
equal_hour,9.00,0,133,-1.5524,-1.2885
equal_hour,9.00,0,138,-1.5282,-1.3392
equal_hour,9.00,0,143,-1.5044,-1.3887
equal_hour,9.00,0,148,-1.4812,-1.4372
equal_hour,9.00,0,153,-1.4585,-1.4847
equal_hour,9.00,0,158,-1.4362,-1.5312
equal_hour,9.00,0,163,-1.4143,-1.5770
equal_hour,9.00,0,169,-1.3885,-1.6309
equal_hour,9.00,0,175,-1.3631,-1.6838
equal_hour,9.00,0,181,-1.3383,-1.7358
equal_hour,9.00,0,187,-1.3137,-1.7869
equal_hour,9.33,0,0,-2.1844,0.9107
equal_hour,9.33,0,2,-2.1600,0.8499
equal_hour,9.33,0,4,-2.1363,0.7909
equal_hour,9.33,0,6,-2.1133,0.7336
equal_hour,9.33,0,8,-2.0909,0.6779
equal_hour,9.33,0,10,-2.0692,0.6238
equal_hour,9.33,0,12,-2.0481,0.5711
equal_hour,9.33,0,14,-2.0275,0.5198
equal_hour,9.33,0,16,-2.0074,0.4699
equal_hour,9.33,0,18,-1.9879,0.4212
equal_hour,9.33,0,20,-1.9688,0.3737
equal_hour,9.33,0,23,-1.9411,0.3047
equal_hour,9.33,0,26,-1.9144,0.2382
equal_hour,9.33,0,29,-1.8886,0.1740
equal_hour,9.33,0,32,-1.8637,0.1119
equal_hour,9.33,0,35,-1.8396,0.0519
equal_hour,9.33,0,38,-1.8163,-0.0062
equal_hour,9.33,0,41,-1.7937,-0.0624
equal_hour,9.33,0,44,-1.7718,-0.1170
equal_hour,9.33,0,47,-1.7506,-0.1699
equal_hour,9.33,0,50,-1.7299,-0.2213
equal_hour,9.33,0,53,-1.7099,-0.2713
equal_hour,9.33,0,56,-1.6904,-0.3198
equal_hour,9.33,0,59,-1.6714,-0.3671
equal_hour,9.33,0,63,-1.6469,-0.4283
equal_hour,9.33,0,67,-1.6231,-0.4874
equal_hour,9.33,0,71,-1.6002,-0.5445
equal_hour,9.33,0,75,-1.5780,-0.5999
equal_hour,9.33,0,79,-1.5564,-0.6537
equal_hour,9.33,0,83,-1.5354,-0.7058
equal_hour,9.33,0,87,-1.5151,-0.7565
equal_hour,9.33,0,91,-1.4953,-0.8059
equal_hour,9.33,0,95,-1.4760,-0.8539
equal_hour,9.33,0,99,-1.4572,-0.9007
equal_hour,9.33,0,104,-1.4343,-0.9577
equal_hour,9.33,0,109,-1.4122,-1.0129
equal_hour,9.33,0,114,-1.3906,-1.0667
equal_hour,9.33,0,119,-1.3696,-1.1190
equal_hour,9.33,0,124,-1.3491,-1.1701
equal_hour,9.33,0,129,-1.3291,-1.2199
equal_hour,9.33,0,134,-1.3095,-1.2686
equal_hour,9.33,0,139,-1.2904,-1.3162
equal_hour,9.33,0,144,-1.2717,-1.3629
equal_hour,9.33,0,150,-1.2497,-1.4177
equal_hour,9.33,0,156,-1.2281,-1.4714
equal_hour,9.33,0,162,-1.2070,-1.5240
equal_hour,9.33,0,168,-1.1863,-1.5756
equal_hour,9.33,0,174,-1.1659,-1.6264
equal_hour,9.33,0,180,-1.1458,-1.6764
equal_hour,9.33,0,186,-1.1260,-1.7257
equal_hour,9.33,0,187,-1.1228,-1.7338
equal_hour,9.67,0,0,-1.7668,0.7556
equal_hour,9.67,0,2,-1.7488,0.7018
equal_hour,9.67,0,4,-1.7313,0.6494
equal_hour,9.67,0,6,-1.7142,0.5984
equal_hour,9.67,0,8,-1.6976,0.5488
equal_hour,9.67,0,10,-1.6815,0.5004
equal_hour,9.67,0,13,-1.6580,0.4302
equal_hour,9.67,0,16,-1.6354,0.3625
equal_hour,9.67,0,19,-1.6136,0.2973
equal_hour,9.67,0,22,-1.5925,0.2343
equal_hour,9.67,0,25,-1.5722,0.1735
equal_hour,9.67,0,28,-1.5525,0.1147
equal_hour,9.67,0,31,-1.5335,0.0577
equal_hour,9.67,0,34,-1.5151,0.0026
equal_hour,9.67,0,37,-1.4972,-0.0509
equal_hour,9.67,0,40,-1.4799,-0.1028
equal_hour,9.67,0,43,-1.4630,-0.1532
equal_hour,9.67,0,46,-1.4467,-0.2021
equal_hour,9.67,0,49,-1.4307,-0.2498
equal_hour,9.67,0,53,-1.4102,-0.3113
equal_hour,9.67,0,57,-1.3903,-0.3707
equal_hour,9.67,0,61,-1.3711,-0.4281
equal_hour,9.67,0,65,-1.3525,-0.4838
equal_hour,9.67,0,69,-1.3345,-0.5376
equal_hour,9.67,0,73,-1.3171,-0.5899
equal_hour,9.67,0,77,-1.3001,-0.6407
equal_hour,9.67,0,81,-1.2836,-0.6900
equal_hour,9.67,0,85,-1.2676,-0.7380
equal_hour,9.67,0,90,-1.2481,-0.7963
equal_hour,9.67,0,95,-1.2292,-0.8528
equal_hour,9.67,0,100,-1.2109,-0.9076
equal_hour,9.67,0,105,-1.1931,-0.9609
equal_hour,9.67,0,110,-1.1758,-1.0127
equal_hour,9.67,0,115,-1.1589,-1.0632
equal_hour,9.67,0,120,-1.1424,-1.1125
equal_hour,9.67,0,125,-1.1263,-1.1607
equal_hour,9.67,0,131,-1.1075,-1.2170
equal_hour,9.67,0,137,-1.0891,-1.2720
equal_hour,9.67,0,143,-1.0711,-1.3258
equal_hour,9.67,0,149,-1.0536,-1.3783
equal_hour,9.67,0,155,-1.0363,-1.4299
equal_hour,9.67,0,161,-1.0194,-1.4805
equal_hour,9.67,0,167,-1.0028,-1.5302
equal_hour,9.67,0,173,-0.9864,-1.5792
equal_hour,9.67,0,179,-0.9703,-1.6275
equal_hour,9.67,0,185,-0.9543,-1.6752
equal_hour,9.67,0,187,-0.9491,-1.6910
equal_hour,10.00,0,0,-1.4191,0.6406
equal_hour,10.00,0,2,-1.4057,0.5917
equal_hour,10.00,0,5,-1.3862,0.5207
equal_hour,10.00,0,8,-1.3674,0.4524
equal_hour,10.00,0,11,-1.3494,0.3865
equal_hour,10.00,0,14,-1.3319,0.3230
equal_hour,10.00,0,17,-1.3151,0.2617
equal_hour,10.00,0,20,-1.2989,0.2025
equal_hour,10.00,0,23,-1.2832,0.1452
equal_hour,10.00,0,26,-1.2679,0.0898
equal_hour,10.00,0,29,-1.2532,0.0360
equal_hour,10.00,0,32,-1.2389,-0.0161
equal_hour,10.00,0,35,-1.2250,-0.0666
equal_hour,10.00,0,38,-1.2115,-0.1157
equal_hour,10.00,0,42,-1.1942,-0.1791
equal_hour,10.00,0,46,-1.1774,-0.2402
equal_hour,10.00,0,50,-1.1612,-0.2991
equal_hour,10.00,0,54,-1.1456,-0.3561
equal_hour,10.00,0,58,-1.1305,-0.4112
equal_hour,10.00,0,62,-1.1158,-0.4646
equal_hour,10.00,0,66,-1.1016,-0.5164
equal_hour,10.00,0,70,-1.0878,-0.5666
equal_hour,10.00,0,74,-1.0744,-0.6155
equal_hour,10.00,0,79,-1.0582,-0.6747
equal_hour,10.00,0,84,-1.0424,-0.7320
equal_hour,10.00,0,89,-1.0272,-0.7875
equal_hour,10.00,0,94,-1.0124,-0.8414
equal_hour,10.00,0,99,-0.9981,-0.8937
equal_hour,10.00,0,104,-0.9841,-0.9446
equal_hour,10.00,0,109,-0.9705,-0.9942
equal_hour,10.00,0,114,-0.9572,-1.0426
equal_hour,10.00,0,120,-0.9416,-1.0993
equal_hour,10.00,0,126,-0.9265,-1.1544
equal_hour,10.00,0,132,-0.9118,-1.2082
equal_hour,10.00,0,138,-0.8973,-1.2607
equal_hour,10.00,0,144,-0.8832,-1.3122
equal_hour,10.00,0,150,-0.8694,-1.3626
equal_hour,10.00,0,156,-0.8558,-1.4121
equal_hour,10.00,0,162,-0.8424,-1.4608
equal_hour,10.00,0,169,-0.8271,-1.5167
equal_hour,10.00,0,176,-0.8120,-1.5717
equal_hour,10.00,0,183,-0.7971,-1.6260
equal_hour,10.00,0,187,-0.7887,-1.6567
equal_hour,10.33,0,0,-1.1193,0.5549
equal_hour,10.33,0,3,-1.1045,0.4873
equal_hour,10.33,0,6,-1.0901,0.4222
equal_hour,10.33,0,9,-1.0763,0.3595
equal_hour,10.33,0,12,-1.0630,0.2989
equal_hour,10.33,0,15,-1.0501,0.2404
equal_hour,10.33,0,18,-1.0377,0.1838
equal_hour,10.33,0,21,-1.0256,0.1290
equal_hour,10.33,0,24,-1.0139,0.0759
equal_hour,10.33,0,27,-1.0026,0.0245
equal_hour,10.33,0,30,-0.9916,-0.0254
equal_hour,10.33,0,34,-0.9774,-0.0898
equal_hour,10.33,0,38,-0.9638,-0.1517
equal_hour,10.33,0,42,-0.9507,-0.2115
equal_hour,10.33,0,46,-0.9380,-0.2691
equal_hour,10.33,0,50,-0.9257,-0.3249
equal_hour,10.33,0,54,-0.9138,-0.3788
equal_hour,10.33,0,58,-0.9023,-0.4311
equal_hour,10.33,0,62,-0.8912,-0.4818
equal_hour,10.33,0,66,-0.8803,-0.5310
equal_hour,10.33,0,71,-0.8672,-0.5905
equal_hour,10.33,0,76,-0.8545,-0.6481
equal_hour,10.33,0,81,-0.8423,-0.7039
equal_hour,10.33,0,86,-0.8304,-0.7579
equal_hour,10.33,0,91,-0.8188,-0.8104
equal_hour,10.33,0,96,-0.8076,-0.8614
equal_hour,10.33,0,101,-0.7967,-0.9110
equal_hour,10.33,0,107,-0.7839,-0.9689
equal_hour,10.33,0,113,-0.7716,-1.0252
equal_hour,10.33,0,119,-0.7595,-1.0799
equal_hour,10.33,0,125,-0.7478,-1.1333
equal_hour,10.33,0,131,-0.7363,-1.1854
equal_hour,10.33,0,137,-0.7251,-1.2364
equal_hour,10.33,0,143,-0.7141,-1.2864
equal_hour,10.33,0,149,-0.7033,-1.3354
equal_hour,10.33,0,156,-0.6909,-1.3915
equal_hour,10.33,0,163,-0.6788,-1.4466
equal_hour,10.33,0,170,-0.6669,-1.5008
equal_hour,10.33,0,177,-0.6551,-1.5543
equal_hour,10.33,0,184,-0.6435,-1.6071
equal_hour,10.33,0,187,-0.6385,-1.6295
equal_hour,10.67,0,0,-0.8529,0.4917
equal_hour,10.67,0,3,-0.8420,0.4280
equal_hour,10.67,0,6,-0.8316,0.3665
equal_hour,10.67,0,9,-0.8215,0.3072
equal_hour,10.67,0,12,-0.8118,0.2499
equal_hour,10.67,0,15,-0.8024,0.1944
equal_hour,10.67,0,18,-0.7932,0.1407
equal_hour,10.67,0,21,-0.7844,0.0887
equal_hour,10.67,0,24,-0.7759,0.0383
equal_hour,10.67,0,28,-0.7648,-0.0267
equal_hour,10.67,0,32,-0.7542,-0.0892
equal_hour,10.67,0,36,-0.7440,-0.1494
equal_hour,10.67,0,40,-0.7341,-0.2074
equal_hour,10.67,0,44,-0.7246,-0.2635
equal_hour,10.67,0,48,-0.7154,-0.3178
equal_hour,10.67,0,52,-0.7065,-0.3703
equal_hour,10.67,0,56,-0.6978,-0.4212
equal_hour,10.67,0,60,-0.6895,-0.4705
equal_hour,10.67,0,65,-0.6793,-0.5303
equal_hour,10.67,0,70,-0.6695,-0.5880
equal_hour,10.67,0,75,-0.6600,-0.6438
equal_hour,10.67,0,80,-0.6509,-0.6978
equal_hour,10.67,0,85,-0.6420,-0.7503
equal_hour,10.67,0,90,-0.6333,-0.8012
equal_hour,10.67,0,95,-0.6249,-0.8508
equal_hour,10.67,0,101,-0.6151,-0.9085
equal_hour,10.67,0,107,-0.6056,-0.9646
equal_hour,10.67,0,113,-0.5963,-1.0192
equal_hour,10.67,0,119,-0.5873,-1.0723
equal_hour,10.67,0,125,-0.5785,-1.1242
equal_hour,10.67,0,131,-0.5699,-1.1748
equal_hour,10.67,0,137,-0.5614,-1.2245
equal_hour,10.67,0,144,-0.5518,-1.2811
equal_hour,10.67,0,151,-0.5424,-1.3366
equal_hour,10.67,0,158,-0.5331,-1.3911
equal_hour,10.67,0,165,-0.5240,-1.4447
equal_hour,10.67,0,172,-0.5151,-1.4975
equal_hour,10.67,0,179,-0.5062,-1.5496
equal_hour,10.67,0,186,-0.4975,-1.6012
equal_hour,10.67,0,187,-0.4962,-1.6086
equal_hour,11.00,0,0,-0.6093,0.4467
equal_hour,11.00,0,3,-0.6019,0.3857
equal_hour,11.00,0,6,-0.5947,0.3268
equal_hour,11.00,0,9,-0.5877,0.2698
equal_hour,11.00,0,12,-0.5809,0.2148
equal_hour,11.00,0,15,-0.5744,0.1615
equal_hour,11.00,0,18,-0.5681,0.1099
equal_hour,11.00,0,21,-0.5620,0.0598
equal_hour,11.00,0,25,-0.5541,-0.0046
equal_hour,11.00,0,29,-0.5465,-0.0666
equal_hour,11.00,0,33,-0.5392,-0.1263
equal_hour,11.00,0,37,-0.5321,-0.1839
equal_hour,11.00,0,41,-0.5253,-0.2396
equal_hour,11.00,0,45,-0.5187,-0.2934
equal_hour,11.00,0,49,-0.5124,-0.3454
equal_hour,11.00,0,53,-0.5062,-0.3959
equal_hour,11.00,0,58,-0.4987,-0.4568
equal_hour,11.00,0,63,-0.4915,-0.5156
equal_hour,11.00,0,68,-0.4846,-0.5724
equal_hour,11.00,0,73,-0.4779,-0.6274
equal_hour,11.00,0,78,-0.4713,-0.6806
equal_hour,11.00,0,83,-0.4650,-0.7322
equal_hour,11.00,0,88,-0.4589,-0.7824
equal_hour,11.00,0,94,-0.4517,-0.8408
equal_hour,11.00,0,100,-0.4448,-0.8975
equal_hour,11.00,0,106,-0.4380,-0.9525
equal_hour,11.00,0,112,-0.4315,-1.0060
equal_hour,11.00,0,118,-0.4251,-1.0582
equal_hour,11.00,0,124,-0.4189,-1.1091
equal_hour,11.00,0,130,-0.4128,-1.1589
equal_hour,11.00,0,137,-0.4058,-1.2157
equal_hour,11.00,0,144,-0.3990,-1.2713
equal_hour,11.00,0,151,-0.3924,-1.3257
equal_hour,11.00,0,158,-0.3858,-1.3792
equal_hour,11.00,0,165,-0.3794,-1.4319
equal_hour,11.00,0,172,-0.3730,-1.4838
equal_hour,11.00,0,179,-0.3667,-1.5351
equal_hour,11.00,0,186,-0.3605,-1.5859
equal_hour,11.00,0,187,-0.3596,-1.5931
equal_hour,11.33,0,0,-0.3811,0.4172
equal_hour,11.33,0,3,-0.3765,0.3579
equal_hour,11.33,0,6,-0.3721,0.3006
equal_hour,11.33,0,9,-0.3678,0.2452
equal_hour,11.33,0,12,-0.3637,0.1916
equal_hour,11.33,0,15,-0.3597,0.1398
equal_hour,11.33,0,18,-0.3558,0.0895
equal_hour,11.33,0,22,-0.3509,0.0248
equal_hour,11.33,0,26,-0.3461,-0.0374
equal_hour,11.33,0,30,-0.3415,-0.0974
equal_hour,11.33,0,34,-0.3370,-0.1551
equal_hour,11.33,0,38,-0.3327,-0.2109
equal_hour,11.33,0,42,-0.3286,-0.2648
equal_hour,11.33,0,46,-0.3245,-0.3169
equal_hour,11.33,0,50,-0.3207,-0.3675
equal_hour,11.33,0,55,-0.3160,-0.4285
equal_hour,11.33,0,60,-0.3114,-0.4873
equal_hour,11.33,0,65,-0.3070,-0.5441
equal_hour,11.33,0,70,-0.3028,-0.5990
equal_hour,11.33,0,75,-0.2987,-0.6522
equal_hour,11.33,0,80,-0.2947,-0.7038
equal_hour,11.33,0,85,-0.2909,-0.7539
equal_hour,11.33,0,91,-0.2864,-0.8123
equal_hour,11.33,0,97,-0.2820,-0.8688
equal_hour,11.33,0,103,-0.2778,-0.9237
equal_hour,11.33,0,109,-0.2737,-0.9770
equal_hour,11.33,0,115,-0.2697,-1.0290
equal_hour,11.33,0,121,-0.2658,-1.0798
equal_hour,11.33,0,128,-0.2613,-1.1376
equal_hour,11.33,0,135,-0.2570,-1.1939
equal_hour,11.33,0,142,-0.2528,-1.2491
equal_hour,11.33,0,149,-0.2486,-1.3031
equal_hour,11.33,0,156,-0.2445,-1.3562
equal_hour,11.33,0,163,-0.2405,-1.4084
equal_hour,11.33,0,170,-0.2365,-1.4600
equal_hour,11.33,0,177,-0.2326,-1.5109
equal_hour,11.33,0,184,-0.2287,-1.5612
equal_hour,11.33,0,187,-0.2271,-1.5827
equal_hour,11.67,0,0,-0.1619,0.4012
equal_hour,11.67,0,3,-0.1600,0.3428
equal_hour,11.67,0,6,-0.1581,0.2865
equal_hour,11.67,0,9,-0.1563,0.2319
equal_hour,11.67,0,12,-0.1546,0.1792
equal_hour,11.67,0,15,-0.1529,0.1280
equal_hour,11.67,0,19,-0.1508,0.0623
equal_hour,11.67,0,23,-0.1487,-0.0009
equal_hour,11.67,0,27,-0.1467,-0.0617
equal_hour,11.67,0,31,-0.1448,-0.1202
equal_hour,11.67,0,35,-0.1429,-0.1767
equal_hour,11.67,0,39,-0.1411,-0.2313
equal_hour,11.67,0,43,-0.1394,-0.2841
equal_hour,11.67,0,47,-0.1377,-0.3352
equal_hour,11.67,0,52,-0.1357,-0.3969
equal_hour,11.67,0,57,-0.1337,-0.4563
equal_hour,11.67,0,62,-0.1319,-0.5136
equal_hour,11.67,0,67,-0.1300,-0.5691
equal_hour,11.67,0,72,-0.1283,-0.6227
equal_hour,11.67,0,77,-0.1266,-0.6747
equal_hour,11.67,0,82,-0.1249,-0.7251
equal_hour,11.67,0,88,-0.1230,-0.7839
equal_hour,11.67,0,94,-0.1211,-0.8407
equal_hour,11.67,0,100,-0.1193,-0.8959
equal_hour,11.67,0,106,-0.1176,-0.9495
equal_hour,11.67,0,112,-0.1158,-1.0017
equal_hour,11.67,0,118,-0.1142,-1.0526
equal_hour,11.67,0,125,-0.1123,-1.1105
equal_hour,11.67,0,132,-0.1104,-1.1670
equal_hour,11.67,0,139,-0.1086,-1.2223
equal_hour,11.67,0,146,-0.1068,-1.2764
equal_hour,11.67,0,153,-0.1051,-1.3295
equal_hour,11.67,0,160,-0.1034,-1.3817
equal_hour,11.67,0,167,-0.1017,-1.4332
equal_hour,11.67,0,174,-0.1000,-1.4840
equal_hour,11.67,0,181,-0.0984,-1.5343
equal_hour,11.67,0,187,-0.0970,-1.5770
equal_hour,12.00,0,0,0.0535,0.3981
equal_hour,12.00,0,3,0.0529,0.3399
equal_hour,12.00,0,6,0.0523,0.2837
equal_hour,12.00,0,9,0.0517,0.2293
equal_hour,12.00,0,12,0.0511,0.1767
equal_hour,12.00,0,15,0.0506,0.1257
equal_hour,12.00,0,19,0.0499,0.0602
equal_hour,12.00,0,23,0.0492,-0.0028
equal_hour,12.00,0,27,0.0485,-0.0634
equal_hour,12.00,0,31,0.0479,-0.1219
equal_hour,12.00,0,35,0.0473,-0.1782
equal_hour,12.00,0,39,0.0467,-0.2327
equal_hour,12.00,0,43,0.0461,-0.2853
equal_hour,12.00,0,47,0.0456,-0.3363
equal_hour,12.00,0,52,0.0449,-0.3978
equal_hour,12.00,0,57,0.0442,-0.4571
equal_hour,12.00,0,62,0.0436,-0.5143
equal_hour,12.00,0,67,0.0430,-0.5696
equal_hour,12.00,0,72,0.0424,-0.6231
equal_hour,12.00,0,77,0.0419,-0.6750
equal_hour,12.00,0,82,0.0413,-0.7254
equal_hour,12.00,0,88,0.0407,-0.7840
equal_hour,12.00,0,94,0.0401,-0.8407
equal_hour,12.00,0,100,0.0395,-0.8958
equal_hour,12.00,0,106,0.0389,-0.9493
equal_hour,12.00,0,112,0.0383,-1.0014
equal_hour,12.00,0,118,0.0378,-1.0522
equal_hour,12.00,0,125,0.0372,-1.1100
equal_hour,12.00,0,132,0.0365,-1.1665
equal_hour,12.00,0,139,0.0359,-1.2216
equal_hour,12.00,0,146,0.0354,-1.2756
equal_hour,12.00,0,153,0.0348,-1.3286
equal_hour,12.00,0,160,0.0342,-1.3808
equal_hour,12.00,0,167,0.0337,-1.4322
equal_hour,12.00,0,174,0.0331,-1.4830
equal_hour,12.00,0,181,0.0326,-1.5332
equal_hour,12.00,0,187,0.0321,-1.5759
equal_hour,12.33,0,0,0.2702,0.4075
equal_hour,12.33,0,3,0.2670,0.3488
equal_hour,12.33,0,6,0.2639,0.2920
equal_hour,12.33,0,9,0.2609,0.2372
equal_hour,12.33,0,12,0.2580,0.1841
equal_hour,12.33,0,15,0.2552,0.1327
equal_hour,12.33,0,19,0.2516,0.0666
equal_hour,12.33,0,23,0.2481,0.0030
equal_hour,12.33,0,27,0.2447,-0.0581
equal_hour,12.33,0,31,0.2415,-0.1170
equal_hour,12.33,0,35,0.2384,-0.1738
equal_hour,12.33,0,39,0.2354,-0.2286
equal_hour,12.33,0,43,0.2325,-0.2817
equal_hour,12.33,0,47,0.2297,-0.3330
equal_hour,12.33,0,52,0.2263,-0.3950
equal_hour,12.33,0,57,0.2230,-0.4547
equal_hour,12.33,0,62,0.2199,-0.5123
equal_hour,12.33,0,67,0.2168,-0.5680
equal_hour,12.33,0,72,0.2139,-0.6218
equal_hour,12.33,0,77,0.2110,-0.6740
equal_hour,12.33,0,82,0.2083,-0.7247
equal_hour,12.33,0,88,0.2050,-0.7837
equal_hour,12.33,0,94,0.2019,-0.8407
equal_hour,12.33,0,100,0.1989,-0.8961
equal_hour,12.33,0,106,0.1959,-0.9499
equal_hour,12.33,0,112,0.1931,-1.0023
equal_hour,12.33,0,118,0.1903,-1.0534
equal_hour,12.33,0,125,0.1871,-1.1115
equal_hour,12.33,0,132,0.1840,-1.1682
equal_hour,12.33,0,139,0.1810,-1.2236
equal_hour,12.33,0,146,0.1780,-1.2778
equal_hour,12.33,0,153,0.1751,-1.3311
equal_hour,12.33,0,160,0.1722,-1.3835
equal_hour,12.33,0,167,0.1694,-1.4351
equal_hour,12.33,0,174,0.1666,-1.4860
equal_hour,12.33,0,181,0.1638,-1.5364
equal_hour,12.33,0,187,0.1615,-1.5793
equal_hour,12.67,0,0,0.4932,0.4301
equal_hour,12.67,0,3,0.4872,0.3700
equal_hour,12.67,0,6,0.4815,0.3120
equal_hour,12.67,0,9,0.4759,0.2560
equal_hour,12.67,0,12,0.4705,0.2018
equal_hour,12.67,0,15,0.4653,0.1493
equal_hour,12.67,0,18,0.4602,0.0984
equal_hour,12.67,0,22,0.4537,0.0330
equal_hour,12.67,0,26,0.4475,-0.0300
equal_hour,12.67,0,30,0.4414,-0.0905
equal_hour,12.67,0,34,0.4356,-0.1489
equal_hour,12.67,0,38,0.4300,-0.2053
equal_hour,12.67,0,42,0.4246,-0.2597
equal_hour,12.67,0,46,0.4194,-0.3124
equal_hour,12.67,0,50,0.4143,-0.3634
equal_hour,12.67,0,55,0.4082,-0.4250
equal_hour,12.67,0,60,0.4023,-0.4844
equal_hour,12.67,0,65,0.3966,-0.5417
equal_hour,12.67,0,70,0.3911,-0.5971
equal_hour,12.67,0,75,0.3857,-0.6508
equal_hour,12.67,0,80,0.3806,-0.7028
equal_hour,12.67,0,85,0.3756,-0.7533
equal_hour,12.67,0,91,0.3697,-0.8121
equal_hour,12.67,0,97,0.3640,-0.8691
equal_hour,12.67,0,103,0.3585,-0.9243
equal_hour,12.67,0,109,0.3532,-0.9781
equal_hour,12.67,0,115,0.3480,-1.0305
equal_hour,12.67,0,121,0.3429,-1.0815
equal_hour,12.67,0,127,0.3380,-1.1315
equal_hour,12.67,0,134,0.3323,-1.1884
equal_hour,12.67,0,141,0.3268,-1.2440
equal_hour,12.67,0,148,0.3213,-1.2986
equal_hour,12.67,0,155,0.3160,-1.3521
equal_hour,12.67,0,162,0.3108,-1.4047
equal_hour,12.67,0,169,0.3056,-1.4566
equal_hour,12.67,0,176,0.3005,-1.5078
equal_hour,12.67,0,183,0.2955,-1.5585
equal_hour,12.67,0,187,0.2926,-1.5873
equal_hour,13.00,0,0,0.7282,0.4671
equal_hour,13.00,0,3,0.7191,0.4048
equal_hour,13.00,0,6,0.7104,0.3447
equal_hour,13.00,0,9,0.7019,0.2867
equal_hour,13.00,0,12,0.6938,0.2306
equal_hour,13.00,0,15,0.6859,0.1764
equal_hour,13.00,0,18,0.6782,0.1238
equal_hour,13.00,0,21,0.6708,0.0729
equal_hour,13.00,0,25,0.6612,0.0073
equal_hour,13.00,0,29,0.6520,-0.0557
equal_hour,13.00,0,33,0.6432,-0.1164
equal_hour,13.00,0,37,0.6347,-0.1749
equal_hour,13.00,0,41,0.6264,-0.2314
equal_hour,13.00,0,45,0.6185,-0.2861
equal_hour,13.00,0,49,0.6108,-0.3389
equal_hour,13.00,0,53,0.6033,-0.3901
equal_hour,13.00,0,57,0.5961,-0.4398
equal_hour,13.00,0,62,0.5873,-0.4998
equal_hour,13.00,0,67,0.5789,-0.5578
equal_hour,13.00,0,72,0.5707,-0.6138
equal_hour,13.00,0,77,0.5628,-0.6680
equal_hour,13.00,0,82,0.5551,-0.7206
equal_hour,13.00,0,87,0.5477,-0.7717
equal_hour,13.00,0,92,0.5405,-0.8214
equal_hour,13.00,0,98,0.5320,-0.8793
equal_hour,13.00,0,104,0.5239,-0.9354
equal_hour,13.00,0,110,0.5159,-0.9900
equal_hour,13.00,0,116,0.5082,-1.0432
equal_hour,13.00,0,122,0.5006,-1.0950
equal_hour,13.00,0,128,0.4932,-1.1457
equal_hour,13.00,0,134,0.4860,-1.1953
equal_hour,13.00,0,141,0.4777,-1.2519
equal_hour,13.00,0,148,0.4697,-1.3073
equal_hour,13.00,0,155,0.4618,-1.3616
equal_hour,13.00,0,162,0.4540,-1.4151
equal_hour,13.00,0,169,0.4463,-1.4677
equal_hour,13.00,0,176,0.4387,-1.5196
equal_hour,13.00,0,183,0.4312,-1.5710
equal_hour,13.00,0,187,0.4270,-1.6001
equal_hour,13.33,0,0,0.9821,0.5207
equal_hour,13.33,0,3,0.9693,0.4552
equal_hour,13.33,0,6,0.9571,0.3921
equal_hour,13.33,0,9,0.9452,0.3312
equal_hour,13.33,0,12,0.9338,0.2723
equal_hour,13.33,0,15,0.9227,0.2155
equal_hour,13.33,0,18,0.9120,0.1605
equal_hour,13.33,0,21,0.9017,0.1072
equal_hour,13.33,0,24,0.8916,0.0556
equal_hour,13.33,0,27,0.8819,0.0055
equal_hour,13.33,0,31,0.8693,-0.0591
equal_hour,13.33,0,35,0.8573,-0.1212
equal_hour,13.33,0,39,0.8456,-0.1810
equal_hour,13.33,0,43,0.8344,-0.2388
equal_hour,13.33,0,47,0.8235,-0.2946
equal_hour,13.33,0,51,0.8130,-0.3487
equal_hour,13.33,0,55,0.8029,-0.4010
equal_hour,13.33,0,59,0.7930,-0.4517
equal_hour,13.33,0,63,0.7834,-0.5009
equal_hour,13.33,0,68,0.7719,-0.5605
equal_hour,13.33,0,73,0.7607,-0.6180
equal_hour,13.33,0,78,0.7498,-0.6737
equal_hour,13.33,0,83,0.7393,-0.7277
equal_hour,13.33,0,88,0.7292,-0.7801
equal_hour,13.33,0,93,0.7193,-0.8310
equal_hour,13.33,0,98,0.7096,-0.8806
equal_hour,13.33,0,104,0.6984,-0.9384
equal_hour,13.33,0,110,0.6875,-0.9945
equal_hour,13.33,0,116,0.6769,-1.0491
equal_hour,13.33,0,122,0.6665,-1.1023
equal_hour,13.33,0,128,0.6564,-1.1542
equal_hour,13.33,0,134,0.6466,-1.2050
equal_hour,13.33,0,140,0.6369,-1.2547
equal_hour,13.33,0,147,0.6258,-1.3116
equal_hour,13.33,0,154,0.6150,-1.3673
equal_hour,13.33,0,161,0.6044,-1.4219
equal_hour,13.33,0,168,0.5939,-1.4757
equal_hour,13.33,0,175,0.5836,-1.5288
equal_hour,13.33,0,182,0.5734,-1.5812
equal_hour,13.33,0,187,0.5662,-1.6183
equal_hour,13.67,0,0,1.2636,0.5944
equal_hour,13.67,0,3,1.2463,0.5244
equal_hour,13.67,0,6,1.2297,0.4570
equal_hour,13.67,0,9,1.2137,0.3921
equal_hour,13.67,0,12,1.1983,0.3295
equal_hour,13.67,0,15,1.1834,0.2690
equal_hour,13.67,0,18,1.1690,0.2106
equal_hour,13.67,0,21,1.1550,0.1540
equal_hour,13.67,0,24,1.1415,0.0993
equal_hour,13.67,0,27,1.1285,0.0463
equal_hour,13.67,0,30,1.1158,-0.0051
equal_hour,13.67,0,33,1.1035,-0.0550
equal_hour,13.67,0,37,1.0876,-0.1194
equal_hour,13.67,0,41,1.0723,-0.1813
equal_hour,13.67,0,45,1.0576,-0.2411
equal_hour,13.67,0,49,1.0434,-0.2988
equal_hour,13.67,0,53,1.0296,-0.3546
equal_hour,13.67,0,57,1.0163,-0.4086
equal_hour,13.67,0,61,1.0034,-0.4610
equal_hour,13.67,0,65,0.9909,-0.5117
equal_hour,13.67,0,69,0.9787,-0.5610
equal_hour,13.67,0,74,0.9640,-0.6208
equal_hour,13.67,0,79,0.9498,-0.6785
equal_hour,13.67,0,84,0.9360,-0.7344
equal_hour,13.67,0,89,0.9226,-0.7886
equal_hour,13.67,0,94,0.9096,-0.8412
equal_hour,13.67,0,99,0.8970,-0.8924
equal_hour,13.67,0,104,0.8847,-0.9422
equal_hour,13.67,0,109,0.8728,-0.9908
equal_hour,13.67,0,115,0.8588,-1.0476
equal_hour,13.67,0,121,0.8451,-1.1028
equal_hour,13.67,0,127,0.8319,-1.1567
equal_hour,13.67,0,133,0.8189,-1.2093
equal_hour,13.67,0,139,0.8062,-1.2607
equal_hour,13.67,0,145,0.7938,-1.3111
equal_hour,13.67,0,151,0.7816,-1.3606
equal_hour,13.67,0,157,0.7696,-1.4092
equal_hour,13.67,0,164,0.7559,-1.4649
equal_hour,13.67,0,171,0.7424,-1.5197
equal_hour,13.67,0,178,0.7290,-1.5737
equal_hour,13.67,0,185,0.7159,-1.6271
equal_hour,13.67,0,187,0.7122,-1.6422
equal_hour,14.00,0,0,1.5850,0.6936
equal_hour,14.00,0,2,1.5695,0.6424
equal_hour,14.00,0,4,1.5544,0.5926
equal_hour,14.00,0,6,1.5396,0.5441
equal_hour,14.00,0,9,1.5183,0.4737
equal_hour,14.00,0,12,1.4977,0.4059
equal_hour,14.00,0,15,1.4779,0.3405
equal_hour,14.00,0,18,1.4587,0.2774
equal_hour,14.00,0,21,1.4402,0.2165
equal_hour,14.00,0,24,1.4224,0.1576
equal_hour,14.00,0,27,1.4051,0.1006
equal_hour,14.00,0,30,1.3883,0.0454
equal_hour,14.00,0,33,1.3721,-0.0081
equal_hour,14.00,0,36,1.3564,-0.0600
equal_hour,14.00,0,39,1.3411,-0.1104
equal_hour,14.00,0,42,1.3262,-0.1593
equal_hour,14.00,0,46,1.3071,-0.2225
equal_hour,14.00,0,50,1.2886,-0.2834
equal_hour,14.00,0,54,1.2707,-0.3423
equal_hour,14.00,0,58,1.2535,-0.3991
equal_hour,14.00,0,62,1.2368,-0.4542
equal_hour,14.00,0,66,1.2206,-0.5075
equal_hour,14.00,0,70,1.2049,-0.5593
equal_hour,14.00,0,74,1.1896,-0.6096
equal_hour,14.00,0,78,1.1748,-0.6584
equal_hour,14.00,0,83,1.1568,-0.7177
equal_hour,14.00,0,88,1.1394,-0.7750
equal_hour,14.00,0,93,1.1226,-0.8306
equal_hour,14.00,0,98,1.1062,-0.8845
equal_hour,14.00,0,103,1.0903,-0.9370
equal_hour,14.00,0,108,1.0748,-0.9880
equal_hour,14.00,0,113,1.0597,-1.0378
equal_hour,14.00,0,118,1.0450,-1.0863
equal_hour,14.00,0,124,1.0277,-1.1432
equal_hour,14.00,0,130,1.0109,-1.1985
equal_hour,14.00,0,136,0.9946,-1.2525
equal_hour,14.00,0,142,0.9785,-1.3053
equal_hour,14.00,0,148,0.9628,-1.3570
equal_hour,14.00,0,154,0.9475,-1.4077
equal_hour,14.00,0,160,0.9324,-1.4575
equal_hour,14.00,0,166,0.9175,-1.5065
equal_hour,14.00,0,172,0.9029,-1.5548
equal_hour,14.00,0,179,0.8860,-1.6103
equal_hour,14.00,0,186,0.8694,-1.6650
equal_hour,14.00,0,187,0.8670,-1.6728
equal_hour,14.33,0,0,1.9641,0.8269
equal_hour,14.33,0,2,1.9432,0.7699
equal_hour,14.33,0,4,1.9229,0.7145
equal_hour,14.33,0,6,1.9031,0.6607
equal_hour,14.33,0,8,1.8839,0.6083
equal_hour,14.33,0,10,1.8652,0.5573
equal_hour,14.33,0,12,1.8470,0.5076
equal_hour,14.33,0,14,1.8293,0.4592
equal_hour,14.33,0,16,1.8120,0.4121
equal_hour,14.33,0,19,1.7869,0.3435
equal_hour,14.33,0,22,1.7626,0.2774
equal_hour,14.33,0,25,1.7392,0.2135
equal_hour,14.33,0,28,1.7166,0.1519
equal_hour,14.33,0,31,1.6948,0.0923
equal_hour,14.33,0,34,1.6736,0.0346
equal_hour,14.33,0,37,1.6531,-0.0213
equal_hour,14.33,0,40,1.6333,-0.0755
equal_hour,14.33,0,43,1.6140,-0.1280
equal_hour,14.33,0,46,1.5953,-0.1791
equal_hour,14.33,0,49,1.5771,-0.2287
equal_hour,14.33,0,52,1.5594,-0.2769
equal_hour,14.33,0,56,1.5366,-0.3392
equal_hour,14.33,0,60,1.5145,-0.3994
equal_hour,14.33,0,64,1.4932,-0.4576
equal_hour,14.33,0,68,1.4726,-0.5139
equal_hour,14.33,0,72,1.4526,-0.5684
equal_hour,14.33,0,76,1.4332,-0.6213
equal_hour,14.33,0,80,1.4143,-0.6727
equal_hour,14.33,0,84,1.3960,-0.7227
equal_hour,14.33,0,88,1.3782,-0.7713
equal_hour,14.33,0,92,1.3608,-0.8186
equal_hour,14.33,0,97,1.3398,-0.8761
equal_hour,14.33,0,102,1.3193,-0.9319
equal_hour,14.33,0,107,1.2994,-0.9861
equal_hour,14.33,0,112,1.2801,-1.0388
equal_hour,14.33,0,117,1.2613,-1.0902
equal_hour,14.33,0,122,1.2429,-1.1403
equal_hour,14.33,0,127,1.2250,-1.1892
equal_hour,14.33,0,132,1.2074,-1.2370
equal_hour,14.33,0,138,1.1869,-1.2931
equal_hour,14.33,0,144,1.1668,-1.3479
equal_hour,14.33,0,150,1.1472,-1.4014
equal_hour,14.33,0,156,1.1280,-1.4539
equal_hour,14.33,0,162,1.1091,-1.5053
equal_hour,14.33,0,168,1.0905,-1.5559
equal_hour,14.33,0,174,1.0723,-1.6057
equal_hour,14.33,0,180,1.0543,-1.6547
equal_hour,14.33,0,186,1.0366,-1.7032
equal_hour,14.33,0,187,1.0336,-1.7112
equal_hour,14.67,0,0,2.4285,1.0079
equal_hour,14.67,0,2,2.3999,0.9427
equal_hour,14.67,0,4,2.3722,0.8794
equal_hour,14.67,0,6,2.3453,0.8180
equal_hour,14.67,0,8,2.3191,0.7584
equal_hour,14.67,0,10,2.2937,0.7005
equal_hour,14.67,0,12,2.2691,0.6443
equal_hour,14.67,0,14,2.2451,0.5896
equal_hour,14.67,0,16,2.2218,0.5364
equal_hour,14.67,0,18,2.1990,0.4846
equal_hour,14.67,0,20,2.1769,0.4341
equal_hour,14.67,0,22,2.1554,0.3849
equal_hour,14.67,0,24,2.1343,0.3370
equal_hour,14.67,0,26,2.1138,0.2902
equal_hour,14.67,0,29,2.0840,0.2222
equal_hour,14.67,0,32,2.0552,0.1566
equal_hour,14.67,0,35,2.0274,0.0932
equal_hour,14.67,0,38,2.0006,0.0319
equal_hour,14.67,0,41,1.9746,-0.0274
equal_hour,14.67,0,44,1.9494,-0.0849
equal_hour,14.67,0,47,1.9250,-0.1405
equal_hour,14.67,0,50,1.9013,-0.1945
equal_hour,14.67,0,53,1.8783,-0.2470
equal_hour,14.67,0,56,1.8560,-0.2979
equal_hour,14.67,0,59,1.8342,-0.3474
equal_hour,14.67,0,62,1.8131,-0.3956
equal_hour,14.67,0,65,1.7925,-0.4425
equal_hour,14.67,0,69,1.7659,-0.5032
equal_hour,14.67,0,73,1.7402,-0.5619
equal_hour,14.67,0,77,1.7153,-0.6188
equal_hour,14.67,0,81,1.6911,-0.6739
equal_hour,14.67,0,85,1.6676,-0.7274
equal_hour,14.67,0,89,1.6449,-0.7793
equal_hour,14.67,0,93,1.6227,-0.8298
equal_hour,14.67,0,97,1.6012,-0.8790
equal_hour,14.67,0,101,1.5802,-0.9269
equal_hour,14.67,0,105,1.5597,-0.9736
equal_hour,14.67,0,110,1.5348,-1.0304
equal_hour,14.67,0,115,1.5106,-1.0856
equal_hour,14.67,0,120,1.4870,-1.1394
equal_hour,14.67,0,125,1.4641,-1.1917
equal_hour,14.67,0,130,1.4417,-1.2427
equal_hour,14.67,0,135,1.4198,-1.2926
equal_hour,14.67,0,140,1.3984,-1.3413
equal_hour,14.67,0,145,1.3775,-1.3890
equal_hour,14.67,0,150,1.3570,-1.4358
equal_hour,14.67,0,155,1.3369,-1.4817
equal_hour,14.67,0,161,1.3132,-1.5357
equal_hour,14.67,0,167,1.2900,-1.5887
equal_hour,14.67,0,173,1.2672,-1.6407
equal_hour,14.67,0,179,1.2448,-1.6918
equal_hour,14.67,0,185,1.2227,-1.7422
equal_hour,14.67,0,187,1.2154,-1.7589
equal_hour,15.00,0,0,3.0244,1.2600
equal_hour,15.00,0,2,2.9840,1.1826
equal_hour,15.00,0,4,2.9449,1.1077
equal_hour,15.00,0,6,2.9071,1.0353
equal_hour,15.00,0,8,2.8705,0.9653
equal_hour,15.00,0,10,2.8350,0.8974
equal_hour,15.00,0,12,2.8007,0.8317
equal_hour,15.00,0,14,2.7674,0.7679
equal_hour,15.00,0,16,2.7351,0.7060
equal_hour,15.00,0,18,2.7037,0.6459
equal_hour,15.00,0,20,2.6732,0.5876
equal_hour,15.00,0,22,2.6436,0.5308
equal_hour,15.00,0,24,2.6147,0.4756
equal_hour,15.00,0,26,2.5867,0.4219
equal_hour,15.00,0,28,2.5594,0.3696
equal_hour,15.00,0,30,2.5328,0.3187
equal_hour,15.00,0,32,2.5068,0.2690
equal_hour,15.00,0,34,2.4816,0.2206
equal_hour,15.00,0,36,2.4569,0.1734
equal_hour,15.00,0,38,2.4328,0.1273
equal_hour,15.00,0,40,2.4093,0.0823
equal_hour,15.00,0,43,2.3751,0.0168
equal_hour,15.00,0,46,2.3420,-0.0466
equal_hour,15.00,0,49,2.3100,-0.1079
equal_hour,15.00,0,52,2.2790,-0.1672
equal_hour,15.00,0,55,2.2490,-0.2247
equal_hour,15.00,0,58,2.2199,-0.2804
equal_hour,15.00,0,61,2.1916,-0.3345
equal_hour,15.00,0,64,2.1642,-0.3870
equal_hour,15.00,0,67,2.1375,-0.4381
equal_hour,15.00,0,70,2.1116,-0.4878
equal_hour,15.00,0,73,2.0863,-0.5361
equal_hour,15.00,0,76,2.0617,-0.5832
equal_hour,15.00,0,79,2.0377,-0.6291
equal_hour,15.00,0,82,2.0144,-0.6739
equal_hour,15.00,0,86,1.9840,-0.7319
equal_hour,15.00,0,90,1.9547,-0.7882
equal_hour,15.00,0,94,1.9262,-0.8428
equal_hour,15.00,0,98,1.8985,-0.8958
equal_hour,15.00,0,102,1.8715,-0.9474
equal_hour,15.00,0,106,1.8453,-0.9975
equal_hour,15.00,0,110,1.8198,-1.0464
equal_hour,15.00,0,114,1.7949,-1.0941
equal_hour,15.00,0,118,1.7706,-1.1406
equal_hour,15.00,0,122,1.7469,-1.1861
equal_hour,15.00,0,126,1.7236,-1.2305
equal_hour,15.00,0,131,1.6953,-1.2847
equal_hour,15.00,0,136,1.6677,-1.3376
equal_hour,15.00,0,141,1.6408,-1.3891
equal_hour,15.00,0,146,1.6145,-1.4395
equal_hour,15.00,0,151,1.5887,-1.4888
equal_hour,15.00,0,156,1.5635,-1.5371
equal_hour,15.00,0,161,1.5388,-1.5844
equal_hour,15.00,0,166,1.5145,-1.6309
equal_hour,15.00,0,171,1.4907,-1.6765
equal_hour,15.00,0,176,1.4672,-1.7214
equal_hour,15.00,0,182,1.4395,-1.7744
equal_hour,15.00,0,187,1.4168,-1.8180
equal_hour,15.33,0,0,3.8353,1.6259
equal_hour,15.33,0,1,3.8050,1.5772
equal_hour,15.33,0,2,3.7752,1.5294
equal_hour,15.33,0,3,3.7460,1.4826
equal_hour,15.33,0,4,3.7174,1.4366
equal_hour,15.33,0,5,3.6893,1.3915
equal_hour,15.33,0,6,3.6617,1.3473
equal_hour,15.33,0,7,3.6347,1.3038
equal_hour,15.33,0,8,3.6081,1.2611
equal_hour,15.33,0,10,3.5563,1.1781
equal_hour,15.33,0,12,3.5064,1.0979
equal_hour,15.33,0,14,3.4581,1.0204
equal_hour,15.33,0,16,3.4114,0.9455
equal_hour,15.33,0,18,3.3663,0.8730
equal_hour,15.33,0,20,3.3226,0.8029
equal_hour,15.33,0,22,3.2803,0.7349
equal_hour,15.33,0,24,3.2392,0.6690
equal_hour,15.33,0,26,3.1994,0.6051
equal_hour,15.33,0,28,3.1608,0.5431
equal_hour,15.33,0,30,3.1232,0.4828
equal_hour,15.33,0,32,3.0868,0.4243
equal_hour,15.33,0,34,3.0513,0.3674
equal_hour,15.33,0,36,3.0168,0.3120
equal_hour,15.33,0,38,2.9833,0.2581
equal_hour,15.33,0,40,2.9506,0.2057
equal_hour,15.33,0,42,2.9187,0.1545
equal_hour,15.33,0,44,2.8877,0.1047
equal_hour,15.33,0,46,2.8574,0.0561
equal_hour,15.33,0,48,2.8278,0.0087
equal_hour,15.33,0,50,2.7990,-0.0376
equal_hour,15.33,0,52,2.7708,-0.0828
equal_hour,15.33,0,54,2.7433,-0.1270
equal_hour,15.33,0,56,2.7164,-0.1701
equal_hour,15.33,0,59,2.6772,-0.2331
equal_hour,15.33,0,62,2.6393,-0.2940
equal_hour,15.33,0,65,2.6025,-0.3530
equal_hour,15.33,0,68,2.5669,-0.4102
equal_hour,15.33,0,71,2.5323,-0.4657
equal_hour,15.33,0,74,2.4987,-0.5196
equal_hour,15.33,0,77,2.4661,-0.5720
equal_hour,15.33,0,80,2.4344,-0.6229
equal_hour,15.33,0,83,2.4035,-0.6724
equal_hour,15.33,0,86,2.3735,-0.7207
equal_hour,15.33,0,89,2.3442,-0.7677
equal_hour,15.33,0,92,2.3156,-0.8135
equal_hour,15.33,0,95,2.2878,-0.8583
equal_hour,15.33,0,98,2.2606,-0.9019
equal_hour,15.33,0,101,2.2340,-0.9446
equal_hour,15.33,0,105,2.1995,-1.0000
equal_hour,15.33,0,109,2.1659,-1.0539
equal_hour,15.33,0,113,2.1333,-1.1062
equal_hour,15.33,0,117,2.1016,-1.1571
equal_hour,15.33,0,121,2.0707,-1.2067
equal_hour,15.33,0,125,2.0406,-1.2551
equal_hour,15.33,0,129,2.0112,-1.3023
equal_hour,15.33,0,133,1.9824,-1.3484
equal_hour,15.33,0,137,1.9543,-1.3935
equal_hour,15.33,0,141,1.9268,-1.4376
equal_hour,15.33,0,145,1.8999,-1.4808
equal_hour,15.33,0,150,1.8670,-1.5337
equal_hour,15.33,0,155,1.8349,-1.5852
equal_hour,15.33,0,160,1.8035,-1.6357
equal_hour,15.33,0,165,1.7727,-1.6850
equal_hour,15.33,0,170,1.7426,-1.7334
equal_hour,15.33,0,175,1.7130,-1.7808
equal_hour,15.33,0,180,1.6840,-1.8275
equal_hour,15.33,0,185,1.6554,-1.8733
equal_hour,15.33,0,187,1.6441,-1.8914
equal_hour,15.67,0,0,5.0312,2.1931
equal_hour,15.67,0,1,4.9823,2.1278
equal_hour,15.67,0,2,4.9346,2.0640
equal_hour,15.67,0,3,4.8879,2.0016
equal_hour,15.67,0,4,4.8422,1.9406
equal_hour,15.67,0,5,4.7976,1.8809
equal_hour,15.67,0,6,4.7539,1.8226
equal_hour,15.67,0,7,4.7112,1.7655
equal_hour,15.67,0,8,4.6694,1.7096
equal_hour,15.67,0,9,4.6284,1.6549
equal_hour,15.67,0,10,4.5883,1.6013
equal_hour,15.67,0,11,4.5490,1.5488
equal_hour,15.67,0,12,4.5105,1.4973
equal_hour,15.67,0,13,4.4728,1.4469
equal_hour,15.67,0,14,4.4359,1.3975
equal_hour,15.67,0,15,4.3996,1.3491
equal_hour,15.67,0,16,4.3640,1.3015
equal_hour,15.67,0,17,4.3292,1.2549
equal_hour,15.67,0,18,4.2949,1.2092
equal_hour,15.67,0,19,4.2613,1.1643
equal_hour,15.67,0,20,4.2284,1.1202
equal_hour,15.67,0,21,4.1960,1.0770
equal_hour,15.67,0,22,4.1642,1.0345
equal_hour,15.67,0,23,4.1330,0.9928
equal_hour,15.67,0,24,4.1023,0.9518
equal_hour,15.67,0,25,4.0722,0.9115
equal_hour,15.67,0,27,4.0135,0.8330
equal_hour,15.67,0,29,3.9567,0.7571
equal_hour,15.67,0,31,3.9018,0.6838
equal_hour,15.67,0,33,3.8486,0.6127
equal_hour,15.67,0,35,3.7972,0.5439
equal_hour,15.67,0,37,3.7473,0.4773
equal_hour,15.67,0,39,3.6989,0.4126
equal_hour,15.67,0,41,3.6519,0.3498
equal_hour,15.67,0,43,3.6063,0.2889
equal_hour,15.67,0,45,3.5620,0.2297
equal_hour,15.67,0,47,3.5190,0.1722
equal_hour,15.67,0,49,3.4771,0.1162
equal_hour,15.67,0,51,3.4363,0.0617
equal_hour,15.67,0,53,3.3966,0.0087
equal_hour,15.67,0,55,3.3580,-0.0430
equal_hour,15.67,0,57,3.3203,-0.0933
equal_hour,15.67,0,59,3.2836,-0.1424
equal_hour,15.67,0,61,3.2477,-0.1903
equal_hour,15.67,0,63,3.2127,-0.2371
equal_hour,15.67,0,65,3.1786,-0.2827
equal_hour,15.67,0,67,3.1452,-0.3273
equal_hour,15.67,0,69,3.1126,-0.3709
equal_hour,15.67,0,71,3.0807,-0.4135
equal_hour,15.67,0,73,3.0496,-0.4552
equal_hour,15.67,0,75,3.0191,-0.4959
equal_hour,15.67,0,78,2.9745,-0.5555
equal_hour,15.67,0,81,2.9313,-0.6132
equal_hour,15.67,0,84,2.8894,-0.6692
equal_hour,15.67,0,87,2.8488,-0.7235
equal_hour,15.67,0,90,2.8093,-0.7763
equal_hour,15.67,0,93,2.7709,-0.8276
equal_hour,15.67,0,96,2.7335,-0.8776
equal_hour,15.67,0,99,2.6971,-0.9262
equal_hour,15.67,0,102,2.6617,-0.9736
equal_hour,15.67,0,105,2.6271,-1.0198
equal_hour,15.67,0,108,2.5934,-1.0648
equal_hour,15.67,0,111,2.5604,-1.1088
equal_hour,15.67,0,114,2.5283,-1.1518
equal_hour,15.67,0,117,2.4969,-1.1938
equal_hour,15.67,0,120,2.4661,-1.2349
equal_hour,15.67,0,123,2.4360,-1.2751
equal_hour,15.67,0,127,2.3969,-1.3274
equal_hour,15.67,0,131,2.3588,-1.3784
equal_hour,15.67,0,135,2.3216,-1.4280
equal_hour,15.67,0,139,2.2854,-1.4764
equal_hour,15.67,0,143,2.2501,-1.5236
equal_hour,15.67,0,147,2.2156,-1.5697
equal_hour,15.67,0,151,2.1818,-1.6148
equal_hour,15.67,0,155,2.1488,-1.6590
equal_hour,15.67,0,159,2.1165,-1.7022
equal_hour,15.67,0,163,2.0847,-1.7446
equal_hour,15.67,0,167,2.0536,-1.7862
equal_hour,15.67,0,171,2.0231,-1.8270
equal_hour,15.67,0,175,1.9931,-1.8671
equal_hour,15.67,0,180,1.9563,-1.9163
equal_hour,15.67,0,185,1.9202,-1.9645
equal_hour,15.67,0,187,1.9059,-1.9836
equal_hour,16.00,0,0,5.6654,1.6861
equal_hour,16.00,0,1,5.6103,1.6255
equal_hour,16.00,0,2,5.5563,1.5664
equal_hour,16.00,0,3,5.5036,1.5085
equal_hour,16.00,0,4,5.4519,1.4518
equal_hour,16.00,0,5,5.4014,1.3964
equal_hour,16.00,0,6,5.3520,1.3421
equal_hour,16.00,0,7,5.3035,1.2890
equal_hour,16.00,0,8,5.2561,1.2369
equal_hour,16.00,0,9,5.2096,1.1859
equal_hour,16.00,0,10,5.1641,1.1359
equal_hour,16.00,0,11,5.1194,1.0870
equal_hour,16.00,0,12,5.0757,1.0389
equal_hour,16.00,0,13,5.0327,0.9918
equal_hour,16.00,0,14,4.9906,0.9456
equal_hour,16.00,0,15,4.9493,0.9003
equal_hour,16.00,0,16,4.9088,0.8558
equal_hour,16.00,0,17,4.8690,0.8122
equal_hour,16.00,0,18,4.8300,0.7693
equal_hour,16.00,0,19,4.7916,0.7272
equal_hour,16.00,0,20,4.7539,0.6859
equal_hour,16.00,0,21,4.7169,0.6453
equal_hour,16.00,0,22,4.6806,0.6054
equal_hour,16.00,0,23,4.6449,0.5662
equal_hour,16.00,0,24,4.6097,0.5277
equal_hour,16.00,0,25,4.5752,0.4898
equal_hour,16.00,0,26,4.5413,0.4525
equal_hour,16.00,0,28,4.4751,0.3799
equal_hour,16.00,0,30,4.4110,0.3096
equal_hour,16.00,0,32,4.3489,0.2415
equal_hour,16.00,0,34,4.2888,0.1755
equal_hour,16.00,0,36,4.2305,0.1115
equal_hour,16.00,0,38,4.1739,0.0494
equal_hour,16.00,0,40,4.1189,-0.0109
equal_hour,16.00,0,42,4.0656,-0.0695
equal_hour,16.00,0,44,4.0137,-0.1264
equal_hour,16.00,0,46,3.9632,-0.1818
equal_hour,16.00,0,48,3.9141,-0.2356
equal_hour,16.00,0,50,3.8663,-0.2881
equal_hour,16.00,0,52,3.8198,-0.3392
equal_hour,16.00,0,54,3.7744,-0.3890
equal_hour,16.00,0,56,3.7302,-0.4375
equal_hour,16.00,0,58,3.6870,-0.4849
equal_hour,16.00,0,60,3.6449,-0.5311
equal_hour,16.00,0,62,3.6038,-0.5762
equal_hour,16.00,0,64,3.5636,-0.6203
equal_hour,16.00,0,66,3.5244,-0.6633
equal_hour,16.00,0,68,3.4860,-0.7054
equal_hour,16.00,0,70,3.4485,-0.7466
equal_hour,16.00,0,72,3.4118,-0.7869
equal_hour,16.00,0,74,3.3758,-0.8263
equal_hour,16.00,0,76,3.3407,-0.8649
equal_hour,16.00,0,78,3.3062,-0.9027
equal_hour,16.00,0,80,3.2724,-0.9398
equal_hour,16.00,0,83,3.2230,-0.9940
equal_hour,16.00,0,86,3.1751,-1.0466
equal_hour,16.00,0,89,3.1284,-1.0978
equal_hour,16.00,0,92,3.0831,-1.1476
equal_hour,16.00,0,95,3.0389,-1.1960
equal_hour,16.00,0,98,2.9959,-1.2432
equal_hour,16.00,0,101,2.9540,-1.2892
equal_hour,16.00,0,104,2.9132,-1.3340
equal_hour,16.00,0,107,2.8733,-1.3778
equal_hour,16.00,0,110,2.8343,-1.4205
equal_hour,16.00,0,113,2.7962,-1.4623
equal_hour,16.00,0,116,2.7590,-1.5032
equal_hour,16.00,0,119,2.7226,-1.5431
equal_hour,16.00,0,122,2.6869,-1.5823
equal_hour,16.00,0,125,2.6520,-1.6206
equal_hour,16.00,0,128,2.6178,-1.6581
equal_hour,16.00,0,132,2.5732,-1.7071
equal_hour,16.00,0,136,2.5297,-1.7548
equal_hour,16.00,0,140,2.4872,-1.8014
equal_hour,16.00,0,144,2.4458,-1.8469
equal_hour,16.00,0,148,2.4052,-1.8914
equal_hour,16.00,0,152,2.3656,-1.9349
equal_hour,16.00,0,156,2.3267,-1.9775
equal_hour,16.00,0,160,2.2886,-2.0193
equal_hour,16.00,0,164,2.2513,-2.0603
equal_hour,16.00,0,168,2.2146,-2.1006
equal_hour,16.33,0,0,5.6972,0.4835
equal_hour,16.33,0,1,5.6475,0.4398
equal_hour,16.33,0,2,5.5988,0.3969
equal_hour,16.33,0,3,5.5510,0.3548
equal_hour,16.33,0,4,5.5041,0.3135
equal_hour,16.33,0,5,5.4580,0.2730
equal_hour,16.33,0,6,5.4127,0.2331
equal_hour,16.33,0,7,5.3683,0.1940
equal_hour,16.33,0,8,5.3246,0.1556
equal_hour,16.33,0,9,5.2817,0.1178
equal_hour,16.33,0,10,5.2396,0.0807
equal_hour,16.33,0,11,5.1981,0.0443
equal_hour,16.33,0,12,5.1574,0.0084
equal_hour,16.33,0,13,5.1173,-0.0269
equal_hour,16.33,0,14,5.0779,-0.0616
equal_hour,16.33,0,15,5.0391,-0.0957
equal_hour,16.33,0,16,5.0010,-0.1292
equal_hour,16.33,0,18,4.9265,-0.1948
equal_hour,16.33,0,20,4.8544,-0.2583
equal_hour,16.33,0,22,4.7844,-0.3198
equal_hour,16.33,0,24,4.7166,-0.3796
equal_hour,16.33,0,26,4.6507,-0.4376
equal_hour,16.33,0,28,4.5867,-0.4939
equal_hour,16.33,0,30,4.5245,-0.5486
equal_hour,16.33,0,32,4.4640,-0.6018
equal_hour,16.33,0,34,4.4052,-0.6536
equal_hour,16.33,0,36,4.3479,-0.7040
equal_hour,16.33,0,38,4.2921,-0.7531
equal_hour,16.33,0,40,4.2378,-0.8010
equal_hour,16.33,0,42,4.1848,-0.8476
equal_hour,16.33,0,44,4.1331,-0.8931
equal_hour,16.33,0,46,4.0827,-0.9375
equal_hour,16.33,0,48,4.0335,-0.9808
equal_hour,16.33,0,50,3.9854,-1.0231
equal_hour,16.33,0,52,3.9384,-1.0644
equal_hour,16.33,0,54,3.8925,-1.1049
equal_hour,16.33,0,56,3.8476,-1.1444
equal_hour,16.33,0,58,3.8036,-1.1830
equal_hour,16.33,0,60,3.7607,-1.2209
equal_hour,16.33,0,62,3.7186,-1.2579
equal_hour,16.33,0,64,3.6773,-1.2942
equal_hour,16.33,0,66,3.6370,-1.3297
equal_hour,16.33,0,68,3.5974,-1.3646
equal_hour,16.33,0,70,3.5586,-1.3987
equal_hour,16.33,0,72,3.5205,-1.4322
equal_hour,16.33,0,75,3.4648,-1.4813
equal_hour,16.33,0,78,3.4105,-1.5290
equal_hour,16.33,0,81,3.3578,-1.5755
equal_hour,16.33,0,84,3.3064,-1.6207
equal_hour,16.33,0,87,3.2563,-1.6648
equal_hour,16.33,0,90,3.2074,-1.7078
equal_hour,16.33,0,93,3.1598,-1.7497
equal_hour,16.33,0,96,3.1132,-1.7907
equal_hour,16.33,0,99,3.0677,-1.8307
equal_hour,16.33,0,102,3.0233,-1.8698
equal_hour,16.33,0,105,2.9798,-1.9081
equal_hour,16.33,0,108,2.9372,-1.9456
equal_hour,16.33,0,111,2.8955,-1.9823
equal_hour,16.33,0,114,2.8546,-2.0183
equal_hour,16.33,0,117,2.8146,-2.0535
equal_hour,16.33,0,120,2.7753,-2.0881
equal_hour,16.33,0,123,2.7367,-2.1221
equal_hour,16.33,0,126,2.6988,-2.1554
equal_hour,16.33,0,130,2.6493,-2.1990
equal_hour,16.33,0,134,2.6010,-2.2415
equal_hour,16.33,0,135,2.5890,-2.2520
equal_hour,16.67,0,0,5.6870,-0.6691
equal_hour,16.67,0,1,5.6406,-0.7006
equal_hour,16.67,0,2,5.5950,-0.7316
equal_hour,16.67,0,3,5.5502,-0.7620
equal_hour,16.67,0,4,5.5060,-0.7920
equal_hour,16.67,0,5,5.4626,-0.8215
equal_hour,16.67,0,6,5.4199,-0.8505
equal_hour,16.67,0,7,5.3778,-0.8791
equal_hour,16.67,0,8,5.3363,-0.9072
equal_hour,16.67,0,10,5.2553,-0.9622
equal_hour,16.67,0,12,5.1767,-1.0156
equal_hour,16.67,0,14,5.1004,-1.0674
equal_hour,16.67,0,16,5.0262,-1.1178
equal_hour,16.67,0,18,4.9541,-1.1668
equal_hour,16.67,0,20,4.8840,-1.2144
equal_hour,16.67,0,22,4.8157,-1.2607
equal_hour,16.67,0,24,4.7493,-1.3058
equal_hour,16.67,0,26,4.6846,-1.3498
equal_hour,16.67,0,28,4.6215,-1.3926
equal_hour,16.67,0,30,4.5600,-1.4344
equal_hour,16.67,0,32,4.5000,-1.4751
equal_hour,16.67,0,34,4.4414,-1.5149
equal_hour,16.67,0,36,4.3842,-1.5537
equal_hour,16.67,0,38,4.3284,-1.5916
equal_hour,16.67,0,40,4.2738,-1.6287
equal_hour,16.67,0,42,4.2204,-1.6649
equal_hour,16.67,0,44,4.1682,-1.7004
equal_hour,16.67,0,46,4.1171,-1.7351
equal_hour,16.67,0,48,4.0672,-1.7690
equal_hour,16.67,0,50,4.0182,-1.8022
equal_hour,16.67,0,52,3.9703,-1.8348
equal_hour,16.67,0,54,3.9233,-1.8667
equal_hour,16.67,0,56,3.8772,-1.8980
equal_hour,16.67,0,58,3.8321,-1.9286
equal_hour,16.67,0,60,3.7877,-1.9587
equal_hour,16.67,0,62,3.7443,-1.9882
equal_hour,16.67,0,64,3.7016,-2.0172
equal_hour,16.67,0,66,3.6597,-2.0457
equal_hour,16.67,0,69,3.5982,-2.0874
equal_hour,16.67,0,72,3.5384,-2.1281
equal_hour,16.67,0,75,3.4800,-2.1677
equal_hour,16.67,0,78,3.4231,-2.2063
equal_hour,16.67,0,81,3.3675,-2.2441
equal_hour,16.67,0,84,3.3133,-2.2809
equal_hour,16.67,0,87,3.2602,-2.3169
equal_hour,16.67,0,90,3.2084,-2.3521
equal_hour,16.67,0,93,3.1576,-2.3866
equal_hour,16.67,0,96,3.1080,-2.4203
equal_hour,16.67,0,99,3.0593,-2.4533
equal_hour,17.00,0,0,5.6919,-1.7443
equal_hour,17.00,0,1,5.6458,-1.7669
equal_hour,17.00,0,2,5.6004,-1.7891
equal_hour,17.00,0,4,5.5116,-1.8326
equal_hour,17.00,0,6,5.4254,-1.8748
equal_hour,17.00,0,8,5.3416,-1.9158
equal_hour,17.00,0,10,5.2600,-1.9558
equal_hour,17.00,0,12,5.1807,-1.9946
equal_hour,17.00,0,14,5.1035,-2.0324
equal_hour,17.00,0,16,5.0283,-2.0692
equal_hour,17.00,0,18,4.9551,-2.1050
equal_hour,17.00,0,20,4.8836,-2.1400
equal_hour,17.00,0,22,4.8140,-2.1741
equal_hour,17.00,0,24,4.7460,-2.2074
equal_hour,17.00,0,26,4.6796,-2.2399
equal_hour,17.00,0,28,4.6148,-2.2716
equal_hour,17.00,0,30,4.5515,-2.3026
equal_hour,17.00,0,32,4.4896,-2.3329
equal_hour,17.00,0,34,4.4290,-2.3625
equal_hour,17.00,0,36,4.3698,-2.3915
equal_hour,17.00,0,38,4.3119,-2.4199
equal_hour,17.00,0,40,4.2551,-2.4477
equal_hour,17.00,0,42,4.1995,-2.4749
equal_hour,17.00,0,44,4.1451,-2.5015
equal_hour,17.00,0,46,4.0917,-2.5277
equal_hour,17.00,0,48,4.0394,-2.5533
equal_hour,17.00,0,50,3.9881,-2.5784
equal_hour,17.00,0,52,3.9378,-2.6030
equal_hour,17.00,0,54,3.8883,-2.6272
equal_hour,17.00,0,56,3.8398,-2.6510
equal_hour,17.00,0,58,3.7922,-2.6743
equal_hour,17.00,0,60,3.7454,-2.6972
equal_hour,17.00,0,62,3.6994,-2.7197
equal_hour,17.00,0,63,3.6767,-2.7308
since_sunrise,2h,0,0,-3.0713,1.2805
since_sunrise,2h,0,2,-3.0779,1.2226
since_sunrise,2h,0,4,-3.0845,1.1657
since_sunrise,2h,0,6,-3.0909,1.1096
since_sunrise,2h,0,8,-3.0973,1.0544
since_sunrise,2h,0,10,-3.1036,0.9999
since_sunrise,2h,0,12,-3.1098,0.9463
since_sunrise,2h,0,14,-3.1160,0.8934
since_sunrise,2h,0,16,-3.1221,0.8413
since_sunrise,2h,0,18,-3.1281,0.7898
since_sunrise,2h,0,20,-3.1340,0.7390
since_sunrise,2h,0,22,-3.1399,0.6889
since_sunrise,2h,0,25,-3.1487,0.6148
since_sunrise,2h,0,28,-3.1573,0.5420
since_sunrise,2h,0,31,-3.1658,0.4705
since_sunrise,2h,0,34,-3.1742,0.4002
since_sunrise,2h,0,37,-3.1825,0.3309
since_sunrise,2h,0,40,-3.1907,0.2627
since_sunrise,2h,0,43,-3.1988,0.1955
since_sunrise,2h,0,46,-3.2069,0.1291
since_sunrise,2h,0,49,-3.2148,0.0637
since_sunrise,2h,0,52,-3.2228,-0.0010
since_sunrise,2h,0,55,-3.2306,-0.0649
since_sunrise,2h,0,58,-3.2384,-0.1281
since_sunrise,2h,0,61,-3.2461,-0.1906
since_sunrise,2h,0,64,-3.2538,-0.2525
since_sunrise,2h,0,67,-3.2615,-0.3138
since_sunrise,2h,0,70,-3.2691,-0.3745
since_sunrise,2h,0,73,-3.2767,-0.4348
since_sunrise,2h,0,76,-3.2842,-0.4946
since_sunrise,2h,0,79,-3.2918,-0.5539
since_sunrise,2h,0,82,-3.2993,-0.6129
since_sunrise,2h,0,85,-3.3068,-0.6716
since_sunrise,2h,0,88,-3.3143,-0.7299
since_sunrise,2h,0,91,-3.3217,-0.7879
since_sunrise,2h,0,94,-3.3292,-0.8457
since_sunrise,2h,0,97,-3.3367,-0.9032
since_sunrise,2h,0,100,-3.3442,-0.9606
since_sunrise,2h,0,103,-3.3517,-1.0178
since_sunrise,2h,0,106,-3.3592,-1.0748
since_sunrise,2h,0,109,-3.3667,-1.1318
since_sunrise,2h,0,112,-3.3743,-1.1887
since_sunrise,2h,0,115,-3.3819,-1.2456
since_sunrise,2h,0,118,-3.3895,-1.3025
since_sunrise,2h,0,121,-3.3971,-1.3594
since_sunrise,2h,0,124,-3.4048,-1.4164
since_sunrise,2h,0,127,-3.4125,-1.4734
since_sunrise,2h,0,130,-3.4203,-1.5306
since_sunrise,2h,0,133,-3.4281,-1.5880
since_sunrise,2h,0,136,-3.4360,-1.6455
since_sunrise,2h,0,139,-3.4439,-1.7032
since_sunrise,2h,0,142,-3.4519,-1.7613
since_sunrise,2h,0,145,-3.4600,-1.8196
since_sunrise,2h,0,148,-3.4681,-1.8782
since_sunrise,2h,0,151,-3.4763,-1.9372
since_sunrise,2h,0,154,-3.4847,-1.9965
since_sunrise,2h,0,157,-3.4931,-2.0564
since_sunrise,2h,0,160,-3.5016,-2.1167
since_sunrise,2h,0,163,-3.5102,-2.1775
since_sunrise,2h,0,166,-3.5189,-2.2389
since_sunrise,2h,0,169,-3.5278,-2.3008
since_sunrise,2h,0,172,-3.5367,-2.3635
since_sunrise,2h,0,175,-3.5459,-2.4268
since_sunrise,2h,0,178,-3.5551,-2.4909
since_sunrise,2h,0,181,-3.5645,-2.5559
since_sunrise,2h,0,184,-3.5741,-2.6216
since_sunrise,2h,0,187,-3.5838,-2.6883
since_sunrise,3h,0,0,-1.6086,0.7014
since_sunrise,3h,0,3,-1.6211,0.6363
since_sunrise,3h,0,6,-1.6333,0.5729
since_sunrise,3h,0,9,-1.6452,0.5110
since_sunrise,3h,0,12,-1.6569,0.4507
since_sunrise,3h,0,15,-1.6682,0.3919
since_sunrise,3h,0,18,-1.6794,0.3344
since_sunrise,3h,0,21,-1.6903,0.2781
since_sunrise,3h,0,24,-1.7010,0.2231
since_sunrise,3h,0,27,-1.7114,0.1692
since_sunrise,3h,0,30,-1.7217,0.1164
since_sunrise,3h,0,33,-1.7319,0.0646
since_sunrise,3h,0,36,-1.7418,0.0137
since_sunrise,3h,0,39,-1.7516,-0.0363
since_sunrise,3h,0,42,-1.7612,-0.0854
since_sunrise,3h,0,46,-1.7739,-0.1497
since_sunrise,3h,0,50,-1.7863,-0.2127
since_sunrise,3h,0,54,-1.7984,-0.2744
since_sunrise,3h,0,58,-1.8104,-0.3350
since_sunrise,3h,0,62,-1.8223,-0.3946
since_sunrise,3h,0,66,-1.8339,-0.4532
since_sunrise,3h,0,70,-1.8454,-0.5109
since_sunrise,3h,0,74,-1.8568,-0.5679
since_sunrise,3h,0,78,-1.8680,-0.6241
since_sunrise,3h,0,82,-1.8792,-0.6796
since_sunrise,3h,0,86,-1.8902,-0.7345
since_sunrise,3h,0,90,-1.9012,-0.7889
since_sunrise,3h,0,94,-1.9121,-0.8427
since_sunrise,3h,0,98,-1.9229,-0.8962
since_sunrise,3h,0,102,-1.9337,-0.9493
since_sunrise,3h,0,106,-1.9444,-1.0020
since_sunrise,3h,0,110,-1.9551,-1.0545
since_sunrise,3h,0,114,-1.9658,-1.1067
since_sunrise,3h,0,118,-1.9765,-1.1588
since_sunrise,3h,0,122,-1.9872,-1.2108
since_sunrise,3h,0,126,-1.9979,-1.2627
since_sunrise,3h,0,130,-2.0086,-1.3146
since_sunrise,3h,0,134,-2.0194,-1.3665
since_sunrise,3h,0,138,-2.0302,-1.4185
since_sunrise,3h,0,142,-2.0410,-1.4706
since_sunrise,3h,0,146,-2.0519,-1.5229
since_sunrise,3h,0,150,-2.0629,-1.5755
since_sunrise,3h,0,154,-2.0740,-1.6283
since_sunrise,3h,0,158,-2.0852,-1.6815
since_sunrise,3h,0,162,-2.0965,-1.7351
since_sunrise,3h,0,166,-2.1079,-1.7892
since_sunrise,3h,0,170,-2.1194,-1.8438
since_sunrise,3h,0,174,-2.1312,-1.8990
since_sunrise,3h,0,178,-2.1430,-1.9548
since_sunrise,3h,0,182,-2.1551,-2.0114
since_sunrise,3h,0,186,-2.1674,-2.0689
since_sunrise,3h,0,187,-2.1705,-2.0833
since_sunrise,4h,0,0,-0.7447,0.4701
since_sunrise,4h,0,3,-0.7606,0.4123
since_sunrise,4h,0,6,-0.7761,0.3562
since_sunrise,4h,0,9,-0.7911,0.3017
since_sunrise,4h,0,12,-0.8057,0.2488
since_sunrise,4h,0,15,-0.8199,0.1973
since_sunrise,4h,0,18,-0.8337,0.1472
since_sunrise,4h,0,21,-0.8472,0.0983
since_sunrise,4h,0,25,-0.8648,0.0351
since_sunrise,4h,0,29,-0.8817,-0.0262
since_sunrise,4h,0,33,-0.8982,-0.0857
since_sunrise,4h,0,37,-0.9143,-0.1435
since_sunrise,4h,0,41,-0.9299,-0.1997
since_sunrise,4h,0,45,-0.9452,-0.2544
since_sunrise,4h,0,49,-0.9601,-0.3079
since_sunrise,4h,0,53,-0.9746,-0.3600
since_sunrise,4h,0,57,-0.9889,-0.4111
since_sunrise,4h,0,61,-1.0029,-0.4610
since_sunrise,4h,0,65,-1.0166,-0.5100
since_sunrise,4h,0,70,-1.0334,-0.5699
since_sunrise,4h,0,75,-1.0499,-0.6285
since_sunrise,4h,0,80,-1.0661,-0.6859
since_sunrise,4h,0,85,-1.0820,-0.7423
since_sunrise,4h,0,90,-1.0977,-0.7977
since_sunrise,4h,0,95,-1.1131,-0.8523
since_sunrise,4h,0,100,-1.1284,-0.9062
since_sunrise,4h,0,105,-1.1435,-0.9593
since_sunrise,4h,0,110,-1.1585,-1.0120
since_sunrise,4h,0,115,-1.1733,-1.0641
since_sunrise,4h,0,120,-1.1881,-1.1158
since_sunrise,4h,0,125,-1.2028,-1.1672
since_sunrise,4h,0,130,-1.2175,-1.2184
since_sunrise,4h,0,135,-1.2321,-1.2693
since_sunrise,4h,0,140,-1.2468,-1.3202
since_sunrise,4h,0,145,-1.2614,-1.3711
since_sunrise,4h,0,150,-1.2761,-1.4221
since_sunrise,4h,0,155,-1.2909,-1.4732
since_sunrise,4h,0,160,-1.3058,-1.5245
since_sunrise,4h,0,165,-1.3208,-1.5762
since_sunrise,4h,0,170,-1.3359,-1.6282
since_sunrise,4h,0,175,-1.3512,-1.6807
since_sunrise,4h,0,180,-1.3667,-1.7338
since_sunrise,4h,0,185,-1.3825,-1.7876
since_sunrise,4h,0,187,-1.3888,-1.8094
since_sunrise,5h,0,0,-0.0681,0.3983
since_sunrise,5h,0,3,-0.0895,0.3406
since_sunrise,5h,0,6,-0.1101,0.2848
since_sunrise,5h,0,9,-0.1301,0.2310
since_sunrise,5h,0,12,-0.1493,0.1790
since_sunrise,5h,0,15,-0.1680,0.1286
since_sunrise,5h,0,18,-0.1862,0.0797
since_sunrise,5h,0,21,-0.2038,0.0324
since_sunrise,5h,0,25,-0.2264,-0.0287
since_sunrise,5h,0,29,-0.2483,-0.0876
since_sunrise,5h,0,33,-0.2694,-0.1444
since_sunrise,5h,0,37,-0.2899,-0.1993
since_sunrise,5h,0,41,-0.3097,-0.2524
since_sunrise,5h,0,45,-0.3289,-0.3039
since_sunrise,5h,0,49,-0.3476,-0.3539
since_sunrise,5h,0,53,-0.3657,-0.4025
since_sunrise,5h,0,57,-0.3834,-0.4499
since_sunrise,5h,0,62,-0.4050,-0.5074
since_sunrise,5h,0,67,-0.4259,-0.5632
since_sunrise,5h,0,72,-0.4462,-0.6174
since_sunrise,5h,0,77,-0.4660,-0.6702
since_sunrise,5h,0,82,-0.4854,-0.7217
since_sunrise,5h,0,87,-0.5044,-0.7721
since_sunrise,5h,0,92,-0.5230,-0.8214
since_sunrise,5h,0,97,-0.5412,-0.8698
since_sunrise,5h,0,102,-0.5591,-0.9173
since_sunrise,5h,0,108,-0.5803,-0.9733
since_sunrise,5h,0,114,-0.6012,-1.0283
since_sunrise,5h,0,120,-0.6217,-1.0825
since_sunrise,5h,0,126,-0.6421,-1.1360
since_sunrise,5h,0,132,-0.6622,-1.1890
since_sunrise,5h,0,138,-0.6822,-1.2415
since_sunrise,5h,0,144,-0.7021,-1.2937
since_sunrise,5h,0,150,-0.7219,-1.3456
since_sunrise,5h,0,156,-0.7418,-1.3975
since_sunrise,5h,0,162,-0.7617,-1.4493
since_sunrise,5h,0,168,-0.7816,-1.5013
since_sunrise,5h,0,174,-0.8017,-1.5536
since_sunrise,5h,0,180,-0.8220,-1.6063
since_sunrise,5h,0,186,-0.8425,-1.6594
since_sunrise,5h,0,187,-0.8459,-1.6683
since_sunrise,6h,0,0,0.5935,0.4443
since_sunrise,6h,0,3,0.5622,0.3799
since_sunrise,6h,0,6,0.5323,0.3183
since_sunrise,6h,0,9,0.5036,0.2592
since_sunrise,6h,0,12,0.4760,0.2024
since_sunrise,6h,0,15,0.4495,0.1477
since_sunrise,6h,0,18,0.4239,0.0951
since_sunrise,6h,0,21,0.3992,0.0443
since_sunrise,6h,0,24,0.3753,-0.0048
since_sunrise,6h,0,27,0.3523,-0.0522
since_sunrise,6h,0,30,0.3299,-0.0980
since_sunrise,6h,0,34,0.3012,-0.1570
since_sunrise,6h,0,38,0.2736,-0.2136
since_sunrise,6h,0,42,0.2471,-0.2681
since_sunrise,6h,0,46,0.2214,-0.3206
since_sunrise,6h,0,50,0.1967,-0.3713
since_sunrise,6h,0,54,0.1728,-0.4203
since_sunrise,6h,0,58,0.1496,-0.4677
since_sunrise,6h,0,62,0.1271,-0.5137
since_sunrise,6h,0,67,0.0999,-0.5693
since_sunrise,6h,0,72,0.0736,-0.6230
since_sunrise,6h,0,77,0.0481,-0.6750
since_sunrise,6h,0,82,0.0233,-0.7254
since_sunrise,6h,0,87,-0.0007,-0.7743
since_sunrise,6h,0,92,-0.0241,-0.8220
since_sunrise,6h,0,97,-0.0470,-0.8684
since_sunrise,6h,0,102,-0.0693,-0.9138
since_sunrise,6h,0,108,-0.0955,-0.9669
since_sunrise,6h,0,114,-0.1211,-1.0188
since_sunrise,6h,0,120,-0.1462,-1.0696
since_sunrise,6h,0,126,-0.1708,-1.1194
since_sunrise,6h,0,132,-0.1950,-1.1684
since_sunrise,6h,0,138,-0.2189,-1.2167
since_sunrise,6h,0,144,-0.2426,-1.2643
since_sunrise,6h,0,150,-0.2660,-1.3115
since_sunrise,6h,0,156,-0.2893,-1.3583
since_sunrise,6h,0,162,-0.3124,-1.4048
since_sunrise,6h,0,168,-0.3355,-1.4512
since_sunrise,6h,0,174,-0.3587,-1.4975
since_sunrise,6h,0,180,-0.3818,-1.5438
since_sunrise,6h,0,186,-0.4051,-1.5904
since_sunrise,6h,0,187,-0.4090,-1.5981
since_sunrise,7h,0,0,1.3974,0.6339
since_sunrise,7h,0,2,1.3626,0.5789
since_sunrise,7h,0,4,1.3289,0.5259
since_sunrise,7h,0,6,1.2965,0.4747
since_sunrise,7h,0,8,1.2651,0.4252
since_sunrise,7h,0,10,1.2348,0.3774
since_sunrise,7h,0,12,1.2054,0.3311
since_sunrise,7h,0,14,1.1770,0.2863
since_sunrise,7h,0,16,1.1494,0.2429
since_sunrise,7h,0,19,1.1097,0.1803
since_sunrise,7h,0,22,1.0716,0.1204
since_sunrise,7h,0,25,1.0351,0.0629
since_sunrise,7h,0,28,1.0001,0.0079
since_sunrise,7h,0,31,0.9665,-0.0450
since_sunrise,7h,0,34,0.9341,-0.0959
since_sunrise,7h,0,37,0.9030,-0.1449
since_sunrise,7h,0,40,0.8729,-0.1922
since_sunrise,7h,0,43,0.8439,-0.2378
since_sunrise,7h,0,46,0.8158,-0.2819
since_sunrise,7h,0,49,0.7886,-0.3246
since_sunrise,7h,0,53,0.7537,-0.3794
since_sunrise,7h,0,57,0.7201,-0.4320
since_sunrise,7h,0,61,0.6879,-0.4826
since_sunrise,7h,0,65,0.6567,-0.5314
since_sunrise,7h,0,69,0.6267,-0.5784
since_sunrise,7h,0,73,0.5977,-0.6239
since_sunrise,7h,0,77,0.5696,-0.6679
since_sunrise,7h,0,81,0.5423,-0.7105
since_sunrise,7h,0,86,0.5093,-0.7620
since_sunrise,7h,0,91,0.4775,-0.8118
since_sunrise,7h,0,96,0.4467,-0.8599
since_sunrise,7h,0,101,0.4168,-0.9065
since_sunrise,7h,0,106,0.3878,-0.9518
since_sunrise,7h,0,111,0.3595,-0.9958
since_sunrise,7h,0,116,0.3319,-1.0387
since_sunrise,7h,0,122,0.2997,-1.0889
since_sunrise,7h,0,128,0.2683,-1.1377
since_sunrise,7h,0,134,0.2375,-1.1854
since_sunrise,7h,0,140,0.2075,-1.2321
since_sunrise,7h,0,146,0.1779,-1.2778
since_sunrise,7h,0,152,0.1489,-1.3228
since_sunrise,7h,0,158,0.1202,-1.3672
since_sunrise,7h,0,164,0.0919,-1.4110
since_sunrise,7h,0,170,0.0638,-1.4543
since_sunrise,7h,0,176,0.0359,-1.4974
since_sunrise,7h,0,182,0.0081,-1.5402
since_sunrise,7h,0,187,-0.0150,-1.5758
since_sunrise,8h,0,0,2.6675,1.1068
since_sunrise,8h,0,1,2.6309,1.0633
since_sunrise,8h,0,2,2.5951,1.0208
since_sunrise,8h,0,3,2.5602,0.9795
since_sunrise,8h,0,4,2.5262,0.9391
since_sunrise,8h,0,5,2.4930,0.8997
since_sunrise,8h,0,6,2.4606,0.8613
since_sunrise,8h,0,8,2.3980,0.7870
since_sunrise,8h,0,10,2.3382,0.7161
since_sunrise,8h,0,12,2.2811,0.6483
since_sunrise,8h,0,14,2.2263,0.5834
since_sunrise,8h,0,16,2.1739,0.5212
since_sunrise,8h,0,18,2.1235,0.4616
since_sunrise,8h,0,20,2.0751,0.4042
since_sunrise,8h,0,22,2.0286,0.3491
since_sunrise,8h,0,24,1.9838,0.2960
since_sunrise,8h,0,26,1.9406,0.2449
since_sunrise,8h,0,28,1.8990,0.1956
since_sunrise,8h,0,30,1.8588,0.1480
since_sunrise,8h,0,32,1.8200,0.1020
since_sunrise,8h,0,34,1.7825,0.0576
since_sunrise,8h,0,36,1.7461,0.0146
since_sunrise,8h,0,38,1.7109,-0.0271
since_sunrise,8h,0,40,1.6768,-0.0674
since_sunrise,8h,0,42,1.6437,-0.1066
since_sunrise,8h,0,45,1.5959,-0.1631
since_sunrise,8h,0,48,1.5501,-0.2173
since_sunrise,8h,0,51,1.5062,-0.2692
since_sunrise,8h,0,54,1.4641,-0.3190
since_sunrise,8h,0,57,1.4235,-0.3670
since_sunrise,8h,0,60,1.3844,-0.4131
since_sunrise,8h,0,63,1.3468,-0.4575
since_sunrise,8h,0,66,1.3105,-0.5004
since_sunrise,8h,0,69,1.2754,-0.5419
since_sunrise,8h,0,72,1.2414,-0.5820
since_sunrise,8h,0,75,1.2085,-0.6207
since_sunrise,8h,0,79,1.1662,-0.6706
since_sunrise,8h,0,83,1.1256,-0.7185
since_sunrise,8h,0,87,1.0864,-0.7646
since_sunrise,8h,0,91,1.0487,-0.8091
since_sunrise,8h,0,95,1.0122,-0.8520
since_sunrise,8h,0,99,0.9770,-0.8934
since_sunrise,8h,0,103,0.9428,-0.9336
since_sunrise,8h,0,107,0.9097,-0.9725
since_sunrise,8h,0,112,0.8697,-1.0196
since_sunrise,8h,0,117,0.8309,-1.0650
since_sunrise,8h,0,122,0.7934,-1.1090
since_sunrise,8h,0,127,0.7571,-1.1517
since_sunrise,8h,0,132,0.7217,-1.1931
since_sunrise,8h,0,137,0.6873,-1.2334
since_sunrise,8h,0,142,0.6537,-1.2727
since_sunrise,8h,0,147,0.6208,-1.3111
since_sunrise,8h,0,153,0.5823,-1.3561
since_sunrise,8h,0,159,0.5447,-1.4001
since_sunrise,8h,0,165,0.5078,-1.4431
since_sunrise,8h,0,171,0.4716,-1.4853
since_sunrise,8h,0,177,0.4359,-1.5268
since_sunrise,8h,0,183,0.4007,-1.5678
since_sunrise,8h,0,187,0.3774,-1.5949
since_sunrise,9h,0,0,5.6310,2.4393
since_sunrise,9h,0,1,5.5106,2.3366
since_sunrise,9h,0,2,5.3953,2.2383
since_sunrise,9h,0,3,5.2849,2.1440
since_sunrise,9h,0,4,5.1789,2.0535
since_sunrise,9h,0,5,5.0771,1.9667
since_sunrise,9h,0,6,4.9792,1.8832
since_sunrise,9h,0,7,4.8851,1.8029
since_sunrise,9h,0,8,4.7945,1.7256
since_sunrise,9h,0,9,4.7072,1.6511
since_sunrise,9h,0,10,4.6231,1.5793
since_sunrise,9h,0,11,4.5419,1.5101
since_sunrise,9h,0,12,4.4635,1.4432
since_sunrise,9h,0,13,4.3877,1.3786
since_sunrise,9h,0,14,4.3145,1.3161
since_sunrise,9h,0,15,4.2436,1.2557
since_sunrise,9h,0,16,4.1751,1.1972
since_sunrise,9h,0,17,4.1086,1.1405
since_sunrise,9h,0,18,4.0442,1.0856
since_sunrise,9h,0,19,3.9818,1.0324
since_sunrise,9h,0,20,3.9213,0.9808
since_sunrise,9h,0,21,3.8625,0.9306
since_sunrise,9h,0,22,3.8054,0.8820
since_sunrise,9h,0,23,3.7500,0.8347
since_sunrise,9h,0,24,3.6960,0.7887
since_sunrise,9h,0,25,3.6436,0.7440
since_sunrise,9h,0,26,3.5926,0.7005
since_sunrise,9h,0,27,3.5429,0.6582
since_sunrise,9h,0,28,3.4946,0.6170
since_sunrise,9h,0,29,3.4475,0.5769
since_sunrise,9h,0,30,3.4016,0.5377
since_sunrise,9h,0,31,3.3568,0.4996
since_sunrise,9h,0,32,3.3132,0.4624
since_sunrise,9h,0,33,3.2706,0.4261
since_sunrise,9h,0,34,3.2291,0.3907
since_sunrise,9h,0,35,3.1885,0.3561
since_sunrise,9h,0,36,3.1488,0.3224
since_sunrise,9h,0,37,3.1101,0.2894
since_sunrise,9h,0,39,3.0353,0.2256
since_sunrise,9h,0,41,2.9637,0.1647
since_sunrise,9h,0,43,2.8951,0.1063
since_sunrise,9h,0,45,2.8294,0.0504
since_sunrise,9h,0,47,2.7664,-0.0033
since_sunrise,9h,0,49,2.7058,-0.0549
since_sunrise,9h,0,51,2.6475,-0.1045
since_sunrise,9h,0,53,2.5914,-0.1522
since_sunrise,9h,0,55,2.5374,-0.1982
since_sunrise,9h,0,57,2.4852,-0.2426
since_sunrise,9h,0,59,2.4349,-0.2854
since_sunrise,9h,0,61,2.3863,-0.3267
since_sunrise,9h,0,63,2.3393,-0.3667
since_sunrise,9h,0,65,2.2938,-0.4054
since_sunrise,9h,0,67,2.2497,-0.4428
since_sunrise,9h,0,69,2.2070,-0.4791
since_sunrise,9h,0,71,2.1656,-0.5143
since_sunrise,9h,0,73,2.1255,-0.5484
since_sunrise,9h,0,75,2.0864,-0.5816
since_sunrise,9h,0,78,2.0300,-0.6295
since_sunrise,9h,0,81,1.9758,-0.6755
since_sunrise,9h,0,84,1.9237,-0.7197
since_sunrise,9h,0,87,1.8737,-0.7622
since_sunrise,9h,0,90,1.8255,-0.8031
since_sunrise,9h,0,93,1.7790,-0.8425
since_sunrise,9h,0,96,1.7341,-0.8806
since_sunrise,9h,0,99,1.6907,-0.9173
since_sunrise,9h,0,102,1.6488,-0.9529
since_sunrise,9h,0,105,1.6081,-0.9873
since_sunrise,9h,0,108,1.5687,-1.0207
since_sunrise,9h,0,111,1.5305,-1.0530
since_sunrise,9h,0,115,1.4812,-1.0947
since_sunrise,9h,0,119,1.4337,-1.1349
since_sunrise,9h,0,123,1.3878,-1.1737
since_sunrise,9h,0,127,1.3435,-1.2111
since_sunrise,9h,0,131,1.3006,-1.2473
since_sunrise,9h,0,135,1.2590,-1.2824
since_sunrise,9h,0,139,1.2186,-1.3165
since_sunrise,9h,0,143,1.1794,-1.3496
since_sunrise,9h,0,148,1.1318,-1.3898
since_sunrise,9h,0,153,1.0856,-1.4286
since_sunrise,9h,0,158,1.0408,-1.4663
since_sunrise,9h,0,163,0.9972,-1.5030
since_sunrise,9h,0,168,0.9547,-1.5387
since_sunrise,9h,0,173,0.9132,-1.5736
since_sunrise,9h,0,178,0.8726,-1.6077
since_sunrise,9h,0,183,0.8328,-1.6411
since_sunrise,9h,0,186,0.8093,-1.6608
since_sunrise,10h,0,0,5.6065,0.5662
since_sunrise,10h,0,1,5.5079,0.5114
since_sunrise,10h,0,2,5.4127,0.4585
since_sunrise,10h,0,3,5.3206,0.4074
since_sunrise,10h,0,4,5.2316,0.3580
since_sunrise,10h,0,5,5.1454,0.3101
since_sunrise,10h,0,6,5.0620,0.2638
since_sunrise,10h,0,7,4.9812,0.2189
since_sunrise,10h,0,8,4.9028,0.1754
since_sunrise,10h,0,9,4.8268,0.1332
since_sunrise,10h,0,10,4.7531,0.0922
since_sunrise,10h,0,11,4.6815,0.0525
since_sunrise,10h,0,12,4.6119,0.0138
since_sunrise,10h,0,13,4.5443,-0.0237
since_sunrise,10h,0,14,4.4786,-0.0602
since_sunrise,10h,0,15,4.4147,-0.0957
since_sunrise,10h,0,16,4.3525,-0.1302
since_sunrise,10h,0,17,4.2919,-0.1638
since_sunrise,10h,0,18,4.2330,-0.1965
since_sunrise,10h,0,19,4.1755,-0.2284
since_sunrise,10h,0,20,4.1195,-0.2595
since_sunrise,10h,0,21,4.0649,-0.2898
since_sunrise,10h,0,22,4.0116,-0.3194
since_sunrise,10h,0,23,3.9596,-0.3482
since_sunrise,10h,0,24,3.9088,-0.3764
since_sunrise,10h,0,25,3.8593,-0.4039
since_sunrise,10h,0,26,3.8109,-0.4307
since_sunrise,10h,0,27,3.7635,-0.4570
since_sunrise,10h,0,28,3.7173,-0.4826
since_sunrise,10h,0,29,3.6721,-0.5077
since_sunrise,10h,0,30,3.6279,-0.5322
since_sunrise,10h,0,32,3.5423,-0.5797
since_sunrise,10h,0,34,3.4603,-0.6251
since_sunrise,10h,0,36,3.3816,-0.6687
since_sunrise,10h,0,38,3.3060,-0.7106
since_sunrise,10h,0,40,3.2333,-0.7509
since_sunrise,10h,0,42,3.1634,-0.7896
since_sunrise,10h,0,44,3.0960,-0.8269
since_sunrise,10h,0,46,3.0311,-0.8629
since_sunrise,10h,0,48,2.9684,-0.8976
since_sunrise,10h,0,50,2.9079,-0.9311
since_sunrise,10h,0,52,2.8494,-0.9635
since_sunrise,10h,0,54,2.7928,-0.9948
since_sunrise,10h,0,56,2.7381,-1.0251
since_sunrise,10h,0,58,2.6850,-1.0544
since_sunrise,10h,0,60,2.6335,-1.0829
since_sunrise,10h,0,62,2.5836,-1.1105
since_sunrise,10h,0,64,2.5351,-1.1373
since_sunrise,10h,0,66,2.4880,-1.1633
since_sunrise,10h,0,68,2.4423,-1.1886
since_sunrise,10h,0,70,2.3977,-1.2132
since_sunrise,10h,0,73,2.3332,-1.2489
since_sunrise,10h,0,76,2.2711,-1.2832
since_sunrise,10h,0,79,2.2113,-1.3162
since_sunrise,10h,0,82,2.1536,-1.3480
since_sunrise,10h,0,85,2.0980,-1.3786
since_sunrise,10h,0,88,2.0443,-1.4083
since_sunrise,10h,0,91,1.9923,-1.4369
since_sunrise,10h,0,94,1.9420,-1.4646
since_sunrise,10h,0,97,1.8932,-1.4915
since_sunrise,10h,0,100,1.8458,-1.5176
since_sunrise,10h,0,103,1.7998,-1.5428
since_sunrise,10h,0,106,1.7551,-1.5674
since_sunrise,10h,0,110,1.6974,-1.5992
since_sunrise,10h,0,114,1.6416,-1.6298
since_sunrise,10h,0,118,1.5877,-1.6594
since_sunrise,10h,0,122,1.5354,-1.6881
since_sunrise,10h,0,126,1.4846,-1.7160
since_sunrise,10h,0,130,1.4353,-1.7430
since_sunrise,10h,0,134,1.3874,-1.7693
since_sunrise,10h,0,138,1.3406,-1.7949
since_sunrise,11h,0,0,5.6591,-1.0604
since_sunrise,11h,0,1,5.5664,-1.0864
since_sunrise,11h,0,2,5.4765,-1.1115
since_sunrise,11h,0,3,5.3893,-1.1360
since_sunrise,11h,0,4,5.3046,-1.1597
since_sunrise,11h,0,5,5.2224,-1.1827
since_sunrise,11h,0,6,5.1425,-1.2051
since_sunrise,11h,0,7,5.0648,-1.2268
since_sunrise,11h,0,8,4.9893,-1.2480
since_sunrise,11h,0,9,4.9158,-1.2685
since_sunrise,11h,0,10,4.8443,-1.2885
since_sunrise,11h,0,11,4.7746,-1.3080
since_sunrise,11h,0,12,4.7068,-1.3270
since_sunrise,11h,0,13,4.6406,-1.3455
since_sunrise,11h,0,14,4.5762,-1.3636
since_sunrise,11h,0,15,4.5133,-1.3811
since_sunrise,11h,0,16,4.4519,-1.3983
since_sunrise,11h,0,17,4.3920,-1.4150
since_sunrise,11h,0,18,4.3336,-1.4314
since_sunrise,11h,0,19,4.2765,-1.4474
since_sunrise,11h,0,20,4.2207,-1.4630
since_sunrise,11h,0,21,4.1661,-1.4782
since_sunrise,11h,0,22,4.1128,-1.4931
since_sunrise,11h,0,23,4.0607,-1.5077
since_sunrise,11h,0,24,4.0097,-1.5219
since_sunrise,11h,0,25,3.9598,-1.5358
since_sunrise,11h,0,26,3.9110,-1.5495
since_sunrise,11h,0,28,3.8163,-1.5759
since_sunrise,11h,0,30,3.7255,-1.6013
since_sunrise,11h,0,32,3.6382,-1.6256
since_sunrise,11h,0,34,3.5543,-1.6491
since_sunrise,11h,0,36,3.4735,-1.6716
since_sunrise,11h,0,38,3.3956,-1.6933
since_sunrise,11h,0,40,3.3205,-1.7142
since_sunrise,11h,0,42,3.2481,-1.7344
since_sunrise,11h,0,44,3.1780,-1.7539
since_sunrise,11h,0,46,3.1103,-1.7728
since_sunrise,11h,0,48,3.0448,-1.7910
since_sunrise,11h,0,50,2.9814,-1.8087
since_sunrise,11h,0,52,2.9199,-1.8258
since_sunrise,11h,0,54,2.8603,-1.8424
since_sunrise,11h,0,56,2.8024,-1.8584
since_sunrise,11h,0,58,2.7462,-1.8741
since_sunrise,11h,0,60,2.6916,-1.8892
since_sunrise,11h,0,62,2.6385,-1.9040
since_sunrise,11h,0,64,2.5868,-1.9183
since_sunrise,11h,0,66,2.5365,-1.9323
since_sunrise,11h,0,68,2.4874,-1.9459
since_sunrise,11h,0,71,2.4162,-1.9656
since_sunrise,11h,0,74,2.3475,-1.9847
since_sunrise,11h,0,77,2.2813,-2.0030
since_sunrise,11h,0,80,2.2173,-2.0207
since_sunrise,11h,0,83,2.1553,-2.0378
since_sunrise,11h,0,86,2.0954,-2.0544
since_sunrise,12h,0,0,5.6992,-2.5830
since_sunrise,12h,0,1,5.6014,-2.5846
since_sunrise,12h,0,2,5.5065,-2.5861
since_sunrise,12h,0,3,5.4145,-2.5876
since_sunrise,12h,0,4,5.3251,-2.5890
since_sunrise,12h,0,5,5.2383,-2.5904
since_sunrise,12h,0,6,5.1539,-2.5917
since_sunrise,12h,0,7,5.0719,-2.5930
since_sunrise,12h,0,8,4.9921,-2.5943
since_sunrise,12h,0,9,4.9145,-2.5955
since_sunrise,12h,0,10,4.8389,-2.5967
since_sunrise,12h,0,11,4.7653,-2.5978
since_sunrise,12h,0,12,4.6935,-2.5989
since_sunrise,12h,0,13,4.6236,-2.6000
since_sunrise,12h,0,14,4.5554,-2.6011
since_sunrise,12h,0,15,4.4889,-2.6021
since_sunrise,12h,0,16,4.4240,-2.6031
since_sunrise,12h,0,17,4.3607,-2.6041
since_sunrise,12h,0,18,4.2988,-2.6051
since_sunrise,12h,0,19,4.2383,-2.6060
since_sunrise,12h,0,20,4.1793,-2.6069
since_sunrise,12h,0,21,4.1215,-2.6078
since_sunrise,12h,0,22,4.0651,-2.6087
since_sunrise,12h,0,23,4.0099,-2.6095
since_sunrise,12h,0,24,3.9558,-2.6103
since_sunrise,12h,0,25,3.9029,-2.6111
since_sunrise,12h,0,26,3.8512,-2.6119
since_sunrise,12h,0,27,3.8005,-2.6127
since_sunrise,12h,0,29,3.7021,-2.6142
since_sunrise,12h,0,31,3.6077,-2.6156
since_sunrise,12h,0,33,3.5168,-2.6169
since_sunrise,12h,0,35,3.4294,-2.6182
to_sunset,2h,0,0,3.0713,1.2805
to_sunset,2h,0,2,3.0779,1.2226
to_sunset,2h,0,4,3.0845,1.1657
to_sunset,2h,0,6,3.0909,1.1096
to_sunset,2h,0,8,3.0973,1.0544
to_sunset,2h,0,10,3.1036,0.9999
to_sunset,2h,0,12,3.1098,0.9463
to_sunset,2h,0,14,3.1160,0.8934
to_sunset,2h,0,16,3.1221,0.8413
to_sunset,2h,0,18,3.1281,0.7898
to_sunset,2h,0,20,3.1340,0.7390
to_sunset,2h,0,22,3.1399,0.6889
to_sunset,2h,0,25,3.1487,0.6148
to_sunset,2h,0,28,3.1573,0.5420
to_sunset,2h,0,31,3.1658,0.4705
to_sunset,2h,0,34,3.1742,0.4002
to_sunset,2h,0,37,3.1825,0.3309
to_sunset,2h,0,40,3.1907,0.2627
to_sunset,2h,0,43,3.1988,0.1955
to_sunset,2h,0,46,3.2069,0.1291
to_sunset,2h,0,49,3.2148,0.0637
to_sunset,2h,0,52,3.2228,-0.0010
to_sunset,2h,0,55,3.2306,-0.0649
to_sunset,2h,0,58,3.2384,-0.1281
to_sunset,2h,0,61,3.2461,-0.1906
to_sunset,2h,0,64,3.2538,-0.2525
to_sunset,2h,0,67,3.2615,-0.3138
to_sunset,2h,0,70,3.2691,-0.3745
to_sunset,2h,0,73,3.2767,-0.4348
to_sunset,2h,0,76,3.2842,-0.4946
to_sunset,2h,0,79,3.2918,-0.5539
to_sunset,2h,0,82,3.2993,-0.6129
to_sunset,2h,0,85,3.3068,-0.6716
to_sunset,2h,0,88,3.3143,-0.7299
to_sunset,2h,0,91,3.3217,-0.7879
to_sunset,2h,0,94,3.3292,-0.8457
to_sunset,2h,0,97,3.3367,-0.9032
to_sunset,2h,0,100,3.3442,-0.9606
to_sunset,2h,0,103,3.3517,-1.0178
to_sunset,2h,0,106,3.3592,-1.0748
to_sunset,2h,0,109,3.3667,-1.1318
to_sunset,2h,0,112,3.3743,-1.1887
to_sunset,2h,0,115,3.3819,-1.2456
to_sunset,2h,0,118,3.3895,-1.3025
to_sunset,2h,0,121,3.3971,-1.3594
to_sunset,2h,0,124,3.4048,-1.4164
to_sunset,2h,0,127,3.4125,-1.4734
to_sunset,2h,0,130,3.4203,-1.5306
to_sunset,2h,0,133,3.4281,-1.5880
to_sunset,2h,0,136,3.4360,-1.6455
to_sunset,2h,0,139,3.4439,-1.7032
to_sunset,2h,0,142,3.4519,-1.7613
to_sunset,2h,0,145,3.4600,-1.8196
to_sunset,2h,0,148,3.4681,-1.8782
to_sunset,2h,0,151,3.4763,-1.9372
to_sunset,2h,0,154,3.4847,-1.9965
to_sunset,2h,0,157,3.4931,-2.0564
to_sunset,2h,0,160,3.5016,-2.1167
to_sunset,2h,0,163,3.5102,-2.1775
to_sunset,2h,0,166,3.5189,-2.2389
to_sunset,2h,0,169,3.5278,-2.3008
to_sunset,2h,0,172,3.5367,-2.3635
to_sunset,2h,0,175,3.5459,-2.4268
to_sunset,2h,0,178,3.5551,-2.4909
to_sunset,2h,0,181,3.5645,-2.5559
to_sunset,2h,0,184,3.5741,-2.6216
to_sunset,2h,0,187,3.5838,-2.6883
to_sunset,3h,0,0,1.6086,0.7014
to_sunset,3h,0,3,1.6211,0.6363
to_sunset,3h,0,6,1.6333,0.5729
to_sunset,3h,0,9,1.6452,0.5110
to_sunset,3h,0,12,1.6569,0.4507
to_sunset,3h,0,15,1.6682,0.3919
to_sunset,3h,0,18,1.6794,0.3344
to_sunset,3h,0,21,1.6903,0.2781
to_sunset,3h,0,24,1.7010,0.2231
to_sunset,3h,0,27,1.7114,0.1692
to_sunset,3h,0,30,1.7217,0.1164
to_sunset,3h,0,33,1.7319,0.0646
to_sunset,3h,0,36,1.7418,0.0137
to_sunset,3h,0,39,1.7516,-0.0363
to_sunset,3h,0,42,1.7612,-0.0854
to_sunset,3h,0,46,1.7739,-0.1497
to_sunset,3h,0,50,1.7863,-0.2127
to_sunset,3h,0,54,1.7984,-0.2744
to_sunset,3h,0,58,1.8104,-0.3350
to_sunset,3h,0,62,1.8223,-0.3946
to_sunset,3h,0,66,1.8339,-0.4532
to_sunset,3h,0,70,1.8454,-0.5109
to_sunset,3h,0,74,1.8568,-0.5679
to_sunset,3h,0,78,1.8680,-0.6241
to_sunset,3h,0,82,1.8792,-0.6796
to_sunset,3h,0,86,1.8902,-0.7345
to_sunset,3h,0,90,1.9012,-0.7889
to_sunset,3h,0,94,1.9121,-0.8427
to_sunset,3h,0,98,1.9229,-0.8962
to_sunset,3h,0,102,1.9337,-0.9493
to_sunset,3h,0,106,1.9444,-1.0020
to_sunset,3h,0,110,1.9551,-1.0545
to_sunset,3h,0,114,1.9658,-1.1067
to_sunset,3h,0,118,1.9765,-1.1588
to_sunset,3h,0,122,1.9872,-1.2108
to_sunset,3h,0,126,1.9979,-1.2627
to_sunset,3h,0,130,2.0086,-1.3146
to_sunset,3h,0,134,2.0194,-1.3665
to_sunset,3h,0,138,2.0302,-1.4185
to_sunset,3h,0,142,2.0410,-1.4706
to_sunset,3h,0,146,2.0519,-1.5229
to_sunset,3h,0,150,2.0629,-1.5755
to_sunset,3h,0,154,2.0740,-1.6283
to_sunset,3h,0,158,2.0852,-1.6815
to_sunset,3h,0,162,2.0965,-1.7351
to_sunset,3h,0,166,2.1079,-1.7892
to_sunset,3h,0,170,2.1194,-1.8438
to_sunset,3h,0,174,2.1312,-1.8990
to_sunset,3h,0,178,2.1430,-1.9548
to_sunset,3h,0,182,2.1551,-2.0114
to_sunset,3h,0,186,2.1674,-2.0689
to_sunset,3h,0,187,2.1705,-2.0833
to_sunset,4h,0,0,0.7447,0.4701
to_sunset,4h,0,3,0.7606,0.4123
to_sunset,4h,0,6,0.7761,0.3562
to_sunset,4h,0,9,0.7911,0.3017
to_sunset,4h,0,12,0.8057,0.2488
to_sunset,4h,0,15,0.8199,0.1973
to_sunset,4h,0,18,0.8337,0.1472
to_sunset,4h,0,21,0.8472,0.0983
to_sunset,4h,0,25,0.8648,0.0351
to_sunset,4h,0,29,0.8817,-0.0262
to_sunset,4h,0,33,0.8982,-0.0857
to_sunset,4h,0,37,0.9143,-0.1435
to_sunset,4h,0,41,0.9299,-0.1997
to_sunset,4h,0,45,0.9452,-0.2544
to_sunset,4h,0,49,0.9601,-0.3079
to_sunset,4h,0,53,0.9746,-0.3600
to_sunset,4h,0,57,0.9889,-0.4111
to_sunset,4h,0,61,1.0029,-0.4610
to_sunset,4h,0,65,1.0166,-0.5100
to_sunset,4h,0,70,1.0334,-0.5699
to_sunset,4h,0,75,1.0499,-0.6285
to_sunset,4h,0,80,1.0661,-0.6859
to_sunset,4h,0,85,1.0820,-0.7423
to_sunset,4h,0,90,1.0977,-0.7977
to_sunset,4h,0,95,1.1131,-0.8523
to_sunset,4h,0,100,1.1284,-0.9062
to_sunset,4h,0,105,1.1435,-0.9593
to_sunset,4h,0,110,1.1585,-1.0120
to_sunset,4h,0,115,1.1733,-1.0641
to_sunset,4h,0,120,1.1881,-1.1158
to_sunset,4h,0,125,1.2028,-1.1672
to_sunset,4h,0,130,1.2175,-1.2184
to_sunset,4h,0,135,1.2321,-1.2693
to_sunset,4h,0,140,1.2468,-1.3202
to_sunset,4h,0,145,1.2614,-1.3711
to_sunset,4h,0,150,1.2761,-1.4221
to_sunset,4h,0,155,1.2909,-1.4732
to_sunset,4h,0,160,1.3058,-1.5245
to_sunset,4h,0,165,1.3208,-1.5762
to_sunset,4h,0,170,1.3359,-1.6282
to_sunset,4h,0,175,1.3512,-1.6807
to_sunset,4h,0,180,1.3667,-1.7338
to_sunset,4h,0,185,1.3825,-1.7876
to_sunset,4h,0,187,1.3888,-1.8094
to_sunset,5h,0,0,0.0681,0.3983
to_sunset,5h,0,3,0.0895,0.3406
to_sunset,5h,0,6,0.1101,0.2848
to_sunset,5h,0,9,0.1301,0.2310
to_sunset,5h,0,12,0.1493,0.1790
to_sunset,5h,0,15,0.1680,0.1286
to_sunset,5h,0,18,0.1862,0.0797
to_sunset,5h,0,21,0.2038,0.0324
to_sunset,5h,0,25,0.2264,-0.0287
to_sunset,5h,0,29,0.2483,-0.0876
to_sunset,5h,0,33,0.2694,-0.1444
to_sunset,5h,0,37,0.2899,-0.1993
to_sunset,5h,0,41,0.3097,-0.2524
to_sunset,5h,0,45,0.3289,-0.3039
to_sunset,5h,0,49,0.3476,-0.3539
to_sunset,5h,0,53,0.3657,-0.4025
to_sunset,5h,0,57,0.3834,-0.4499
to_sunset,5h,0,62,0.4050,-0.5074
to_sunset,5h,0,67,0.4259,-0.5632
to_sunset,5h,0,72,0.4462,-0.6174
to_sunset,5h,0,77,0.4660,-0.6702
to_sunset,5h,0,82,0.4854,-0.7217
to_sunset,5h,0,87,0.5044,-0.7721
to_sunset,5h,0,92,0.5230,-0.8214
to_sunset,5h,0,97,0.5412,-0.8698
to_sunset,5h,0,102,0.5591,-0.9173
to_sunset,5h,0,108,0.5803,-0.9733
to_sunset,5h,0,114,0.6012,-1.0283
to_sunset,5h,0,120,0.6217,-1.0825
to_sunset,5h,0,126,0.6421,-1.1360
to_sunset,5h,0,132,0.6622,-1.1890
to_sunset,5h,0,138,0.6822,-1.2415
to_sunset,5h,0,144,0.7021,-1.2937
to_sunset,5h,0,150,0.7219,-1.3456
to_sunset,5h,0,156,0.7418,-1.3975
to_sunset,5h,0,162,0.7617,-1.4493
to_sunset,5h,0,168,0.7816,-1.5013
to_sunset,5h,0,174,0.8017,-1.5536
to_sunset,5h,0,180,0.8220,-1.6063
to_sunset,5h,0,186,0.8425,-1.6594
to_sunset,5h,0,187,0.8459,-1.6683
to_sunset,6h,0,0,-0.5935,0.4443
to_sunset,6h,0,3,-0.5622,0.3799
to_sunset,6h,0,6,-0.5323,0.3183
to_sunset,6h,0,9,-0.5036,0.2592
to_sunset,6h,0,12,-0.4760,0.2024
to_sunset,6h,0,15,-0.4495,0.1477
to_sunset,6h,0,18,-0.4239,0.0951
to_sunset,6h,0,21,-0.3992,0.0443
to_sunset,6h,0,24,-0.3753,-0.0048
to_sunset,6h,0,27,-0.3523,-0.0522
to_sunset,6h,0,30,-0.3299,-0.0980
to_sunset,6h,0,34,-0.3012,-0.1570
to_sunset,6h,0,38,-0.2736,-0.2136
to_sunset,6h,0,42,-0.2471,-0.2681
to_sunset,6h,0,46,-0.2214,-0.3206
to_sunset,6h,0,50,-0.1967,-0.3713
to_sunset,6h,0,54,-0.1728,-0.4203
to_sunset,6h,0,58,-0.1496,-0.4677
to_sunset,6h,0,62,-0.1271,-0.5137
to_sunset,6h,0,67,-0.0999,-0.5693
to_sunset,6h,0,72,-0.0736,-0.6230
to_sunset,6h,0,77,-0.0481,-0.6750
to_sunset,6h,0,82,-0.0233,-0.7254
to_sunset,6h,0,87,0.0007,-0.7743
to_sunset,6h,0,92,0.0241,-0.8220
to_sunset,6h,0,97,0.0470,-0.8684
to_sunset,6h,0,102,0.0693,-0.9138
to_sunset,6h,0,108,0.0955,-0.9669
to_sunset,6h,0,114,0.1211,-1.0188
to_sunset,6h,0,120,0.1462,-1.0696
to_sunset,6h,0,126,0.1708,-1.1194
to_sunset,6h,0,132,0.1950,-1.1684
to_sunset,6h,0,138,0.2189,-1.2167
to_sunset,6h,0,144,0.2426,-1.2643
to_sunset,6h,0,150,0.2660,-1.3115
to_sunset,6h,0,156,0.2893,-1.3583
to_sunset,6h,0,162,0.3124,-1.4048
to_sunset,6h,0,168,0.3355,-1.4512
to_sunset,6h,0,174,0.3587,-1.4975
to_sunset,6h,0,180,0.3818,-1.5438
to_sunset,6h,0,186,0.4051,-1.5904
to_sunset,6h,0,187,0.4090,-1.5981
to_sunset,7h,0,0,-1.3974,0.6339
to_sunset,7h,0,2,-1.3626,0.5789
to_sunset,7h,0,4,-1.3289,0.5259
to_sunset,7h,0,6,-1.2965,0.4747
to_sunset,7h,0,8,-1.2651,0.4252
to_sunset,7h,0,10,-1.2348,0.3774
to_sunset,7h,0,12,-1.2054,0.3311
to_sunset,7h,0,14,-1.1770,0.2863
to_sunset,7h,0,16,-1.1494,0.2429
to_sunset,7h,0,19,-1.1097,0.1803
to_sunset,7h,0,22,-1.0716,0.1204
to_sunset,7h,0,25,-1.0351,0.0629
to_sunset,7h,0,28,-1.0001,0.0079
to_sunset,7h,0,31,-0.9665,-0.0450
to_sunset,7h,0,34,-0.9341,-0.0959
to_sunset,7h,0,37,-0.9030,-0.1449
to_sunset,7h,0,40,-0.8729,-0.1922
to_sunset,7h,0,43,-0.8439,-0.2378
to_sunset,7h,0,46,-0.8158,-0.2819
to_sunset,7h,0,49,-0.7886,-0.3246
to_sunset,7h,0,53,-0.7537,-0.3794
to_sunset,7h,0,57,-0.7201,-0.4320
to_sunset,7h,0,61,-0.6879,-0.4826
to_sunset,7h,0,65,-0.6567,-0.5314
to_sunset,7h,0,69,-0.6267,-0.5784
to_sunset,7h,0,73,-0.5977,-0.6239
to_sunset,7h,0,77,-0.5696,-0.6679
to_sunset,7h,0,81,-0.5423,-0.7105
to_sunset,7h,0,86,-0.5093,-0.7620
to_sunset,7h,0,91,-0.4775,-0.8118
to_sunset,7h,0,96,-0.4467,-0.8599
to_sunset,7h,0,101,-0.4168,-0.9065
to_sunset,7h,0,106,-0.3878,-0.9518
to_sunset,7h,0,111,-0.3595,-0.9958
to_sunset,7h,0,116,-0.3319,-1.0387
to_sunset,7h,0,122,-0.2997,-1.0889
to_sunset,7h,0,128,-0.2683,-1.1377
to_sunset,7h,0,134,-0.2375,-1.1854
to_sunset,7h,0,140,-0.2075,-1.2321
to_sunset,7h,0,146,-0.1779,-1.2778
to_sunset,7h,0,152,-0.1489,-1.3228
to_sunset,7h,0,158,-0.1202,-1.3672
to_sunset,7h,0,164,-0.0919,-1.4110
to_sunset,7h,0,170,-0.0638,-1.4543
to_sunset,7h,0,176,-0.0359,-1.4974
to_sunset,7h,0,182,-0.0081,-1.5402
to_sunset,7h,0,187,0.0150,-1.5758
to_sunset,8h,0,0,-2.6675,1.1068
to_sunset,8h,0,1,-2.6309,1.0633
to_sunset,8h,0,2,-2.5951,1.0208
to_sunset,8h,0,3,-2.5602,0.9795
to_sunset,8h,0,4,-2.5262,0.9391
to_sunset,8h,0,5,-2.4930,0.8997
to_sunset,8h,0,6,-2.4606,0.8613
to_sunset,8h,0,8,-2.3980,0.7870
to_sunset,8h,0,10,-2.3382,0.7161
to_sunset,8h,0,12,-2.2811,0.6483
to_sunset,8h,0,14,-2.2263,0.5834
to_sunset,8h,0,16,-2.1739,0.5212
to_sunset,8h,0,18,-2.1235,0.4616
to_sunset,8h,0,20,-2.0751,0.4042
to_sunset,8h,0,22,-2.0286,0.3491
to_sunset,8h,0,24,-1.9838,0.2960
to_sunset,8h,0,26,-1.9406,0.2449
to_sunset,8h,0,28,-1.8990,0.1956
to_sunset,8h,0,30,-1.8588,0.1480
to_sunset,8h,0,32,-1.8200,0.1020
to_sunset,8h,0,34,-1.7825,0.0576
to_sunset,8h,0,36,-1.7461,0.0146
to_sunset,8h,0,38,-1.7109,-0.0271
to_sunset,8h,0,40,-1.6768,-0.0674
to_sunset,8h,0,42,-1.6437,-0.1066
to_sunset,8h,0,45,-1.5959,-0.1631
to_sunset,8h,0,48,-1.5501,-0.2173
to_sunset,8h,0,51,-1.5062,-0.2692
to_sunset,8h,0,54,-1.4641,-0.3190
to_sunset,8h,0,57,-1.4235,-0.3670
to_sunset,8h,0,60,-1.3844,-0.4131
to_sunset,8h,0,63,-1.3468,-0.4575
to_sunset,8h,0,66,-1.3105,-0.5004
to_sunset,8h,0,69,-1.2754,-0.5419
to_sunset,8h,0,72,-1.2414,-0.5820
to_sunset,8h,0,75,-1.2085,-0.6207
to_sunset,8h,0,79,-1.1662,-0.6706
to_sunset,8h,0,83,-1.1256,-0.7185
to_sunset,8h,0,87,-1.0864,-0.7646
to_sunset,8h,0,91,-1.0487,-0.8091
to_sunset,8h,0,95,-1.0122,-0.8520
to_sunset,8h,0,99,-0.9770,-0.8934
to_sunset,8h,0,103,-0.9428,-0.9336
to_sunset,8h,0,107,-0.9097,-0.9725
to_sunset,8h,0,112,-0.8697,-1.0196
to_sunset,8h,0,117,-0.8309,-1.0650
to_sunset,8h,0,122,-0.7934,-1.1090
to_sunset,8h,0,127,-0.7571,-1.1517
to_sunset,8h,0,132,-0.7217,-1.1931
to_sunset,8h,0,137,-0.6873,-1.2334
to_sunset,8h,0,142,-0.6537,-1.2727
to_sunset,8h,0,147,-0.6208,-1.3111
to_sunset,8h,0,153,-0.5823,-1.3561
to_sunset,8h,0,159,-0.5447,-1.4001
to_sunset,8h,0,165,-0.5078,-1.4431
to_sunset,8h,0,171,-0.4716,-1.4853
to_sunset,8h,0,177,-0.4359,-1.5268
to_sunset,8h,0,183,-0.4007,-1.5678
to_sunset,8h,0,187,-0.3774,-1.5949
to_sunset,9h,0,0,-5.6310,2.4393
to_sunset,9h,0,1,-5.5106,2.3366
to_sunset,9h,0,2,-5.3953,2.2383
to_sunset,9h,0,3,-5.2849,2.1440
to_sunset,9h,0,4,-5.1789,2.0535
to_sunset,9h,0,5,-5.0771,1.9667
to_sunset,9h,0,6,-4.9792,1.8832
to_sunset,9h,0,7,-4.8851,1.8029
to_sunset,9h,0,8,-4.7945,1.7256
to_sunset,9h,0,9,-4.7072,1.6511
to_sunset,9h,0,10,-4.6231,1.5793
to_sunset,9h,0,11,-4.5419,1.5101
to_sunset,9h,0,12,-4.4635,1.4432
to_sunset,9h,0,13,-4.3877,1.3786
to_sunset,9h,0,14,-4.3145,1.3161
to_sunset,9h,0,15,-4.2436,1.2557
to_sunset,9h,0,16,-4.1751,1.1972
to_sunset,9h,0,17,-4.1086,1.1405
to_sunset,9h,0,18,-4.0442,1.0856
to_sunset,9h,0,19,-3.9818,1.0324
to_sunset,9h,0,20,-3.9213,0.9808
to_sunset,9h,0,21,-3.8625,0.9306
to_sunset,9h,0,22,-3.8054,0.8820
to_sunset,9h,0,23,-3.7500,0.8347
to_sunset,9h,0,24,-3.6960,0.7887
to_sunset,9h,0,25,-3.6436,0.7440
to_sunset,9h,0,26,-3.5926,0.7005
to_sunset,9h,0,27,-3.5429,0.6582
to_sunset,9h,0,28,-3.4946,0.6170
to_sunset,9h,0,29,-3.4475,0.5769
to_sunset,9h,0,30,-3.4016,0.5377
to_sunset,9h,0,31,-3.3568,0.4996
to_sunset,9h,0,32,-3.3132,0.4624
to_sunset,9h,0,33,-3.2706,0.4261
to_sunset,9h,0,34,-3.2291,0.3907
to_sunset,9h,0,35,-3.1885,0.3561
to_sunset,9h,0,36,-3.1488,0.3224
to_sunset,9h,0,37,-3.1101,0.2894
to_sunset,9h,0,39,-3.0353,0.2256
to_sunset,9h,0,41,-2.9637,0.1647
to_sunset,9h,0,43,-2.8951,0.1063
to_sunset,9h,0,45,-2.8294,0.0504
to_sunset,9h,0,47,-2.7664,-0.0033
to_sunset,9h,0,49,-2.7058,-0.0549
to_sunset,9h,0,51,-2.6475,-0.1045
to_sunset,9h,0,53,-2.5914,-0.1522
to_sunset,9h,0,55,-2.5374,-0.1982
to_sunset,9h,0,57,-2.4852,-0.2426
to_sunset,9h,0,59,-2.4349,-0.2854
to_sunset,9h,0,61,-2.3863,-0.3267
to_sunset,9h,0,63,-2.3393,-0.3667
to_sunset,9h,0,65,-2.2938,-0.4054
to_sunset,9h,0,67,-2.2497,-0.4428
to_sunset,9h,0,69,-2.2070,-0.4791
to_sunset,9h,0,71,-2.1656,-0.5143
to_sunset,9h,0,73,-2.1255,-0.5484
to_sunset,9h,0,75,-2.0864,-0.5816
to_sunset,9h,0,78,-2.0300,-0.6295
to_sunset,9h,0,81,-1.9758,-0.6755
to_sunset,9h,0,84,-1.9237,-0.7197
to_sunset,9h,0,87,-1.8737,-0.7622
to_sunset,9h,0,90,-1.8255,-0.8031
to_sunset,9h,0,93,-1.7790,-0.8425
to_sunset,9h,0,96,-1.7341,-0.8806
to_sunset,9h,0,99,-1.6907,-0.9173
to_sunset,9h,0,102,-1.6488,-0.9529
to_sunset,9h,0,105,-1.6081,-0.9873
to_sunset,9h,0,108,-1.5687,-1.0207
to_sunset,9h,0,111,-1.5305,-1.0530
to_sunset,9h,0,115,-1.4812,-1.0947
to_sunset,9h,0,119,-1.4337,-1.1349
to_sunset,9h,0,123,-1.3878,-1.1737
to_sunset,9h,0,127,-1.3435,-1.2111
to_sunset,9h,0,131,-1.3006,-1.2473
to_sunset,9h,0,135,-1.2590,-1.2824
to_sunset,9h,0,139,-1.2186,-1.3165
to_sunset,9h,0,143,-1.1794,-1.3496
to_sunset,9h,0,148,-1.1318,-1.3898
to_sunset,9h,0,153,-1.0856,-1.4286
to_sunset,9h,0,158,-1.0408,-1.4663
to_sunset,9h,0,163,-0.9972,-1.5030
to_sunset,9h,0,168,-0.9547,-1.5387
to_sunset,9h,0,173,-0.9132,-1.5736
to_sunset,9h,0,178,-0.8726,-1.6077
to_sunset,9h,0,183,-0.8328,-1.6411
to_sunset,9h,0,186,-0.8093,-1.6608
to_sunset,10h,0,0,-5.6065,0.5662
to_sunset,10h,0,1,-5.5079,0.5114
to_sunset,10h,0,2,-5.4127,0.4585
to_sunset,10h,0,3,-5.3206,0.4074
to_sunset,10h,0,4,-5.2316,0.3580
to_sunset,10h,0,5,-5.1454,0.3101
to_sunset,10h,0,6,-5.0620,0.2638
to_sunset,10h,0,7,-4.9812,0.2189
to_sunset,10h,0,8,-4.9028,0.1754
to_sunset,10h,0,9,-4.8268,0.1332
to_sunset,10h,0,10,-4.7531,0.0922
to_sunset,10h,0,11,-4.6815,0.0525
to_sunset,10h,0,12,-4.6119,0.0138
to_sunset,10h,0,13,-4.5443,-0.0237
to_sunset,10h,0,14,-4.4786,-0.0602
to_sunset,10h,0,15,-4.4147,-0.0957
to_sunset,10h,0,16,-4.3525,-0.1302
to_sunset,10h,0,17,-4.2919,-0.1638
to_sunset,10h,0,18,-4.2330,-0.1965
to_sunset,10h,0,19,-4.1755,-0.2284
to_sunset,10h,0,20,-4.1195,-0.2595
to_sunset,10h,0,21,-4.0649,-0.2898
to_sunset,10h,0,22,-4.0116,-0.3194
to_sunset,10h,0,23,-3.9596,-0.3482
to_sunset,10h,0,24,-3.9088,-0.3764
to_sunset,10h,0,25,-3.8593,-0.4039
to_sunset,10h,0,26,-3.8109,-0.4307
to_sunset,10h,0,27,-3.7635,-0.4570
to_sunset,10h,0,28,-3.7173,-0.4826
to_sunset,10h,0,29,-3.6721,-0.5077
to_sunset,10h,0,30,-3.6279,-0.5322
to_sunset,10h,0,32,-3.5423,-0.5797
to_sunset,10h,0,34,-3.4603,-0.6251
to_sunset,10h,0,36,-3.3816,-0.6687
to_sunset,10h,0,38,-3.3060,-0.7106
to_sunset,10h,0,40,-3.2333,-0.7509
to_sunset,10h,0,42,-3.1634,-0.7896
to_sunset,10h,0,44,-3.0960,-0.8269
to_sunset,10h,0,46,-3.0311,-0.8629
to_sunset,10h,0,48,-2.9684,-0.8976
to_sunset,10h,0,50,-2.9079,-0.9311
to_sunset,10h,0,52,-2.8494,-0.9635
to_sunset,10h,0,54,-2.7928,-0.9948
to_sunset,10h,0,56,-2.7381,-1.0251
to_sunset,10h,0,58,-2.6850,-1.0544
to_sunset,10h,0,60,-2.6335,-1.0829
to_sunset,10h,0,62,-2.5836,-1.1105
to_sunset,10h,0,64,-2.5351,-1.1373
to_sunset,10h,0,66,-2.4880,-1.1633
to_sunset,10h,0,68,-2.4423,-1.1886
to_sunset,10h,0,70,-2.3977,-1.2132
to_sunset,10h,0,73,-2.3332,-1.2489
to_sunset,10h,0,76,-2.2711,-1.2832
to_sunset,10h,0,79,-2.2113,-1.3162
to_sunset,10h,0,82,-2.1536,-1.3480
to_sunset,10h,0,85,-2.0980,-1.3786
to_sunset,10h,0,88,-2.0443,-1.4083
to_sunset,10h,0,91,-1.9923,-1.4369
to_sunset,10h,0,94,-1.9420,-1.4646
to_sunset,10h,0,97,-1.8932,-1.4915
to_sunset,10h,0,100,-1.8458,-1.5176
to_sunset,10h,0,103,-1.7998,-1.5428
to_sunset,10h,0,106,-1.7551,-1.5674
to_sunset,10h,0,110,-1.6974,-1.5992
to_sunset,10h,0,114,-1.6416,-1.6298
to_sunset,10h,0,118,-1.5877,-1.6594
to_sunset,10h,0,122,-1.5354,-1.6881
to_sunset,10h,0,126,-1.4846,-1.7160
to_sunset,10h,0,130,-1.4353,-1.7430
to_sunset,10h,0,134,-1.3874,-1.7693
to_sunset,10h,0,138,-1.3406,-1.7949
to_sunset,11h,0,0,-5.6591,-1.0604
to_sunset,11h,0,1,-5.5664,-1.0864
to_sunset,11h,0,2,-5.4765,-1.1115
to_sunset,11h,0,3,-5.3893,-1.1360
to_sunset,11h,0,4,-5.3046,-1.1597
to_sunset,11h,0,5,-5.2224,-1.1827
to_sunset,11h,0,6,-5.1425,-1.2051
to_sunset,11h,0,7,-5.0648,-1.2268
to_sunset,11h,0,8,-4.9893,-1.2480
to_sunset,11h,0,9,-4.9158,-1.2685
to_sunset,11h,0,10,-4.8443,-1.2885
to_sunset,11h,0,11,-4.7746,-1.3080
to_sunset,11h,0,12,-4.7068,-1.3270
to_sunset,11h,0,13,-4.6406,-1.3455
to_sunset,11h,0,14,-4.5762,-1.3636
to_sunset,11h,0,15,-4.5133,-1.3811
to_sunset,11h,0,16,-4.4519,-1.3983
to_sunset,11h,0,17,-4.3920,-1.4150
to_sunset,11h,0,18,-4.3336,-1.4314
to_sunset,11h,0,19,-4.2765,-1.4474
to_sunset,11h,0,20,-4.2207,-1.4630
to_sunset,11h,0,21,-4.1661,-1.4782
to_sunset,11h,0,22,-4.1128,-1.4931
to_sunset,11h,0,23,-4.0607,-1.5077
to_sunset,11h,0,24,-4.0097,-1.5219
to_sunset,11h,0,25,-3.9598,-1.5358
to_sunset,11h,0,26,-3.9110,-1.5495
to_sunset,11h,0,28,-3.8163,-1.5759
to_sunset,11h,0,30,-3.7255,-1.6013
to_sunset,11h,0,32,-3.6382,-1.6256
to_sunset,11h,0,34,-3.5543,-1.6491
to_sunset,11h,0,36,-3.4735,-1.6716
to_sunset,11h,0,38,-3.3956,-1.6933
to_sunset,11h,0,40,-3.3205,-1.7142
to_sunset,11h,0,42,-3.2481,-1.7344
to_sunset,11h,0,44,-3.1780,-1.7539
to_sunset,11h,0,46,-3.1103,-1.7728
to_sunset,11h,0,48,-3.0448,-1.7910
to_sunset,11h,0,50,-2.9814,-1.8087
to_sunset,11h,0,52,-2.9199,-1.8258
to_sunset,11h,0,54,-2.8603,-1.8424
to_sunset,11h,0,56,-2.8024,-1.8584
to_sunset,11h,0,58,-2.7462,-1.8741
to_sunset,11h,0,60,-2.6916,-1.8892
to_sunset,11h,0,62,-2.6385,-1.9040
to_sunset,11h,0,64,-2.5868,-1.9183
to_sunset,11h,0,66,-2.5365,-1.9323
to_sunset,11h,0,68,-2.4874,-1.9459
to_sunset,11h,0,71,-2.4162,-1.9656
to_sunset,11h,0,74,-2.3475,-1.9847
to_sunset,11h,0,77,-2.2813,-2.0030
to_sunset,11h,0,80,-2.2173,-2.0207
to_sunset,11h,0,83,-2.1553,-2.0378
to_sunset,11h,0,86,-2.0954,-2.0544
to_sunset,12h,0,0,-5.6992,-2.5830
to_sunset,12h,0,1,-5.6014,-2.5846
to_sunset,12h,0,2,-5.5065,-2.5861
to_sunset,12h,0,3,-5.4145,-2.5876
to_sunset,12h,0,4,-5.3251,-2.5890
to_sunset,12h,0,5,-5.2383,-2.5904
to_sunset,12h,0,6,-5.1539,-2.5917
to_sunset,12h,0,7,-5.0719,-2.5930
to_sunset,12h,0,8,-4.9921,-2.5943
to_sunset,12h,0,9,-4.9145,-2.5955
to_sunset,12h,0,10,-4.8389,-2.5967
to_sunset,12h,0,11,-4.7653,-2.5978
to_sunset,12h,0,12,-4.6935,-2.5989
to_sunset,12h,0,13,-4.6236,-2.6000
to_sunset,12h,0,14,-4.5554,-2.6011
to_sunset,12h,0,15,-4.4889,-2.6021
to_sunset,12h,0,16,-4.4240,-2.6031
to_sunset,12h,0,17,-4.3607,-2.6041
to_sunset,12h,0,18,-4.2988,-2.6051
to_sunset,12h,0,19,-4.2383,-2.6060
to_sunset,12h,0,20,-4.1793,-2.6069
to_sunset,12h,0,21,-4.1215,-2.6078
to_sunset,12h,0,22,-4.0651,-2.6087
to_sunset,12h,0,23,-4.0099,-2.6095
to_sunset,12h,0,24,-3.9558,-2.6103
to_sunset,12h,0,25,-3.9029,-2.6111
to_sunset,12h,0,26,-3.8512,-2.6119
to_sunset,12h,0,27,-3.8005,-2.6127
to_sunset,12h,0,29,-3.7021,-2.6142
to_sunset,12h,0,31,-3.6077,-2.6156
to_sunset,12h,0,33,-3.5168,-2.6169
to_sunset,12h,0,35,-3.4294,-2.6182
temporal_hour,2,0,0,-3.7992,1.6092
temporal_hour,2,0,2,-3.7833,1.5331
temporal_hour,2,0,4,-3.7678,1.4587
temporal_hour,2,0,6,-3.7526,1.3859
temporal_hour,2,0,8,-3.7377,1.3147
temporal_hour,2,0,10,-3.7231,1.2450
temporal_hour,2,0,12,-3.7088,1.1768
temporal_hour,2,0,14,-3.6948,1.1100
temporal_hour,2,0,16,-3.6810,1.0445
temporal_hour,2,0,18,-3.6675,0.9802
temporal_hour,2,0,20,-3.6543,0.9173
temporal_hour,2,0,22,-3.6413,0.8555
temporal_hour,2,0,24,-3.6285,0.7948
temporal_hour,2,0,26,-3.6159,0.7353
temporal_hour,2,0,28,-3.6036,0.6768
temporal_hour,2,0,30,-3.5915,0.6193
temporal_hour,2,0,32,-3.5795,0.5628
temporal_hour,2,0,34,-3.5678,0.5073
temporal_hour,2,0,36,-3.5563,0.4527
temporal_hour,2,0,38,-3.5449,0.3989
temporal_hour,2,0,40,-3.5337,0.3461
temporal_hour,2,0,42,-3.5227,0.2940
temporal_hour,2,0,44,-3.5119,0.2427
temporal_hour,2,0,46,-3.5012,0.1922
temporal_hour,2,0,48,-3.4907,0.1425
temporal_hour,2,0,50,-3.4803,0.0935
temporal_hour,2,0,53,-3.4650,0.0212
temporal_hour,2,0,56,-3.4501,-0.0496
temporal_hour,2,0,59,-3.4354,-0.1190
temporal_hour,2,0,62,-3.4210,-0.1871
temporal_hour,2,0,65,-3.4069,-0.2539
temporal_hour,2,0,68,-3.3931,-0.3194
temporal_hour,2,0,71,-3.3795,-0.3839
temporal_hour,2,0,74,-3.3661,-0.4473
temporal_hour,2,0,77,-3.3530,-0.5096
temporal_hour,2,0,80,-3.3401,-0.5709
temporal_hour,2,0,83,-3.3274,-0.6313
temporal_hour,2,0,86,-3.3149,-0.6908
temporal_hour,2,0,89,-3.3026,-0.7495
temporal_hour,2,0,92,-3.2905,-0.8074
temporal_hour,2,0,95,-3.2786,-0.8645
temporal_hour,2,0,98,-3.2668,-0.9209
temporal_hour,2,0,101,-3.2552,-0.9766
temporal_hour,2,0,104,-3.2438,-1.0317
temporal_hour,2,0,107,-3.2325,-1.0861
temporal_hour,2,0,110,-3.2214,-1.1400
temporal_hour,2,0,113,-3.2103,-1.1933
temporal_hour,2,0,116,-3.1995,-1.2462
temporal_hour,2,0,119,-3.1887,-1.2985
temporal_hour,2,0,122,-3.1781,-1.3504
temporal_hour,2,0,125,-3.1676,-1.4018
temporal_hour,2,0,128,-3.1572,-1.4529
temporal_hour,2,0,131,-3.1469,-1.5036
temporal_hour,2,0,134,-3.1367,-1.5539
temporal_hour,2,0,137,-3.1267,-1.6040
temporal_hour,2,0,140,-3.1167,-1.6537
temporal_hour,2,0,143,-3.1068,-1.7032
temporal_hour,2,0,146,-3.0970,-1.7525
temporal_hour,2,0,150,-3.0840,-1.8178
temporal_hour,2,0,154,-3.0712,-1.8828
temporal_hour,2,0,158,-3.0586,-1.9475
temporal_hour,2,0,162,-3.0460,-2.0121
temporal_hour,2,0,166,-3.0336,-2.0765
temporal_hour,2,0,170,-3.0213,-2.1408
temporal_hour,2,0,174,-3.0091,-2.2050
temporal_hour,2,0,178,-2.9970,-2.2693
temporal_hour,2,0,182,-2.9850,-2.3337
temporal_hour,2,0,186,-2.9731,-2.3982
temporal_hour,2,0,187,-2.9702,-2.4144
temporal_hour,3,0,0,-2.1419,0.8942
temporal_hour,3,0,2,-2.1337,0.8400
temporal_hour,3,0,4,-2.1258,0.7871
temporal_hour,3,0,6,-2.1180,0.7353
temporal_hour,3,0,8,-2.1104,0.6847
temporal_hour,3,0,10,-2.1029,0.6351
temporal_hour,3,0,13,-2.0920,0.5627
temporal_hour,3,0,16,-2.0814,0.4925
temporal_hour,3,0,19,-2.0711,0.4243
temporal_hour,3,0,22,-2.0610,0.3582
temporal_hour,3,0,25,-2.0513,0.2939
temporal_hour,3,0,28,-2.0418,0.2313
temporal_hour,3,0,31,-2.0325,0.1704
temporal_hour,3,0,34,-2.0235,0.1111
temporal_hour,3,0,37,-2.0147,0.0532
temporal_hour,3,0,40,-2.0061,-0.0032
temporal_hour,3,0,43,-1.9976,-0.0583
temporal_hour,3,0,46,-1.9894,-0.1121
temporal_hour,3,0,49,-1.9814,-0.1647
temporal_hour,3,0,52,-1.9735,-0.2162
temporal_hour,3,0,55,-1.9658,-0.2666
temporal_hour,3,0,59,-1.9558,-0.3321
temporal_hour,3,0,63,-1.9460,-0.3959
temporal_hour,3,0,67,-1.9365,-0.4581
temporal_hour,3,0,71,-1.9273,-0.5188
temporal_hour,3,0,75,-1.9182,-0.5781
temporal_hour,3,0,79,-1.9094,-0.6360
temporal_hour,3,0,83,-1.9007,-0.6927
temporal_hour,3,0,87,-1.8923,-0.7482
temporal_hour,3,0,91,-1.8840,-0.8026
temporal_hour,3,0,95,-1.8759,-0.8559
temporal_hour,3,0,99,-1.8679,-0.9084
temporal_hour,3,0,103,-1.8601,-0.9599
temporal_hour,3,0,107,-1.8525,-1.0105
temporal_hour,3,0,111,-1.8450,-1.0604
temporal_hour,3,0,116,-1.8358,-1.1217
temporal_hour,3,0,121,-1.8267,-1.1820
temporal_hour,3,0,126,-1.8179,-1.2413
temporal_hour,3,0,131,-1.8092,-1.2997
temporal_hour,3,0,136,-1.8007,-1.3574
temporal_hour,3,0,141,-1.7923,-1.4143
temporal_hour,3,0,146,-1.7841,-1.4706
temporal_hour,3,0,151,-1.7760,-1.5264
temporal_hour,3,0,156,-1.7680,-1.5816
temporal_hour,3,0,161,-1.7601,-1.6365
temporal_hour,3,0,166,-1.7524,-1.6910
temporal_hour,3,0,171,-1.7447,-1.7452
temporal_hour,3,0,176,-1.7372,-1.7993
temporal_hour,3,0,181,-1.7298,-1.8531
temporal_hour,3,0,186,-1.7224,-1.9069
temporal_hour,3,0,187,-1.7210,-1.9177
temporal_hour,4,0,0,-1.2211,0.5824
temporal_hour,4,0,3,-1.2146,0.5158
temporal_hour,4,0,6,-1.2083,0.4515
temporal_hour,4,0,9,-1.2022,0.3892
temporal_hour,4,0,12,-1.1963,0.3290
temporal_hour,4,0,15,-1.1906,0.2706
temporal_hour,4,0,18,-1.1850,0.2140
temporal_hour,4,0,21,-1.1796,0.1590
temporal_hour,4,0,24,-1.1743,0.1057
temporal_hour,4,0,27,-1.1692,0.0538
temporal_hour,4,0,30,-1.1642,0.0033
temporal_hour,4,0,34,-1.1577,-0.0620
temporal_hour,4,0,38,-1.1514,-0.1250
temporal_hour,4,0,42,-1.1454,-0.1860
temporal_hour,4,0,46,-1.1395,-0.2451
temporal_hour,4,0,50,-1.1338,-0.3023
temporal_hour,4,0,54,-1.1282,-0.3579
temporal_hour,4,0,58,-1.1228,-0.4119
temporal_hour,4,0,62,-1.1176,-0.4644
temporal_hour,4,0,66,-1.1125,-0.5156
temporal_hour,4,0,70,-1.1075,-0.5654
temporal_hour,4,0,75,-1.1015,-0.6261
temporal_hour,4,0,80,-1.0956,-0.6849
temporal_hour,4,0,85,-1.0899,-0.7421
temporal_hour,4,0,90,-1.0843,-0.7979
temporal_hour,4,0,95,-1.0790,-0.8522
temporal_hour,4,0,100,-1.0737,-0.9052
temporal_hour,4,0,105,-1.0686,-0.9571
temporal_hour,4,0,110,-1.0635,-1.0079
temporal_hour,4,0,116,-1.0577,-1.0675
temporal_hour,4,0,122,-1.0520,-1.1257
temporal_hour,4,0,128,-1.0464,-1.1828
temporal_hour,4,0,134,-1.0409,-1.2388
temporal_hour,4,0,140,-1.0356,-1.2938
temporal_hour,4,0,146,-1.0304,-1.3479
temporal_hour,4,0,152,-1.0253,-1.4013
temporal_hour,4,0,158,-1.0203,-1.4541
temporal_hour,4,0,164,-1.0154,-1.5062
temporal_hour,4,0,170,-1.0106,-1.5579
temporal_hour,4,0,176,-1.0059,-1.6092
temporal_hour,4,0,182,-1.0013,-1.6601
temporal_hour,4,0,187,-0.9975,-1.7024
temporal_hour,5,0,0,-0.5631,0.4397
temporal_hour,5,0,3,-0.5602,0.3796
temporal_hour,5,0,6,-0.5574,0.3216
temporal_hour,5,0,9,-0.5547,0.2655
temporal_hour,5,0,12,-0.5520,0.2111
temporal_hour,5,0,15,-0.5495,0.1585
temporal_hour,5,0,18,-0.5470,0.1074
temporal_hour,5,0,22,-0.5438,0.0417
temporal_hour,5,0,26,-0.5407,-0.0215
temporal_hour,5,0,30,-0.5377,-0.0824
temporal_hour,5,0,34,-0.5348,-0.1412
temporal_hour,5,0,38,-0.5320,-0.1979
temporal_hour,5,0,42,-0.5294,-0.2528
temporal_hour,5,0,46,-0.5267,-0.3059
temporal_hour,5,0,50,-0.5242,-0.3574
temporal_hour,5,0,54,-0.5217,-0.4073
temporal_hour,5,0,59,-0.5188,-0.4678
temporal_hour,5,0,64,-0.5159,-0.5261
temporal_hour,5,0,69,-0.5131,-0.5826
temporal_hour,5,0,74,-0.5104,-0.6373
temporal_hour,5,0,79,-0.5078,-0.6903
temporal_hour,5,0,84,-0.5052,-0.7419
temporal_hour,5,0,89,-0.5028,-0.7920
temporal_hour,5,0,95,-0.4999,-0.8505
temporal_hour,5,0,101,-0.4971,-0.9073
temporal_hour,5,0,107,-0.4944,-0.9625
temporal_hour,5,0,113,-0.4918,-1.0163
temporal_hour,5,0,119,-0.4892,-1.0688
temporal_hour,5,0,125,-0.4867,-1.1201
temporal_hour,5,0,131,-0.4843,-1.1703
temporal_hour,5,0,138,-0.4816,-1.2278
temporal_hour,5,0,145,-0.4789,-1.2840
temporal_hour,5,0,152,-0.4763,-1.3393
temporal_hour,5,0,159,-0.4737,-1.3936
temporal_hour,5,0,166,-0.4712,-1.4472
temporal_hour,5,0,173,-0.4688,-1.5001
temporal_hour,5,0,180,-0.4664,-1.5525
temporal_hour,5,0,187,-0.4641,-1.6045
temporal_hour,6,0,0,0.0000,0.3977
temporal_hour,6,0,3,0.0000,0.3395
temporal_hour,6,0,6,0.0000,0.2833
temporal_hour,6,0,9,0.0000,0.2290
temporal_hour,6,0,12,0.0000,0.1764
temporal_hour,6,0,15,0.0000,0.1254
temporal_hour,6,0,19,0.0000,0.0599
temporal_hour,6,0,23,0.0000,-0.0031
temporal_hour,6,0,27,0.0000,-0.0637
temporal_hour,6,0,31,0.0000,-0.1221
temporal_hour,6,0,35,0.0000,-0.1784
temporal_hour,6,0,39,0.0000,-0.2328
temporal_hour,6,0,43,0.0000,-0.2855
temporal_hour,6,0,47,0.0000,-0.3364
temporal_hour,6,0,52,0.0000,-0.3979
temporal_hour,6,0,57,0.0000,-0.4572
temporal_hour,6,0,62,0.0000,-0.5144
temporal_hour,6,0,67,0.0000,-0.5697
temporal_hour,6,0,72,0.0000,-0.6232
temporal_hour,6,0,77,0.0000,-0.6750
temporal_hour,6,0,82,0.0000,-0.7254
temporal_hour,6,0,88,0.0000,-0.7840
temporal_hour,6,0,94,0.0000,-0.8407
temporal_hour,6,0,100,0.0000,-0.8957
temporal_hour,6,0,106,-0.0000,-0.9492
temporal_hour,6,0,112,0.0000,-1.0013
temporal_hour,6,0,118,0.0000,-1.0522
temporal_hour,6,0,125,0.0000,-1.1100
temporal_hour,6,0,132,-0.0000,-1.1664
temporal_hour,6,0,139,0.0000,-1.2215
temporal_hour,6,0,146,0.0000,-1.2755
temporal_hour,6,0,153,0.0000,-1.3285
temporal_hour,6,0,160,0.0000,-1.3807
temporal_hour,6,0,167,0.0000,-1.4321
temporal_hour,6,0,174,0.0000,-1.4828
temporal_hour,6,0,181,0.0000,-1.5331
temporal_hour,6,0,187,0.0000,-1.5757
temporal_hour,7,0,0,0.5631,0.4397
temporal_hour,7,0,3,0.5602,0.3796
temporal_hour,7,0,6,0.5574,0.3216
temporal_hour,7,0,9,0.5547,0.2655
temporal_hour,7,0,12,0.5520,0.2111
temporal_hour,7,0,15,0.5495,0.1585
temporal_hour,7,0,18,0.5470,0.1074
temporal_hour,7,0,22,0.5438,0.0417
temporal_hour,7,0,26,0.5407,-0.0215
temporal_hour,7,0,30,0.5377,-0.0824
temporal_hour,7,0,34,0.5348,-0.1412
temporal_hour,7,0,38,0.5320,-0.1979
temporal_hour,7,0,42,0.5294,-0.2528
temporal_hour,7,0,46,0.5267,-0.3059
temporal_hour,7,0,50,0.5242,-0.3574
temporal_hour,7,0,54,0.5217,-0.4073
temporal_hour,7,0,59,0.5188,-0.4678
temporal_hour,7,0,64,0.5159,-0.5261
temporal_hour,7,0,69,0.5131,-0.5826
temporal_hour,7,0,74,0.5104,-0.6373
temporal_hour,7,0,79,0.5078,-0.6903
temporal_hour,7,0,84,0.5052,-0.7419
temporal_hour,7,0,89,0.5028,-0.7920
temporal_hour,7,0,95,0.4999,-0.8505
temporal_hour,7,0,101,0.4971,-0.9073
temporal_hour,7,0,107,0.4944,-0.9625
temporal_hour,7,0,113,0.4918,-1.0163
temporal_hour,7,0,119,0.4892,-1.0688
temporal_hour,7,0,125,0.4867,-1.1201
temporal_hour,7,0,131,0.4843,-1.1703
temporal_hour,7,0,138,0.4816,-1.2278
temporal_hour,7,0,145,0.4789,-1.2840
temporal_hour,7,0,152,0.4763,-1.3393
temporal_hour,7,0,159,0.4737,-1.3936
temporal_hour,7,0,166,0.4712,-1.4472
temporal_hour,7,0,173,0.4688,-1.5001
temporal_hour,7,0,180,0.4664,-1.5525
temporal_hour,7,0,187,0.4641,-1.6045
temporal_hour,8,0,0,1.2211,0.5824
temporal_hour,8,0,3,1.2146,0.5158
temporal_hour,8,0,6,1.2083,0.4515
temporal_hour,8,0,9,1.2022,0.3892
temporal_hour,8,0,12,1.1963,0.3290
temporal_hour,8,0,15,1.1906,0.2706
temporal_hour,8,0,18,1.1850,0.2140
temporal_hour,8,0,21,1.1796,0.1590
temporal_hour,8,0,24,1.1743,0.1057
temporal_hour,8,0,27,1.1692,0.0538
temporal_hour,8,0,30,1.1642,0.0033
temporal_hour,8,0,34,1.1577,-0.0620
temporal_hour,8,0,38,1.1514,-0.1250
temporal_hour,8,0,42,1.1454,-0.1860
temporal_hour,8,0,46,1.1395,-0.2451
temporal_hour,8,0,50,1.1338,-0.3023
temporal_hour,8,0,54,1.1282,-0.3579
temporal_hour,8,0,58,1.1228,-0.4119
temporal_hour,8,0,62,1.1176,-0.4644
temporal_hour,8,0,66,1.1125,-0.5156
temporal_hour,8,0,70,1.1075,-0.5654
temporal_hour,8,0,75,1.1015,-0.6261
temporal_hour,8,0,80,1.0956,-0.6849
temporal_hour,8,0,85,1.0899,-0.7421
temporal_hour,8,0,90,1.0843,-0.7979
temporal_hour,8,0,95,1.0790,-0.8522
temporal_hour,8,0,100,1.0737,-0.9052
temporal_hour,8,0,105,1.0686,-0.9571
temporal_hour,8,0,110,1.0635,-1.0079
temporal_hour,8,0,116,1.0577,-1.0675
temporal_hour,8,0,122,1.0520,-1.1257
temporal_hour,8,0,128,1.0464,-1.1828
temporal_hour,8,0,134,1.0409,-1.2388
temporal_hour,8,0,140,1.0356,-1.2938
temporal_hour,8,0,146,1.0304,-1.3479
temporal_hour,8,0,152,1.0253,-1.4013
temporal_hour,8,0,158,1.0203,-1.4541
temporal_hour,8,0,164,1.0154,-1.5062
temporal_hour,8,0,170,1.0106,-1.5579
temporal_hour,8,0,176,1.0059,-1.6092
temporal_hour,8,0,182,1.0013,-1.6601
temporal_hour,8,0,187,0.9975,-1.7024
temporal_hour,9,0,0,2.1419,0.8942
temporal_hour,9,0,2,2.1337,0.8400
temporal_hour,9,0,4,2.1258,0.7871
temporal_hour,9,0,6,2.1180,0.7353
temporal_hour,9,0,8,2.1104,0.6847
temporal_hour,9,0,10,2.1029,0.6351
temporal_hour,9,0,13,2.0920,0.5627
temporal_hour,9,0,16,2.0814,0.4925
temporal_hour,9,0,19,2.0711,0.4243
temporal_hour,9,0,22,2.0610,0.3582
temporal_hour,9,0,25,2.0513,0.2939
temporal_hour,9,0,28,2.0418,0.2313
temporal_hour,9,0,31,2.0325,0.1704
temporal_hour,9,0,34,2.0235,0.1111
temporal_hour,9,0,37,2.0147,0.0532
temporal_hour,9,0,40,2.0061,-0.0032
temporal_hour,9,0,43,1.9976,-0.0583
temporal_hour,9,0,46,1.9894,-0.1121
temporal_hour,9,0,49,1.9814,-0.1647
temporal_hour,9,0,52,1.9735,-0.2162
temporal_hour,9,0,55,1.9658,-0.2666
temporal_hour,9,0,59,1.9558,-0.3321
temporal_hour,9,0,63,1.9460,-0.3959
temporal_hour,9,0,67,1.9365,-0.4581
temporal_hour,9,0,71,1.9273,-0.5188
temporal_hour,9,0,75,1.9182,-0.5781
temporal_hour,9,0,79,1.9094,-0.6360
temporal_hour,9,0,83,1.9007,-0.6927
temporal_hour,9,0,87,1.8923,-0.7482
temporal_hour,9,0,91,1.8840,-0.8026
temporal_hour,9,0,95,1.8759,-0.8559
temporal_hour,9,0,99,1.8679,-0.9084
temporal_hour,9,0,103,1.8601,-0.9599
temporal_hour,9,0,107,1.8525,-1.0105
temporal_hour,9,0,111,1.8450,-1.0604
temporal_hour,9,0,116,1.8358,-1.1217
temporal_hour,9,0,121,1.8267,-1.1820
temporal_hour,9,0,126,1.8179,-1.2413
temporal_hour,9,0,131,1.8092,-1.2997
temporal_hour,9,0,136,1.8007,-1.3574
temporal_hour,9,0,141,1.7923,-1.4143
temporal_hour,9,0,146,1.7841,-1.4706
temporal_hour,9,0,151,1.7760,-1.5264
temporal_hour,9,0,156,1.7680,-1.5816
temporal_hour,9,0,161,1.7601,-1.6365
temporal_hour,9,0,166,1.7524,-1.6910
temporal_hour,9,0,171,1.7447,-1.7452
temporal_hour,9,0,176,1.7372,-1.7993
temporal_hour,9,0,181,1.7298,-1.8531
temporal_hour,9,0,186,1.7224,-1.9069
temporal_hour,9,0,187,1.7210,-1.9177
temporal_hour,10,0,0,3.7992,1.6092
temporal_hour,10,0,2,3.7833,1.5331
temporal_hour,10,0,4,3.7678,1.4587
temporal_hour,10,0,6,3.7526,1.3859
temporal_hour,10,0,8,3.7377,1.3147
temporal_hour,10,0,10,3.7231,1.2450
temporal_hour,10,0,12,3.7088,1.1768
temporal_hour,10,0,14,3.6948,1.1100
temporal_hour,10,0,16,3.6810,1.0445
temporal_hour,10,0,18,3.6675,0.9802
temporal_hour,10,0,20,3.6543,0.9173
temporal_hour,10,0,22,3.6413,0.8555
temporal_hour,10,0,24,3.6285,0.7948
temporal_hour,10,0,26,3.6159,0.7353
temporal_hour,10,0,28,3.6036,0.6768
temporal_hour,10,0,30,3.5915,0.6193
temporal_hour,10,0,32,3.5795,0.5628
temporal_hour,10,0,34,3.5678,0.5073
temporal_hour,10,0,36,3.5563,0.4527
temporal_hour,10,0,38,3.5449,0.3989
temporal_hour,10,0,40,3.5337,0.3461
temporal_hour,10,0,42,3.5227,0.2940
temporal_hour,10,0,44,3.5119,0.2427
temporal_hour,10,0,46,3.5012,0.1922
temporal_hour,10,0,48,3.4907,0.1425
temporal_hour,10,0,50,3.4803,0.0935
temporal_hour,10,0,53,3.4650,0.0212
temporal_hour,10,0,56,3.4501,-0.0496
temporal_hour,10,0,59,3.4354,-0.1190
temporal_hour,10,0,62,3.4210,-0.1871
temporal_hour,10,0,65,3.4069,-0.2539
temporal_hour,10,0,68,3.3931,-0.3194
temporal_hour,10,0,71,3.3795,-0.3839
temporal_hour,10,0,74,3.3661,-0.4473
temporal_hour,10,0,77,3.3530,-0.5096
temporal_hour,10,0,80,3.3401,-0.5709
temporal_hour,10,0,83,3.3274,-0.6313
temporal_hour,10,0,86,3.3149,-0.6908
temporal_hour,10,0,89,3.3026,-0.7495
temporal_hour,10,0,92,3.2905,-0.8074
temporal_hour,10,0,95,3.2786,-0.8645
temporal_hour,10,0,98,3.2668,-0.9209
temporal_hour,10,0,101,3.2552,-0.9766
temporal_hour,10,0,104,3.2438,-1.0317
temporal_hour,10,0,107,3.2325,-1.0861
temporal_hour,10,0,110,3.2214,-1.1400
temporal_hour,10,0,113,3.2103,-1.1933
temporal_hour,10,0,116,3.1995,-1.2462
temporal_hour,10,0,119,3.1887,-1.2985
temporal_hour,10,0,122,3.1781,-1.3504
temporal_hour,10,0,125,3.1676,-1.4018
temporal_hour,10,0,128,3.1572,-1.4529
temporal_hour,10,0,131,3.1469,-1.5036
temporal_hour,10,0,134,3.1367,-1.5539
temporal_hour,10,0,137,3.1267,-1.6040
temporal_hour,10,0,140,3.1167,-1.6537
temporal_hour,10,0,143,3.1068,-1.7032
temporal_hour,10,0,146,3.0970,-1.7525
temporal_hour,10,0,150,3.0840,-1.8178
temporal_hour,10,0,154,3.0712,-1.8828
temporal_hour,10,0,158,3.0586,-1.9475
temporal_hour,10,0,162,3.0460,-2.0121
temporal_hour,10,0,166,3.0336,-2.0765
temporal_hour,10,0,170,3.0213,-2.1408
temporal_hour,10,0,174,3.0091,-2.2050
temporal_hour,10,0,178,2.9970,-2.2693
temporal_hour,10,0,182,2.9850,-2.3337
temporal_hour,10,0,186,2.9731,-2.3982
temporal_hour,10,0,187,2.9702,-2.4144
asr,k=1,0,0,2.5063,1.0397
asr,k=1,0,2,2.5080,0.9857
asr,k=1,0,4,2.5094,0.9325
asr,k=1,0,6,2.5106,0.8802
asr,k=1,0,8,2.5115,0.8288
asr,k=1,0,10,2.5122,0.7782
asr,k=1,0,13,2.5129,0.7038
asr,k=1,0,16,2.5130,0.6311
asr,k=1,0,19,2.5127,0.5599
asr,k=1,0,22,2.5118,0.4904
asr,k=1,0,25,2.5105,0.4222
asr,k=1,0,28,2.5086,0.3555
asr,k=1,0,31,2.5062,0.2901
asr,k=1,0,34,2.5034,0.2261
asr,k=1,0,37,2.5000,0.1632
asr,k=1,0,40,2.4962,0.1015
asr,k=1,0,43,2.4918,0.0410
asr,k=1,0,46,2.4870,-0.0184
asr,k=1,0,49,2.4817,-0.0768
asr,k=1,0,52,2.4760,-0.1341
asr,k=1,0,55,2.4697,-0.1904
asr,k=1,0,58,2.4630,-0.2458
asr,k=1,0,61,2.4558,-0.3002
asr,k=1,0,64,2.4481,-0.3538
asr,k=1,0,67,2.4400,-0.4064
asr,k=1,0,70,2.4315,-0.4582
asr,k=1,0,73,2.4224,-0.5091
asr,k=1,0,76,2.4129,-0.5592
asr,k=1,0,79,2.4030,-0.6085
asr,k=1,0,83,2.3891,-0.6730
asr,k=1,0,87,2.3743,-0.7362
asr,k=1,0,91,2.3588,-0.7980
asr,k=1,0,95,2.3426,-0.8586
asr,k=1,0,99,2.3255,-0.9179
asr,k=1,0,103,2.3078,-0.9759
asr,k=1,0,107,2.2892,-1.0328
asr,k=1,0,111,2.2700,-1.0884
asr,k=1,0,115,2.2500,-1.1429
asr,k=1,0,119,2.2293,-1.1962
asr,k=1,0,123,2.2079,-1.2483
asr,k=1,0,127,2.1857,-1.2994
asr,k=1,0,131,2.1629,-1.3493
asr,k=1,0,135,2.1395,-1.3981
asr,k=1,0,139,2.1153,-1.4459
asr,k=1,0,143,2.0904,-1.4926
asr,k=1,0,147,2.0650,-1.5382
asr,k=1,0,151,2.0388,-1.5827
asr,k=1,0,155,2.0120,-1.6262
asr,k=1,0,159,1.9846,-1.6686
asr,k=1,0,164,1.9495,-1.7202
asr,k=1,0,169,1.9133,-1.7701
asr,k=1,0,174,1.8763,-1.8185
asr,k=1,0,179,1.8382,-1.8652
asr,k=1,0,184,1.7993,-1.9104
asr,k=1,0,187,1.7755,-1.9367
asr,k=2,0,0,4.0633,1.7320
asr,k=2,0,2,4.0706,1.6633
asr,k=2,0,4,4.0774,1.5954
asr,k=2,0,6,4.0839,1.5284
asr,k=2,0,8,4.0901,1.4623
asr,k=2,0,10,4.0958,1.3969
asr,k=2,0,12,4.1012,1.3323
asr,k=2,0,14,4.1062,1.2685
asr,k=2,0,16,4.1109,1.2053
asr,k=2,0,18,4.1152,1.1429
asr,k=2,0,20,4.1191,1.0812
asr,k=2,0,22,4.1227,1.0201
asr,k=2,0,24,4.1258,0.9597
asr,k=2,0,26,4.1287,0.8998
asr,k=2,0,28,4.1311,0.8406
asr,k=2,0,30,4.1332,0.7820
asr,k=2,0,32,4.1350,0.7239
asr,k=2,0,34,4.1363,0.6664
asr,k=2,0,36,4.1374,0.6095
asr,k=2,0,38,4.1380,0.5530
asr,k=2,0,40,4.1383,0.4971
asr,k=2,0,42,4.1383,0.4417
asr,k=2,0,44,4.1379,0.3868
asr,k=2,0,46,4.1372,0.3324
asr,k=2,0,48,4.1360,0.2785
asr,k=2,0,50,4.1346,0.2250
asr,k=2,0,52,4.1328,0.1720
asr,k=2,0,54,4.1307,0.1194
asr,k=2,0,56,4.1282,0.0673
asr,k=2,0,58,4.1253,0.0156
asr,k=2,0,60,4.1221,-0.0357
asr,k=2,0,62,4.1186,-0.0866
asr,k=2,0,64,4.1148,-0.1370
asr,k=2,0,66,4.1106,-0.1870
asr,k=2,0,69,4.1036,-0.2613
asr,k=2,0,72,4.0959,-0.3347
asr,k=2,0,75,4.0875,-0.4072
asr,k=2,0,78,4.0783,-0.4789
asr,k=2,0,81,4.0684,-0.5497
asr,k=2,0,84,4.0577,-0.6197
asr,k=2,0,87,4.0463,-0.6889
asr,k=2,0,90,4.0342,-0.7573
asr,k=2,0,93,4.0213,-0.8249
asr,k=2,0,96,4.0078,-0.8916
asr,k=2,0,99,3.9935,-0.9576
asr,k=2,0,102,3.9785,-1.0228
asr,k=2,0,105,3.9629,-1.0873
asr,k=2,0,108,3.9465,-1.1509
asr,k=2,0,111,3.9295,-1.2138
asr,k=2,0,114,3.9117,-1.2760
asr,k=2,0,117,3.8933,-1.3374
asr,k=2,0,120,3.8743,-1.3980
asr,k=2,0,123,3.8546,-1.4579
asr,k=2,0,126,3.8342,-1.5170
asr,k=2,0,129,3.8132,-1.5754
asr,k=2,0,132,3.7915,-1.6330
asr,k=2,0,135,3.7692,-1.6899
asr,k=2,0,138,3.7463,-1.7460
asr,k=2,0,141,3.7227,-1.8014
asr,k=2,0,144,3.6985,-1.8561
asr,k=2,0,147,3.6738,-1.9099
asr,k=2,0,150,3.6484,-1.9630
asr,k=2,0,153,3.6225,-2.0154
asr,k=2,0,156,3.5959,-2.0670
asr,k=2,0,159,3.5688,-2.1179
asr,k=2,0,162,3.5411,-2.1680
asr,k=2,0,165,3.5129,-2.2173
asr,k=2,0,168,3.4841,-2.2658
asr,k=2,0,171,3.4548,-2.3136
asr,k=2,0,174,3.4249,-2.3606
asr,k=2,0,177,3.3945,-2.4069
asr,k=2,0,180,3.3636,-2.4523
asr,k=2,0,183,3.3322,-2.4970
asr,k=2,0,186,3.3002,-2.5409
asr,k=2,0,187,3.2895,-2.5553
fajr_remaining,13.5h,0,0,5.5069,2.4244
fajr_remaining,13.5h,0,1,5.4060,2.3308
fajr_remaining,13.5h,0,2,5.3087,2.2406
fajr_remaining,13.5h,0,3,5.2147,2.1537
fajr_remaining,13.5h,0,4,5.1240,2.0698
fajr_remaining,13.5h,0,5,5.0363,1.9888
fajr_remaining,13.5h,0,6,4.9514,1.9105
fajr_remaining,13.5h,0,7,4.8693,1.8348
fajr_remaining,13.5h,0,8,4.7898,1.7616
fajr_remaining,13.5h,0,9,4.7128,1.6908
fajr_remaining,13.5h,0,10,4.6381,1.6221
fajr_remaining,13.5h,0,11,4.5657,1.5556
fajr_remaining,13.5h,0,12,4.4954,1.4912
fajr_remaining,13.5h,0,13,4.4271,1.4287
fajr_remaining,13.5h,0,14,4.3608,1.3680
fajr_remaining,13.5h,0,15,4.2964,1.3091
fajr_remaining,13.5h,0,16,4.2337,1.2519
fajr_remaining,13.5h,0,17,4.1727,1.1963
fajr_remaining,13.5h,0,18,4.1134,1.1423
fajr_remaining,13.5h,0,19,4.0556,1.0897
fajr_remaining,13.5h,0,20,3.9993,1.0386
fajr_remaining,13.5h,0,21,3.9445,0.9888
fajr_remaining,13.5h,0,22,3.8910,0.9404
fajr_remaining,13.5h,0,23,3.8389,0.8932
fajr_remaining,13.5h,0,24,3.7880,0.8472
fajr_remaining,13.5h,0,25,3.7384,0.8024
fajr_remaining,13.5h,0,26,3.6899,0.7587
fajr_remaining,13.5h,0,27,3.6426,0.7161
fajr_remaining,13.5h,0,28,3.5963,0.6745
fajr_remaining,13.5h,0,29,3.5511,0.6340
fajr_remaining,13.5h,0,30,3.5070,0.5943
fajr_remaining,13.5h,0,31,3.4637,0.5557
fajr_remaining,13.5h,0,32,3.4215,0.5179
fajr_remaining,13.5h,0,33,3.3801,0.4809
fajr_remaining,13.5h,0,34,3.3396,0.4448
fajr_remaining,13.5h,0,35,3.3000,0.4095
fajr_remaining,13.5h,0,36,3.2611,0.3750
fajr_remaining,13.5h,0,37,3.2231,0.3412
fajr_remaining,13.5h,0,39,3.1492,0.2759
fajr_remaining,13.5h,0,41,3.0783,0.2132
fajr_remaining,13.5h,0,43,3.0099,0.1531
fajr_remaining,13.5h,0,45,2.9441,0.0954
fajr_remaining,13.5h,0,47,2.8807,0.0399
fajr_remaining,13.5h,0,49,2.8195,-0.0134
fajr_remaining,13.5h,0,51,2.7603,-0.0648
fajr_remaining,13.5h,0,53,2.7031,-0.1143
fajr_remaining,13.5h,0,55,2.6478,-0.1620
fajr_remaining,13.5h,0,57,2.5942,-0.2080
fajr_remaining,13.5h,0,59,2.5423,-0.2525
fajr_remaining,13.5h,0,61,2.4919,-0.2955
fajr_remaining,13.5h,0,63,2.4430,-0.3370
fajr_remaining,13.5h,0,65,2.3955,-0.3772
fajr_remaining,13.5h,0,67,2.3494,-0.4161
fajr_remaining,13.5h,0,69,2.3045,-0.4537
fajr_remaining,13.5h,0,71,2.2608,-0.4903
fajr_remaining,13.5h,0,73,2.2183,-0.5257
fajr_remaining,13.5h,0,75,2.1768,-0.5601
fajr_remaining,13.5h,0,77,2.1364,-0.5934
fajr_remaining,13.5h,0,79,2.0969,-0.6259
fajr_remaining,13.5h,0,82,2.0395,-0.6728
fajr_remaining,13.5h,0,85,1.9841,-0.7178
fajr_remaining,13.5h,0,88,1.9304,-0.7611
fajr_remaining,13.5h,0,91,1.8785,-0.8026
fajr_remaining,13.5h,0,94,1.8282,-0.8426
fajr_remaining,13.5h,0,97,1.7794,-0.8811
fajr_remaining,13.5h,0,100,1.7320,-0.9182
fajr_remaining,13.5h,0,103,1.6859,-0.9541
fajr_remaining,13.5h,0,106,1.6410,-0.9887
fajr_remaining,13.5h,0,109,1.5973,-1.0221
fajr_remaining,13.5h,0,112,1.5546,-1.0545
fajr_remaining,13.5h,0,115,1.5129,-1.0858
fajr_remaining,13.5h,0,118,1.4722,-1.1162
fajr_remaining,13.5h,0,122,1.4193,-1.1552
fajr_remaining,13.5h,0,126,1.3678,-1.1928
fajr_remaining,13.5h,0,130,1.3176,-1.2289
fajr_remaining,13.5h,0,134,1.2686,-1.2637
fajr_remaining,13.5h,0,138,1.2208,-1.2973
fajr_remaining,13.5h,0,142,1.1739,-1.3298
fajr_remaining,13.5h,0,146,1.1279,-1.3612
fajr_remaining,13.5h,0,150,1.0826,-1.3917
fajr_remaining,13.5h,0,154,1.0382,-1.4212
fajr_remaining,13.5h,0,158,0.9943,-1.4499
fajr_remaining,13.5h,0,162,0.9509,-1.4778
fajr_remaining,13.5h,0,166,0.9081,-1.5049
fajr_remaining,13.5h,0,170,0.8655,-1.5314
fajr_remaining,13.5h,0,175,0.8128,-1.5637
fajr_remaining,13.5h,0,180,0.7603,-1.5951
fajr_remaining,13.5h,0,185,0.7079,-1.6257
fajr_remaining,13.5h,0,187,0.6869,-1.6377
gnomon,nodus,0,0,0.0000,-1.7600
gnomon,style_base h=1.6,0,1,0.0000,-4.5307
