element,label,segment,point,x_east_m,y_north_m
aperture_foot,aperture height 4.0,0,0,0.0000,-3.0000
analemma,08.00 EET Jan-Jun,0,0,-5.6887,-2.8215
analemma,08.00 EET Jan-Jun,0,1,-5.6336,-2.8778
analemma,08.00 EET Jan-Jun,0,2,-5.5757,-2.9386
analemma,08.00 EET Jan-Jun,0,3,-5.5219,-2.9971
analemma,08.00 EET Jan-Jun,0,4,-5.4721,-3.0533
analemma,08.00 EET Jan-Jun,0,5,-5.4261,-3.1072
analemma,08.00 EET Jan-Jun,0,6,-5.3839,-3.1590
analemma,08.00 EET Jan-Jun,0,7,-5.3454,-3.2085
analemma,08.00 EET Jan-Jun,0,8,-5.3105,-3.2560
analemma,08.00 EET Jan-Jun,0,9,-5.2792,-3.3012
analemma,08.00 EET Jan-Jun,0,10,-5.2514,-3.3443
analemma,08.00 EET Jan-Jun,0,11,-5.2161,-3.4050
analemma,08.00 EET Jan-Jun,0,12,-5.1881,-3.4608
analemma,08.00 EET Jan-Jun,0,13,-5.1674,-3.5118
analemma,08.00 EET Jan-Jun,0,14,-5.1504,-3.5720
analemma,08.00 EET Jan-Jun,0,15,-5.1452,-3.6230
analemma,08.00 EET Jan-Jun,0,16,-5.1543,-3.6736
analemma,08.00 EET Jan-Jun,0,17,-5.1653,-3.6935
analemma,08.50 EET Jan-Jun,0,0,-6.3303,-0.5004
analemma,08.50 EET Jan-Jun,0,1,-6.2450,-0.5919
analemma,08.50 EET Jan-Jun,0,2,-6.1867,-0.6544
analemma,08.50 EET Jan-Jun,0,3,-6.1292,-0.7158
analemma,08.50 EET Jan-Jun,0,4,-6.0726,-0.7761
analemma,08.50 EET Jan-Jun,0,5,-6.0169,-0.8354
analemma,08.50 EET Jan-Jun,0,6,-5.9621,-0.8936
analemma,08.50 EET Jan-Jun,0,7,-5.9082,-0.9509
analemma,08.50 EET Jan-Jun,0,8,-5.8551,-1.0072
analemma,08.50 EET Jan-Jun,0,9,-5.8029,-1.0625
analemma,08.50 EET Jan-Jun,0,10,-5.7517,-1.1168
analemma,08.50 EET Jan-Jun,0,11,-5.7013,-1.1703
analemma,08.50 EET Jan-Jun,0,12,-5.6517,-1.2227
analemma,08.50 EET Jan-Jun,0,13,-5.6031,-1.2743
analemma,08.50 EET Jan-Jun,0,14,-5.5554,-1.3250
analemma,08.50 EET Jan-Jun,0,15,-5.5085,-1.3748
analemma,08.50 EET Jan-Jun,0,16,-5.4625,-1.4238
analemma,08.50 EET Jan-Jun,0,17,-5.4174,-1.4719
analemma,08.50 EET Jan-Jun,0,18,-5.3731,-1.5192
analemma,08.50 EET Jan-Jun,0,19,-5.3297,-1.5657
analemma,08.50 EET Jan-Jun,0,20,-5.2872,-1.6114
analemma,08.50 EET Jan-Jun,0,21,-5.2455,-1.6563
analemma,08.50 EET Jan-Jun,0,22,-5.2047,-1.7005
analemma,08.50 EET Jan-Jun,0,23,-5.1647,-1.7438
analemma,08.50 EET Jan-Jun,0,24,-5.1256,-1.7865
analemma,08.50 EET Jan-Jun,0,25,-5.0873,-1.8284
analemma,08.50 EET Jan-Jun,0,26,-5.0498,-1.8696
analemma,08.50 EET Jan-Jun,0,27,-5.0132,-1.9101
analemma,08.50 EET Jan-Jun,0,28,-4.9774,-1.9499
analemma,08.50 EET Jan-Jun,0,29,-4.9424,-1.9890
analemma,08.50 EET Jan-Jun,0,30,-4.9082,-2.0275
analemma,08.50 EET Jan-Jun,0,31,-4.8748,-2.0653
analemma,08.50 EET Jan-Jun,0,32,-4.8104,-2.1390
analemma,08.50 EET Jan-Jun,0,33,-4.7492,-2.2102
analemma,08.50 EET Jan-Jun,0,34,-4.6912,-2.2790
analemma,08.50 EET Jan-Jun,0,35,-4.6362,-2.3454
analemma,08.50 EET Jan-Jun,0,36,-4.5842,-2.4095
analemma,08.50 EET Jan-Jun,0,37,-4.5352,-2.4714
analemma,08.50 EET Jan-Jun,0,38,-4.4892,-2.5311
analemma,08.50 EET Jan-Jun,0,39,-4.4460,-2.5886
analemma,08.50 EET Jan-Jun,0,40,-4.4058,-2.6440
analemma,08.50 EET Jan-Jun,0,41,-4.3683,-2.6974
analemma,08.50 EET Jan-Jun,0,42,-4.3337,-2.7487
analemma,08.50 EET Jan-Jun,0,43,-4.3017,-2.7979
analemma,08.50 EET Jan-Jun,0,44,-4.2725,-2.8452
analemma,08.50 EET Jan-Jun,0,45,-4.2459,-2.8904
analemma,08.50 EET Jan-Jun,0,46,-4.2109,-2.9545
analemma,08.50 EET Jan-Jun,0,47,-4.1816,-3.0141
analemma,08.50 EET Jan-Jun,0,48,-4.1578,-3.0691
analemma,08.50 EET Jan-Jun,0,49,-4.1395,-3.1196
analemma,08.50 EET Jan-Jun,0,50,-4.1231,-3.1796
analemma,08.50 EET Jan-Jun,0,51,-4.1155,-3.2311
analemma,08.50 EET Jan-Jun,0,52,-4.1179,-3.2832
analemma,08.50 EET Jan-Jun,0,53,-4.1413,-3.3322
analemma,08.50 EET Jan-Jun,0,54,-4.1937,-3.3518
analemma,08.50 EET Jan-Jun,0,55,-4.2382,-3.3435
analemma,08.50 EET Jul-Dec,0,0,-4.2480,-3.3398
analemma,08.50 EET Jul-Dec,0,1,-4.3015,-3.3115
analemma,08.50 EET Jul-Dec,0,2,-4.3487,-3.2766
analemma,08.50 EET Jul-Dec,0,3,-4.3862,-3.2431
analemma,08.50 EET Jul-Dec,0,4,-4.4252,-3.2034
analemma,08.50 EET Jul-Dec,0,5,-4.4655,-3.1573
analemma,08.50 EET Jul-Dec,0,6,-4.5068,-3.1049
analemma,08.50 EET Jul-Dec,0,7,-4.5488,-3.0462
analemma,08.50 EET Jul-Dec,0,8,-4.5771,-3.0036
analemma,08.50 EET Jul-Dec,0,9,-4.6055,-2.9582
analemma,08.50 EET Jul-Dec,0,10,-4.6341,-2.9101
analemma,08.50 EET Jul-Dec,0,11,-4.6627,-2.8592
analemma,08.50 EET Jul-Dec,0,12,-4.6913,-2.8057
analemma,08.50 EET Jul-Dec,0,13,-4.7198,-2.7494
analemma,08.50 EET Jul-Dec,0,14,-4.7483,-2.6905
analemma,08.50 EET Jul-Dec,0,15,-4.7766,-2.6290
analemma,08.50 EET Jul-Dec,0,16,-4.8048,-2.5649
analemma,08.50 EET Jul-Dec,0,17,-4.8328,-2.4983
analemma,08.50 EET Jul-Dec,0,18,-4.8607,-2.4292
analemma,08.50 EET Jul-Dec,0,19,-4.8884,-2.3576
analemma,08.50 EET Jul-Dec,0,20,-4.9159,-2.2837
analemma,08.50 EET Jul-Dec,0,21,-4.9432,-2.2073
analemma,08.50 EET Jul-Dec,0,22,-4.9703,-2.1286
analemma,08.50 EET Jul-Dec,0,23,-4.9974,-2.0476
analemma,08.50 EET Jul-Dec,0,24,-5.0243,-1.9643
analemma,08.50 EET Jul-Dec,0,25,-5.0511,-1.8788
analemma,08.50 EET Jul-Dec,0,26,-5.0779,-1.7911
analemma,08.50 EET Jul-Dec,0,27,-5.1047,-1.7012
analemma,08.50 EET Jul-Dec,0,28,-5.1316,-1.6093
analemma,08.50 EET Jul-Dec,0,29,-5.1586,-1.5152
analemma,08.50 EET Jul-Dec,0,30,-5.1858,-1.4190
analemma,08.50 EET Jul-Dec,0,31,-5.1995,-1.3701
analemma,08.50 EET Jul-Dec,0,32,-5.2133,-1.3207
analemma,08.50 EET Jul-Dec,0,33,-5.2272,-1.2709
analemma,08.50 EET Jul-Dec,0,34,-5.2412,-1.2205
analemma,08.50 EET Jul-Dec,0,35,-5.2552,-1.1696
analemma,08.50 EET Jul-Dec,0,36,-5.2694,-1.1182
analemma,08.50 EET Jul-Dec,0,37,-5.2837,-1.0663
analemma,08.50 EET Jul-Dec,0,38,-5.2982,-1.0138
analemma,08.50 EET Jul-Dec,0,39,-5.3128,-0.9609
analemma,08.50 EET Jul-Dec,0,40,-5.3276,-0.9075
analemma,08.50 EET Jul-Dec,0,41,-5.3426,-0.8536
analemma,08.50 EET Jul-Dec,0,42,-5.3578,-0.7992
analemma,08.50 EET Jul-Dec,0,43,-5.3732,-0.7442
analemma,08.50 EET Jul-Dec,0,44,-5.3888,-0.6888
analemma,08.50 EET Jul-Dec,0,45,-5.4046,-0.6329
analemma,08.50 EET Jul-Dec,0,46,-5.4207,-0.5764
analemma,08.50 EET Jul-Dec,0,47,-5.4371,-0.5195
analemma,08.50 EET Jul-Dec,0,48,-5.4537,-0.4621
analemma,08.50 EET Jul-Dec,0,49,-5.4707,-0.4041
analemma,08.50 EET Jul-Dec,0,50,-5.4880,-0.3457
analemma,08.50 EET Jul-Dec,0,51,-5.5056,-0.2867
analemma,08.50 EET Jul-Dec,0,52,-5.5236,-0.2272
analemma,08.50 EET Jul-Dec,0,53,-5.5419,-0.1672
analemma,08.50 EET Jul-Dec,0,54,-5.5606,-0.1067
analemma,08.50 EET Jul-Dec,0,55,-5.5798,-0.0457
analemma,08.50 EET Jul-Dec,0,56,-5.5993,0.0158
analemma,08.50 EET Jul-Dec,0,57,-5.6193,0.0779
analemma,08.50 EET Jul-Dec,0,58,-5.6398,0.1404
analemma,08.50 EET Jul-Dec,0,59,-5.6607,0.2035
analemma,08.50 EET Jul-Dec,0,60,-5.6822,0.2672
analemma,08.50 EET Jul-Dec,0,61,-5.7042,0.3313
analemma,08.50 EET Jul-Dec,0,62,-5.7267,0.3960
analemma,08.50 EET Jul-Dec,0,63,-5.7498,0.4612
analemma,08.50 EET Jul-Dec,0,64,-5.7734,0.5270
analemma,08.50 EET Jul-Dec,0,65,-5.7977,0.5933
analemma,08.50 EET Jul-Dec,0,66,-5.8226,0.6601
analemma,08.50 EET Jul-Dec,0,67,-5.8482,0.7274
analemma,08.50 EET Jul-Dec,0,68,-5.8744,0.7953
analemma,08.50 EET Jul-Dec,0,69,-5.9013,0.8638
analemma,08.50 EET Jul-Dec,0,70,-5.9289,0.9327
analemma,08.50 EET Jul-Dec,0,71,-5.9572,1.0023
analemma,08.50 EET Jul-Dec,0,72,-5.9863,1.0723
analemma,08.50 EET Jul-Dec,0,73,-6.0162,1.1429
analemma,08.50 EET Jul-Dec,0,74,-6.0468,1.2140
analemma,08.50 EET Jul-Dec,0,75,-6.0783,1.2857
analemma,08.50 EET Jul-Dec,0,76,-6.1106,1.3579
analemma,08.50 EET Jul-Dec,0,77,-6.1437,1.4306
analemma,08.50 EET Jul-Dec,0,78,-6.1723,1.4919
analemma,09.00 EET Jan-Jun,0,0,-6.1761,1.4759
analemma,09.00 EET Jan-Jun,0,1,-6.1068,1.3572
analemma,09.00 EET Jan-Jun,0,2,-6.0619,1.2818
analemma,09.00 EET Jan-Jun,0,3,-6.0167,1.2069
analemma,09.00 EET Jan-Jun,0,4,-5.9713,1.1324
analemma,09.00 EET Jan-Jun,0,5,-5.9257,1.0585
analemma,09.00 EET Jan-Jun,0,6,-5.8799,0.9852
analemma,09.00 EET Jan-Jun,0,7,-5.8340,0.9125
analemma,09.00 EET Jan-Jun,0,8,-5.7881,0.8405
analemma,09.00 EET Jan-Jun,0,9,-5.7421,0.7691
analemma,09.00 EET Jan-Jun,0,10,-5.6960,0.6984
analemma,09.00 EET Jan-Jun,0,11,-5.6501,0.6284
analemma,09.00 EET Jan-Jun,0,12,-5.6041,0.5592
analemma,09.00 EET Jan-Jun,0,13,-5.5583,0.4906
analemma,09.00 EET Jan-Jun,0,14,-5.5126,0.4229
analemma,09.00 EET Jan-Jun,0,15,-5.4671,0.3559
analemma,09.00 EET Jan-Jun,0,16,-5.4218,0.2897
analemma,09.00 EET Jan-Jun,0,17,-5.3766,0.2243
analemma,09.00 EET Jan-Jun,0,18,-5.3318,0.1596
analemma,09.00 EET Jan-Jun,0,19,-5.2871,0.0958
analemma,09.00 EET Jan-Jun,0,20,-5.2428,0.0328
analemma,09.00 EET Jan-Jun,0,21,-5.1988,-0.0294
analemma,09.00 EET Jan-Jun,0,22,-5.1551,-0.0908
analemma,09.00 EET Jan-Jun,0,23,-5.1117,-0.1514
analemma,09.00 EET Jan-Jun,0,24,-5.0687,-0.2112
analemma,09.00 EET Jan-Jun,0,25,-5.0261,-0.2702
analemma,09.00 EET Jan-Jun,0,26,-4.9839,-0.3283
analemma,09.00 EET Jan-Jun,0,27,-4.9421,-0.3857
analemma,09.00 EET Jan-Jun,0,28,-4.9007,-0.4422
analemma,09.00 EET Jan-Jun,0,29,-4.8598,-0.4980
analemma,09.00 EET Jan-Jun,0,30,-4.8193,-0.5530
analemma,09.00 EET Jan-Jun,0,31,-4.7792,-0.6072
analemma,09.00 EET Jan-Jun,0,32,-4.7397,-0.6606
analemma,09.00 EET Jan-Jun,0,33,-4.7006,-0.7132
analemma,09.00 EET Jan-Jun,0,34,-4.6620,-0.7651
analemma,09.00 EET Jan-Jun,0,35,-4.6239,-0.8162
analemma,09.00 EET Jan-Jun,0,36,-4.5863,-0.8666
analemma,09.00 EET Jan-Jun,0,37,-4.5492,-0.9162
analemma,09.00 EET Jan-Jun,0,38,-4.5126,-0.9651
analemma,09.00 EET Jan-Jun,0,39,-4.4765,-1.0133
analemma,09.00 EET Jan-Jun,0,40,-4.4410,-1.0608
analemma,09.00 EET Jan-Jun,0,41,-4.4060,-1.1075
analemma,09.00 EET Jan-Jun,0,42,-4.3715,-1.1536
analemma,09.00 EET Jan-Jun,0,43,-4.3376,-1.1989
analemma,09.00 EET Jan-Jun,0,44,-4.3042,-1.2436
analemma,09.00 EET Jan-Jun,0,45,-4.2713,-1.2876
analemma,09.00 EET Jan-Jun,0,46,-4.2390,-1.3310
analemma,09.00 EET Jan-Jun,0,47,-4.2073,-1.3737
analemma,09.00 EET Jan-Jun,0,48,-4.1761,-1.4157
analemma,09.00 EET Jan-Jun,0,49,-4.1454,-1.4571
analemma,09.00 EET Jan-Jun,0,50,-4.1153,-1.4979
analemma,09.00 EET Jan-Jun,0,51,-4.0568,-1.5776
analemma,09.00 EET Jan-Jun,0,52,-4.0005,-1.6549
analemma,09.00 EET Jan-Jun,0,53,-3.9464,-1.7299
analemma,09.00 EET Jan-Jun,0,54,-3.8945,-1.8025
analemma,09.00 EET Jan-Jun,0,55,-3.8449,-1.8729
analemma,09.00 EET Jan-Jun,0,56,-3.7974,-1.9412
analemma,09.00 EET Jan-Jun,0,57,-3.7522,-2.0073
analemma,09.00 EET Jan-Jun,0,58,-3.7092,-2.0713
analemma,09.00 EET Jan-Jun,0,59,-3.6684,-2.1332
analemma,09.00 EET Jan-Jun,0,60,-3.6297,-2.1931
analemma,09.00 EET Jan-Jun,0,61,-3.5932,-2.2511
analemma,09.00 EET Jan-Jun,0,62,-3.5589,-2.3071
analemma,09.00 EET Jan-Jun,0,63,-3.5267,-2.3612
analemma,09.00 EET Jan-Jun,0,64,-3.4966,-2.4133
analemma,09.00 EET Jan-Jun,0,65,-3.4686,-2.4636
analemma,09.00 EET Jan-Jun,0,66,-3.4427,-2.5120
analemma,09.00 EET Jan-Jun,0,67,-3.4188,-2.5585
analemma,09.00 EET Jan-Jun,0,68,-3.3868,-2.6248
analemma,09.00 EET Jan-Jun,0,69,-3.3593,-2.6868
analemma,09.00 EET Jan-Jun,0,70,-3.3361,-2.7447
analemma,09.00 EET Jan-Jun,0,71,-3.3173,-2.7982
analemma,09.00 EET Jan-Jun,0,72,-3.3026,-2.8474
analemma,09.00 EET Jan-Jun,0,73,-3.2892,-2.9062
analemma,09.00 EET Jan-Jun,0,74,-3.2827,-2.9570
analemma,09.00 EET Jan-Jun,0,75,-3.2837,-3.0089
analemma,09.00 EET Jan-Jun,0,76,-3.3007,-3.0591
analemma,09.00 EET Jan-Jun,0,77,-3.3456,-3.0831
analemma,09.00 EET Jan-Jun,0,78,-3.3874,-3.0726
analemma,09.00 EET Jul-Dec,0,0,-3.3951,-3.0687
analemma,09.00 EET Jul-Dec,0,1,-3.4364,-3.0401
analemma,09.00 EET Jul-Dec,0,2,-3.4816,-2.9960
analemma,09.00 EET Jul-Dec,0,3,-3.5196,-2.9494
analemma,09.00 EET Jul-Dec,0,4,-3.5490,-2.9079
analemma,09.00 EET Jul-Dec,0,5,-3.5788,-2.8608
analemma,09.00 EET Jul-Dec,0,6,-3.6088,-2.8081
analemma,09.00 EET Jul-Dec,0,7,-3.6389,-2.7499
analemma,09.00 EET Jul-Dec,0,8,-3.6689,-2.6863
analemma,09.00 EET Jul-Dec,0,9,-3.6986,-2.6174
analemma,09.00 EET Jul-Dec,0,10,-3.7182,-2.5685
analemma,09.00 EET Jul-Dec,0,11,-3.7375,-2.5173
analemma,09.00 EET Jul-Dec,0,12,-3.7566,-2.4638
analemma,09.00 EET Jul-Dec,0,13,-3.7755,-2.4081
analemma,09.00 EET Jul-Dec,0,14,-3.7941,-2.3502
analemma,09.00 EET Jul-Dec,0,15,-3.8124,-2.2901
analemma,09.00 EET Jul-Dec,0,16,-3.8304,-2.2279
analemma,09.00 EET Jul-Dec,0,17,-3.8481,-2.1637
analemma,09.00 EET Jul-Dec,0,18,-3.8655,-2.0973
analemma,09.00 EET Jul-Dec,0,19,-3.8826,-2.0290
analemma,09.00 EET Jul-Dec,0,20,-3.8995,-1.9587
analemma,09.00 EET Jul-Dec,0,21,-3.9161,-1.8865
analemma,09.00 EET Jul-Dec,0,22,-3.9324,-1.8123
analemma,09.00 EET Jul-Dec,0,23,-3.9486,-1.7363
analemma,09.00 EET Jul-Dec,0,24,-3.9646,-1.6585
analemma,09.00 EET Jul-Dec,0,25,-3.9805,-1.5789
analemma,09.00 EET Jul-Dec,0,26,-3.9963,-1.4974
analemma,09.00 EET Jul-Dec,0,27,-4.0120,-1.4142
analemma,09.00 EET Jul-Dec,0,28,-4.0278,-1.3293
analemma,09.00 EET Jul-Dec,0,29,-4.0437,-1.2427
analemma,09.00 EET Jul-Dec,0,30,-4.0597,-1.1544
analemma,09.00 EET Jul-Dec,0,31,-4.0759,-1.0644
analemma,09.00 EET Jul-Dec,0,32,-4.0924,-0.9728
analemma,09.00 EET Jul-Dec,0,33,-4.1092,-0.8795
analemma,09.00 EET Jul-Dec,0,34,-4.1265,-0.7845
analemma,09.00 EET Jul-Dec,0,35,-4.1443,-0.6879
analemma,09.00 EET Jul-Dec,0,36,-4.1626,-0.5898
analemma,09.00 EET Jul-Dec,0,37,-4.1721,-0.5401
analemma,09.00 EET Jul-Dec,0,38,-4.1817,-0.4899
analemma,09.00 EET Jul-Dec,0,39,-4.1915,-0.4394
analemma,09.00 EET Jul-Dec,0,40,-4.2016,-0.3885
analemma,09.00 EET Jul-Dec,0,41,-4.2118,-0.3372
analemma,09.00 EET Jul-Dec,0,42,-4.2223,-0.2855
analemma,09.00 EET Jul-Dec,0,43,-4.2331,-0.2334
analemma,09.00 EET Jul-Dec,0,44,-4.2441,-0.1809
analemma,09.00 EET Jul-Dec,0,45,-4.2553,-0.1279
analemma,09.00 EET Jul-Dec,0,46,-4.2669,-0.0746
analemma,09.00 EET Jul-Dec,0,47,-4.2787,-0.0209
analemma,09.00 EET Jul-Dec,0,48,-4.2909,0.0332
analemma,09.00 EET Jul-Dec,0,49,-4.3034,0.0877
analemma,09.00 EET Jul-Dec,0,50,-4.3162,0.1426
analemma,09.00 EET Jul-Dec,0,51,-4.3294,0.1980
analemma,09.00 EET Jul-Dec,0,52,-4.3430,0.2537
analemma,09.00 EET Jul-Dec,0,53,-4.3569,0.3097
analemma,09.00 EET Jul-Dec,0,54,-4.3712,0.3662
analemma,09.00 EET Jul-Dec,0,55,-4.3860,0.4231
analemma,09.00 EET Jul-Dec,0,56,-4.4011,0.4804
analemma,09.00 EET Jul-Dec,0,57,-4.4167,0.5380
analemma,09.00 EET Jul-Dec,0,58,-4.4328,0.5960
analemma,09.00 EET Jul-Dec,0,59,-4.4493,0.6544
analemma,09.00 EET Jul-Dec,0,60,-4.4664,0.7132
analemma,09.00 EET Jul-Dec,0,61,-4.4839,0.7723
analemma,09.00 EET Jul-Dec,0,62,-4.5019,0.8318
analemma,09.00 EET Jul-Dec,0,63,-4.5204,0.8917
analemma,09.00 EET Jul-Dec,0,64,-4.5395,0.9519
analemma,09.00 EET Jul-Dec,0,65,-4.5592,1.0124
analemma,09.00 EET Jul-Dec,0,66,-4.5794,1.0733
analemma,09.00 EET Jul-Dec,0,67,-4.6001,1.1345
analemma,09.00 EET Jul-Dec,0,68,-4.6215,1.1960
analemma,09.00 EET Jul-Dec,0,69,-4.6434,1.2578
analemma,09.00 EET Jul-Dec,0,70,-4.6660,1.3199
analemma,09.00 EET Jul-Dec,0,71,-4.6892,1.3823
analemma,09.00 EET Jul-Dec,0,72,-4.7130,1.4450
analemma,09.00 EET Jul-Dec,0,73,-4.7375,1.5079
analemma,09.00 EET Jul-Dec,0,74,-4.7626,1.5711
analemma,09.00 EET Jul-Dec,0,75,-4.7884,1.6344
analemma,09.00 EET Jul-Dec,0,76,-4.8149,1.6980
analemma,09.00 EET Jul-Dec,0,77,-4.8420,1.7617
analemma,09.00 EET Jul-Dec,0,78,-4.8698,1.8256
analemma,09.00 EET Jul-Dec,0,79,-4.8983,1.8897
analemma,09.00 EET Jul-Dec,0,80,-4.9275,1.9538
analemma,09.00 EET Jul-Dec,0,81,-4.9573,2.0181
analemma,09.00 EET Jul-Dec,0,82,-4.9879,2.0823
analemma,09.00 EET Jul-Dec,0,83,-5.0191,2.1467
analemma,09.00 EET Jul-Dec,0,84,-5.0511,2.2110
analemma,09.00 EET Jul-Dec,0,85,-5.0837,2.2752
analemma,09.00 EET Jul-Dec,0,86,-5.1170,2.3394
analemma,09.00 EET Jul-Dec,0,87,-5.1510,2.4034
analemma,09.00 EET Jul-Dec,0,88,-5.1857,2.4673
analemma,09.00 EET Jul-Dec,0,89,-5.2210,2.5310
analemma,09.00 EET Jul-Dec,0,90,-5.2570,2.5945
analemma,09.00 EET Jul-Dec,0,91,-5.2936,2.6577
analemma,09.00 EET Jul-Dec,0,92,-5.3309,2.7205
analemma,09.00 EET Jul-Dec,0,93,-5.3687,2.7829
analemma,09.00 EET Jul-Dec,0,94,-5.4071,2.8449
analemma,09.00 EET Jul-Dec,0,95,-5.4461,2.9064
analemma,09.00 EET Jul-Dec,0,96,-5.4857,2.9673
analemma,09.00 EET Jul-Dec,0,97,-5.5258,3.0276
analemma,09.00 EET Jul-Dec,0,98,-5.5568,3.0732
analemma,09.50 EET Jan-Jun,0,0,-5.0438,3.4111
analemma,09.50 EET Jan-Jun,0,1,-5.0875,3.3585
analemma,09.50 EET Jan-Jun,0,2,-5.1110,3.3125
analemma,09.50 EET Jan-Jun,0,3,-5.1297,3.2578
analemma,09.50 EET Jan-Jun,0,4,-5.1435,3.1949
analemma,09.50 EET Jan-Jun,0,5,-5.1524,3.1241
analemma,09.50 EET Jan-Jun,0,6,-5.1562,3.0458
analemma,09.50 EET Jan-Jun,0,7,-5.1551,2.9605
analemma,09.50 EET Jan-Jun,0,8,-5.1489,2.8686
analemma,09.50 EET Jan-Jun,0,9,-5.1378,2.7707
analemma,09.50 EET Jan-Jun,0,10,-5.1305,2.7197
analemma,09.50 EET Jan-Jun,0,11,-5.1219,2.6673
analemma,09.50 EET Jan-Jun,0,12,-5.1122,2.6137
analemma,09.50 EET Jan-Jun,0,13,-5.1014,2.5590
analemma,09.50 EET Jan-Jun,0,14,-5.0895,2.5032
analemma,09.50 EET Jan-Jun,0,15,-5.0764,2.4463
analemma,09.50 EET Jan-Jun,0,16,-5.0623,2.3885
analemma,09.50 EET Jan-Jun,0,17,-5.0471,2.3299
analemma,09.50 EET Jan-Jun,0,18,-5.0310,2.2704
analemma,09.50 EET Jan-Jun,0,19,-5.0138,2.2102
analemma,09.50 EET Jan-Jun,0,20,-4.9957,2.1493
analemma,09.50 EET Jan-Jun,0,21,-4.9767,2.0878
analemma,09.50 EET Jan-Jun,0,22,-4.9568,2.0258
analemma,09.50 EET Jan-Jun,0,23,-4.9360,1.9633
analemma,09.50 EET Jan-Jun,0,24,-4.9145,1.9004
analemma,09.50 EET Jan-Jun,0,25,-4.8921,1.8372
analemma,09.50 EET Jan-Jun,0,26,-4.8690,1.7736
analemma,09.50 EET Jan-Jun,0,27,-4.8452,1.7098
analemma,09.50 EET Jan-Jun,0,28,-4.8207,1.6459
analemma,09.50 EET Jan-Jun,0,29,-4.7956,1.5818
analemma,09.50 EET Jan-Jun,0,30,-4.7698,1.5176
analemma,09.50 EET Jan-Jun,0,31,-4.7435,1.4534
analemma,09.50 EET Jan-Jun,0,32,-4.7166,1.3893
analemma,09.50 EET Jan-Jun,0,33,-4.6893,1.3252
analemma,09.50 EET Jan-Jun,0,34,-4.6615,1.2612
analemma,09.50 EET Jan-Jun,0,35,-4.6332,1.1974
analemma,09.50 EET Jan-Jun,0,36,-4.6045,1.1337
analemma,09.50 EET Jan-Jun,0,37,-4.5755,1.0703
analemma,09.50 EET Jan-Jun,0,38,-4.5462,1.0072
analemma,09.50 EET Jan-Jun,0,39,-4.5165,0.9443
analemma,09.50 EET Jan-Jun,0,40,-4.4865,0.8818
analemma,09.50 EET Jan-Jun,0,41,-4.4564,0.8196
analemma,09.50 EET Jan-Jun,0,42,-4.4260,0.7578
analemma,09.50 EET Jan-Jun,0,43,-4.3954,0.6964
analemma,09.50 EET Jan-Jun,0,44,-4.3646,0.6354
analemma,09.50 EET Jan-Jun,0,45,-4.3338,0.5749
analemma,09.50 EET Jan-Jun,0,46,-4.3028,0.5149
analemma,09.50 EET Jan-Jun,0,47,-4.2717,0.4553
analemma,09.50 EET Jan-Jun,0,48,-4.2406,0.3963
analemma,09.50 EET Jan-Jun,0,49,-4.2095,0.3377
analemma,09.50 EET Jan-Jun,0,50,-4.1783,0.2797
analemma,09.50 EET Jan-Jun,0,51,-4.1472,0.2223
analemma,09.50 EET Jan-Jun,0,52,-4.1161,0.1654
analemma,09.50 EET Jan-Jun,0,53,-4.0851,0.1090
analemma,09.50 EET Jan-Jun,0,54,-4.0541,0.0533
analemma,09.50 EET Jan-Jun,0,55,-4.0232,-0.0019
analemma,09.50 EET Jan-Jun,0,56,-3.9925,-0.0565
analemma,09.50 EET Jan-Jun,0,57,-3.9618,-0.1105
analemma,09.50 EET Jan-Jun,0,58,-3.9314,-0.1639
analemma,09.50 EET Jan-Jun,0,59,-3.9010,-0.2167
analemma,09.50 EET Jan-Jun,0,60,-3.8709,-0.2689
analemma,09.50 EET Jan-Jun,0,61,-3.8409,-0.3206
analemma,09.50 EET Jan-Jun,0,62,-3.8112,-0.3715
analemma,09.50 EET Jan-Jun,0,63,-3.7816,-0.4219
analemma,09.50 EET Jan-Jun,0,64,-3.7523,-0.4717
analemma,09.50 EET Jan-Jun,0,65,-3.7233,-0.5209
analemma,09.50 EET Jan-Jun,0,66,-3.6945,-0.5695
analemma,09.50 EET Jan-Jun,0,67,-3.6659,-0.6175
analemma,09.50 EET Jan-Jun,0,68,-3.6376,-0.6649
analemma,09.50 EET Jan-Jun,0,69,-3.6096,-0.7116
analemma,09.50 EET Jan-Jun,0,70,-3.5819,-0.7578
analemma,09.50 EET Jan-Jun,0,71,-3.5545,-0.8034
analemma,09.50 EET Jan-Jun,0,72,-3.5275,-0.8484
analemma,09.50 EET Jan-Jun,0,73,-3.5007,-0.8929
analemma,09.50 EET Jan-Jun,0,74,-3.4742,-0.9367
analemma,09.50 EET Jan-Jun,0,75,-3.4481,-0.9800
analemma,09.50 EET Jan-Jun,0,76,-3.3969,-1.0649
analemma,09.50 EET Jan-Jun,0,77,-3.3470,-1.1475
analemma,09.50 EET Jan-Jun,0,78,-3.2986,-1.2279
analemma,09.50 EET Jan-Jun,0,79,-3.2516,-1.3062
analemma,09.50 EET Jan-Jun,0,80,-3.2062,-1.3823
analemma,09.50 EET Jan-Jun,0,81,-3.1622,-1.4564
analemma,09.50 EET Jan-Jun,0,82,-3.1198,-1.5284
analemma,09.50 EET Jan-Jun,0,83,-3.0790,-1.5984
analemma,09.50 EET Jan-Jun,0,84,-3.0398,-1.6665
analemma,09.50 EET Jan-Jun,0,85,-3.0021,-1.7326
analemma,09.50 EET Jan-Jun,0,86,-2.9661,-1.7968
analemma,09.50 EET Jan-Jun,0,87,-2.9317,-1.8591
analemma,09.50 EET Jan-Jun,0,88,-2.8989,-1.9196
analemma,09.50 EET Jan-Jun,0,89,-2.8678,-1.9782
analemma,09.50 EET Jan-Jun,0,90,-2.8383,-2.0351
analemma,09.50 EET Jan-Jun,0,91,-2.8104,-2.0901
analemma,09.50 EET Jan-Jun,0,92,-2.7841,-2.1434
analemma,09.50 EET Jan-Jun,0,93,-2.7595,-2.1949
analemma,09.50 EET Jan-Jun,0,94,-2.7365,-2.2447
analemma,09.50 EET Jan-Jun,0,95,-2.7152,-2.2927
analemma,09.50 EET Jan-Jun,0,96,-2.6954,-2.3389
analemma,09.50 EET Jan-Jun,0,97,-2.6688,-2.4050
analemma,09.50 EET Jan-Jun,0,98,-2.6457,-2.4672
analemma,09.50 EET Jan-Jun,0,99,-2.6261,-2.5253
analemma,09.50 EET Jan-Jun,0,100,-2.6100,-2.5795
analemma,09.50 EET Jan-Jun,0,101,-2.5972,-2.6296
analemma,09.50 EET Jan-Jun,0,102,-2.5852,-2.6899
analemma,09.50 EET Jan-Jun,0,103,-2.5787,-2.7426
analemma,09.50 EET Jan-Jun,0,104,-2.5779,-2.7977
analemma,09.50 EET Jan-Jun,0,105,-2.5870,-2.8472
analemma,09.50 EET Jan-Jun,0,106,-2.6228,-2.8876
analemma,09.50 EET Jan-Jun,0,107,-2.6723,-2.8770
analemma,09.50 EET Jul-Dec,0,0,-2.6786,-2.8730
analemma,09.50 EET Jul-Dec,0,1,-2.7186,-2.8370
analemma,09.50 EET Jul-Dec,0,2,-2.7542,-2.7912
analemma,09.50 EET Jul-Dec,0,3,-2.7835,-2.7443
analemma,09.50 EET Jul-Dec,0,4,-2.8130,-2.6883
analemma,09.50 EET Jul-Dec,0,5,-2.8350,-2.6404
analemma,09.50 EET Jul-Dec,0,6,-2.8568,-2.5875
analemma,09.50 EET Jul-Dec,0,7,-2.8782,-2.5298
analemma,09.50 EET Jul-Dec,0,8,-2.8991,-2.4672
analemma,09.50 EET Jul-Dec,0,9,-2.9194,-2.3999
analemma,09.50 EET Jul-Dec,0,10,-2.9389,-2.3281
analemma,09.50 EET Jul-Dec,0,11,-2.9515,-2.2777
analemma,09.50 EET Jul-Dec,0,12,-2.9637,-2.2253
analemma,09.50 EET Jul-Dec,0,13,-2.9756,-2.1710
analemma,09.50 EET Jul-Dec,0,14,-2.9870,-2.1149
analemma,09.50 EET Jul-Dec,0,15,-2.9982,-2.0569
analemma,09.50 EET Jul-Dec,0,16,-3.0089,-1.9970
analemma,09.50 EET Jul-Dec,0,17,-3.0193,-1.9354
analemma,09.50 EET Jul-Dec,0,18,-3.0293,-1.8721
analemma,09.50 EET Jul-Dec,0,19,-3.0390,-1.8070
analemma,09.50 EET Jul-Dec,0,20,-3.0484,-1.7403
analemma,09.50 EET Jul-Dec,0,21,-3.0575,-1.6719
analemma,09.50 EET Jul-Dec,0,22,-3.0663,-1.6018
analemma,09.50 EET Jul-Dec,0,23,-3.0749,-1.5302
analemma,09.50 EET Jul-Dec,0,24,-3.0833,-1.4570
analemma,09.50 EET Jul-Dec,0,25,-3.0915,-1.3823
analemma,09.50 EET Jul-Dec,0,26,-3.0997,-1.3060
analemma,09.50 EET Jul-Dec,0,27,-3.1078,-1.2283
analemma,09.50 EET Jul-Dec,0,28,-3.1158,-1.1490
analemma,09.50 EET Jul-Dec,0,29,-3.1240,-1.0683
analemma,09.50 EET Jul-Dec,0,30,-3.1322,-0.9861
analemma,09.50 EET Jul-Dec,0,31,-3.1405,-0.9025
analemma,09.50 EET Jul-Dec,0,32,-3.1491,-0.8175
analemma,09.50 EET Jul-Dec,0,33,-3.1580,-0.7310
analemma,09.50 EET Jul-Dec,0,34,-3.1672,-0.6431
analemma,09.50 EET Jul-Dec,0,35,-3.1769,-0.5539
analemma,09.50 EET Jul-Dec,0,36,-3.1871,-0.4633
analemma,09.50 EET Jul-Dec,0,37,-3.1978,-0.3713
analemma,09.50 EET Jul-Dec,0,38,-3.2092,-0.2779
analemma,09.50 EET Jul-Dec,0,39,-3.2213,-0.1832
analemma,09.50 EET Jul-Dec,0,40,-3.2343,-0.0871
analemma,09.50 EET Jul-Dec,0,41,-3.2482,0.0102
analemma,09.50 EET Jul-Dec,0,42,-3.2631,0.1089
analemma,09.50 EET Jul-Dec,0,43,-3.2709,0.1587
analemma,09.50 EET Jul-Dec,0,44,-3.2790,0.2088
analemma,09.50 EET Jul-Dec,0,45,-3.2874,0.2592
analemma,09.50 EET Jul-Dec,0,46,-3.2962,0.3099
analemma,09.50 EET Jul-Dec,0,47,-3.3052,0.3610
analemma,09.50 EET Jul-Dec,0,48,-3.3146,0.4123
analemma,09.50 EET Jul-Dec,0,49,-3.3243,0.4639
analemma,09.50 EET Jul-Dec,0,50,-3.3343,0.5158
analemma,09.50 EET Jul-Dec,0,51,-3.3447,0.5680
analemma,09.50 EET Jul-Dec,0,52,-3.3555,0.6205
analemma,09.50 EET Jul-Dec,0,53,-3.3667,0.6732
analemma,09.50 EET Jul-Dec,0,54,-3.3782,0.7262
analemma,09.50 EET Jul-Dec,0,55,-3.3902,0.7794
analemma,09.50 EET Jul-Dec,0,56,-3.4025,0.8329
analemma,09.50 EET Jul-Dec,0,57,-3.4153,0.8866
analemma,09.50 EET Jul-Dec,0,58,-3.4285,0.9405
analemma,09.50 EET Jul-Dec,0,59,-3.4422,0.9946
analemma,09.50 EET Jul-Dec,0,60,-3.4563,1.0489
analemma,09.50 EET Jul-Dec,0,61,-3.4709,1.1034
analemma,09.50 EET Jul-Dec,0,62,-3.4859,1.1581
analemma,09.50 EET Jul-Dec,0,63,-3.5014,1.2129
analemma,09.50 EET Jul-Dec,0,64,-3.5174,1.2678
analemma,09.50 EET Jul-Dec,0,65,-3.5338,1.3229
analemma,09.50 EET Jul-Dec,0,66,-3.5508,1.3780
analemma,09.50 EET Jul-Dec,0,67,-3.5682,1.4332
analemma,09.50 EET Jul-Dec,0,68,-3.5862,1.4885
analemma,09.50 EET Jul-Dec,0,69,-3.6047,1.5438
analemma,09.50 EET Jul-Dec,0,70,-3.6236,1.5992
analemma,09.50 EET Jul-Dec,0,71,-3.6431,1.6545
analemma,09.50 EET Jul-Dec,0,72,-3.6631,1.7097
analemma,09.50 EET Jul-Dec,0,73,-3.6836,1.7649
analemma,09.50 EET Jul-Dec,0,74,-3.7046,1.8200
analemma,09.50 EET Jul-Dec,0,75,-3.7262,1.8750
analemma,09.50 EET Jul-Dec,0,76,-3.7482,1.9297
analemma,09.50 EET Jul-Dec,0,77,-3.7707,1.9843
analemma,09.50 EET Jul-Dec,0,78,-3.7938,2.0387
analemma,09.50 EET Jul-Dec,0,79,-3.8173,2.0928
analemma,09.50 EET Jul-Dec,0,80,-3.8413,2.1465
analemma,09.50 EET Jul-Dec,0,81,-3.8659,2.2000
analemma,09.50 EET Jul-Dec,0,82,-3.8908,2.2530
analemma,09.50 EET Jul-Dec,0,83,-3.9163,2.3056
analemma,09.50 EET Jul-Dec,0,84,-3.9421,2.3577
analemma,09.50 EET Jul-Dec,0,85,-3.9684,2.4092
analemma,09.50 EET Jul-Dec,0,86,-3.9952,2.4602
analemma,09.50 EET Jul-Dec,0,87,-4.0223,2.5106
analemma,09.50 EET Jul-Dec,0,88,-4.0498,2.5603
analemma,09.50 EET Jul-Dec,0,89,-4.0777,2.6092
analemma,09.50 EET Jul-Dec,0,90,-4.1059,2.6574
analemma,09.50 EET Jul-Dec,0,91,-4.1344,2.7047
analemma,09.50 EET Jul-Dec,0,92,-4.1632,2.7511
analemma,09.50 EET Jul-Dec,0,93,-4.1923,2.7966
analemma,09.50 EET Jul-Dec,0,94,-4.2216,2.8411
analemma,09.50 EET Jul-Dec,0,95,-4.2511,2.8845
analemma,09.50 EET Jul-Dec,0,96,-4.2808,2.9267
analemma,09.50 EET Jul-Dec,0,97,-4.3106,2.9678
analemma,09.50 EET Jul-Dec,0,98,-4.3706,3.0461
analemma,09.50 EET Jul-Dec,0,99,-4.4307,3.1189
analemma,09.50 EET Jul-Dec,0,100,-4.4907,3.1858
analemma,09.50 EET Jul-Dec,0,101,-4.5502,3.2462
analemma,09.50 EET Jul-Dec,0,102,-4.6088,3.2998
analemma,09.50 EET Jul-Dec,0,103,-4.6663,3.3460
analemma,09.50 EET Jul-Dec,0,104,-4.7222,3.3845
analemma,09.50 EET Jul-Dec,0,105,-4.7762,3.4150
analemma,09.50 EET Jul-Dec,0,106,-4.8279,3.4370
analemma,09.50 EET Jul-Dec,0,107,-4.8769,3.4504
analemma,09.50 EET Jul-Dec,0,108,-4.9447,3.4538
analemma,09.50 EET Jul-Dec,0,109,-5.0046,3.4368
analemma,09.50 EET Jul-Dec,0,110,-5.0226,3.4266
analemma,10.00 EET Jan-Jun,0,0,-3.6546,2.9384
analemma,10.00 EET Jan-Jun,0,1,-3.6918,2.8877
analemma,10.00 EET Jan-Jun,0,2,-3.7219,2.8205
analemma,10.00 EET Jan-Jun,0,3,-3.7378,2.7670
analemma,10.00 EET Jan-Jun,0,4,-3.7503,2.7067
analemma,10.00 EET Jan-Jun,0,5,-3.7592,2.6401
analemma,10.00 EET Jan-Jun,0,6,-3.7647,2.5675
analemma,10.00 EET Jan-Jun,0,7,-3.7666,2.4893
analemma,10.00 EET Jan-Jun,0,8,-3.7650,2.4059
analemma,10.00 EET Jan-Jun,0,9,-3.7599,2.3178
analemma,10.00 EET Jan-Jun,0,10,-3.7515,2.2253
analemma,10.00 EET Jan-Jun,0,11,-3.7396,2.1290
analemma,10.00 EET Jan-Jun,0,12,-3.7246,2.0293
analemma,10.00 EET Jan-Jun,0,13,-3.7159,1.9784
analemma,10.00 EET Jan-Jun,0,14,-3.7065,1.9267
analemma,10.00 EET Jan-Jun,0,15,-3.6963,1.8744
analemma,10.00 EET Jan-Jun,0,16,-3.6854,1.8216
analemma,10.00 EET Jan-Jun,0,17,-3.6738,1.7682
analemma,10.00 EET Jan-Jun,0,18,-3.6616,1.7144
analemma,10.00 EET Jan-Jun,0,19,-3.6487,1.6601
analemma,10.00 EET Jan-Jun,0,20,-3.6351,1.6055
analemma,10.00 EET Jan-Jun,0,21,-3.6209,1.5505
analemma,10.00 EET Jan-Jun,0,22,-3.6062,1.4953
analemma,10.00 EET Jan-Jun,0,23,-3.5909,1.4399
analemma,10.00 EET Jan-Jun,0,24,-3.5750,1.3842
analemma,10.00 EET Jan-Jun,0,25,-3.5586,1.3285
analemma,10.00 EET Jan-Jun,0,26,-3.5418,1.2726
analemma,10.00 EET Jan-Jun,0,27,-3.5244,1.2166
analemma,10.00 EET Jan-Jun,0,28,-3.5066,1.1607
analemma,10.00 EET Jan-Jun,0,29,-3.4884,1.1048
analemma,10.00 EET Jan-Jun,0,30,-3.4698,1.0489
analemma,10.00 EET Jan-Jun,0,31,-3.4508,0.9931
analemma,10.00 EET Jan-Jun,0,32,-3.4314,0.9374
analemma,10.00 EET Jan-Jun,0,33,-3.4117,0.8818
analemma,10.00 EET Jan-Jun,0,34,-3.3917,0.8264
analemma,10.00 EET Jan-Jun,0,35,-3.3714,0.7712
analemma,10.00 EET Jan-Jun,0,36,-3.3509,0.7163
analemma,10.00 EET Jan-Jun,0,37,-3.3301,0.6616
analemma,10.00 EET Jan-Jun,0,38,-3.3091,0.6071
analemma,10.00 EET Jan-Jun,0,39,-3.2879,0.5530
analemma,10.00 EET Jan-Jun,0,40,-3.2665,0.4992
analemma,10.00 EET Jan-Jun,0,41,-3.2449,0.4457
analemma,10.00 EET Jan-Jun,0,42,-3.2232,0.3925
analemma,10.00 EET Jan-Jun,0,43,-3.2014,0.3397
analemma,10.00 EET Jan-Jun,0,44,-3.1794,0.2873
analemma,10.00 EET Jan-Jun,0,45,-3.1574,0.2353
analemma,10.00 EET Jan-Jun,0,46,-3.1353,0.1836
analemma,10.00 EET Jan-Jun,0,47,-3.1132,0.1324
analemma,10.00 EET Jan-Jun,0,48,-3.0910,0.0816
analemma,10.00 EET Jan-Jun,0,49,-3.0688,0.0313
analemma,10.00 EET Jan-Jun,0,50,-3.0466,-0.0186
analemma,10.00 EET Jan-Jun,0,51,-3.0244,-0.0681
analemma,10.00 EET Jan-Jun,0,52,-3.0023,-0.1171
analemma,10.00 EET Jan-Jun,0,53,-2.9802,-0.1656
analemma,10.00 EET Jan-Jun,0,54,-2.9581,-0.2137
analemma,10.00 EET Jan-Jun,0,55,-2.9361,-0.2612
analemma,10.00 EET Jan-Jun,0,56,-2.9142,-0.3084
analemma,10.00 EET Jan-Jun,0,57,-2.8923,-0.3550
analemma,10.00 EET Jan-Jun,0,58,-2.8706,-0.4012
analemma,10.00 EET Jan-Jun,0,59,-2.8490,-0.4468
analemma,10.00 EET Jan-Jun,0,60,-2.8275,-0.4920
analemma,10.00 EET Jan-Jun,0,61,-2.7850,-0.5809
analemma,10.00 EET Jan-Jun,0,62,-2.7431,-0.6679
analemma,10.00 EET Jan-Jun,0,63,-2.7018,-0.7530
analemma,10.00 EET Jan-Jun,0,64,-2.6613,-0.8361
analemma,10.00 EET Jan-Jun,0,65,-2.6217,-0.9172
analemma,10.00 EET Jan-Jun,0,66,-2.5829,-0.9965
analemma,10.00 EET Jan-Jun,0,67,-2.5451,-1.0739
analemma,10.00 EET Jan-Jun,0,68,-2.5082,-1.1494
analemma,10.00 EET Jan-Jun,0,69,-2.4723,-1.2231
analemma,10.00 EET Jan-Jun,0,70,-2.4375,-1.2949
analemma,10.00 EET Jan-Jun,0,71,-2.4038,-1.3650
analemma,10.00 EET Jan-Jun,0,72,-2.3712,-1.4333
analemma,10.00 EET Jan-Jun,0,73,-2.3397,-1.4998
analemma,10.00 EET Jan-Jun,0,74,-2.3094,-1.5645
analemma,10.00 EET Jan-Jun,0,75,-2.2803,-1.6276
analemma,10.00 EET Jan-Jun,0,76,-2.2524,-1.6889
analemma,10.00 EET Jan-Jun,0,77,-2.2258,-1.7486
analemma,10.00 EET Jan-Jun,0,78,-2.2004,-1.8065
analemma,10.00 EET Jan-Jun,0,79,-2.1763,-1.8629
analemma,10.00 EET Jan-Jun,0,80,-2.1534,-1.9175
analemma,10.00 EET Jan-Jun,0,81,-2.1318,-1.9705
analemma,10.00 EET Jan-Jun,0,82,-2.1115,-2.0219
analemma,10.00 EET Jan-Jun,0,83,-2.0925,-2.0716
analemma,10.00 EET Jan-Jun,0,84,-2.0748,-2.1197
analemma,10.00 EET Jan-Jun,0,85,-2.0506,-2.1888
analemma,10.00 EET Jan-Jun,0,86,-2.0294,-2.2541
analemma,10.00 EET Jan-Jun,0,87,-2.0110,-2.3157
analemma,10.00 EET Jan-Jun,0,88,-1.9955,-2.3735
analemma,10.00 EET Jan-Jun,0,89,-1.9827,-2.4275
analemma,10.00 EET Jan-Jun,0,90,-1.9727,-2.4775
analemma,10.00 EET Jan-Jun,0,91,-1.9635,-2.5381
analemma,10.00 EET Jan-Jun,0,92,-1.9588,-2.5915
analemma,10.00 EET Jan-Jun,0,93,-1.9589,-2.6477
analemma,10.00 EET Jan-Jun,0,94,-1.9671,-2.6994
analemma,10.00 EET Jan-Jun,0,95,-1.9935,-2.7432
analemma,10.00 EET Jan-Jun,0,96,-2.0481,-2.7358
analemma,10.00 EET Jul-Dec,0,0,-2.0533,-2.7318
analemma,10.00 EET Jul-Dec,0,1,-2.0917,-2.6881
analemma,10.00 EET Jul-Dec,0,2,-2.1201,-2.6408
analemma,10.00 EET Jul-Dec,0,3,-2.1427,-2.5934
analemma,10.00 EET Jul-Dec,0,4,-2.1649,-2.5377
analemma,10.00 EET Jul-Dec,0,5,-2.1863,-2.4738
analemma,10.00 EET Jul-Dec,0,6,-2.2016,-2.4206
analemma,10.00 EET Jul-Dec,0,7,-2.2162,-2.3629
analemma,10.00 EET Jul-Dec,0,8,-2.2300,-2.3010
analemma,10.00 EET Jul-Dec,0,9,-2.2429,-2.2349
analemma,10.00 EET Jul-Dec,0,10,-2.2549,-2.1646
analemma,10.00 EET Jul-Dec,0,11,-2.2660,-2.0904
analemma,10.00 EET Jul-Dec,0,12,-2.2728,-2.0387
analemma,10.00 EET Jul-Dec,0,13,-2.2791,-1.9854
analemma,10.00 EET Jul-Dec,0,14,-2.2851,-1.9304
analemma,10.00 EET Jul-Dec,0,15,-2.2906,-1.8737
analemma,10.00 EET Jul-Dec,0,16,-2.2957,-1.8155
analemma,10.00 EET Jul-Dec,0,17,-2.3004,-1.7557
analemma,10.00 EET Jul-Dec,0,18,-2.3047,-1.6944
analemma,10.00 EET Jul-Dec,0,19,-2.3087,-1.6315
analemma,10.00 EET Jul-Dec,0,20,-2.3123,-1.5672
analemma,10.00 EET Jul-Dec,0,21,-2.3157,-1.5014
analemma,10.00 EET Jul-Dec,0,22,-2.3187,-1.4341
analemma,10.00 EET Jul-Dec,0,23,-2.3215,-1.3655
analemma,10.00 EET Jul-Dec,0,24,-2.3241,-1.2954
analemma,10.00 EET Jul-Dec,0,25,-2.3266,-1.2240
analemma,10.00 EET Jul-Dec,0,26,-2.3289,-1.1512
analemma,10.00 EET Jul-Dec,0,27,-2.3312,-1.0770
analemma,10.00 EET Jul-Dec,0,28,-2.3334,-1.0016
analemma,10.00 EET Jul-Dec,0,29,-2.3356,-0.9248
analemma,10.00 EET Jul-Dec,0,30,-2.3380,-0.8467
analemma,10.00 EET Jul-Dec,0,31,-2.3404,-0.7673
analemma,10.00 EET Jul-Dec,0,32,-2.3431,-0.6866
analemma,10.00 EET Jul-Dec,0,33,-2.3460,-0.6047
analemma,10.00 EET Jul-Dec,0,34,-2.3492,-0.5215
analemma,10.00 EET Jul-Dec,0,35,-2.3528,-0.4371
analemma,10.00 EET Jul-Dec,0,36,-2.3569,-0.3514
analemma,10.00 EET Jul-Dec,0,37,-2.3615,-0.2646
analemma,10.00 EET Jul-Dec,0,38,-2.3666,-0.1765
analemma,10.00 EET Jul-Dec,0,39,-2.3725,-0.0873
analemma,10.00 EET Jul-Dec,0,40,-2.3790,0.0030
analemma,10.00 EET Jul-Dec,0,41,-2.3864,0.0945
analemma,10.00 EET Jul-Dec,0,42,-2.3947,0.1870
analemma,10.00 EET Jul-Dec,0,43,-2.4039,0.2806
analemma,10.00 EET Jul-Dec,0,44,-2.4142,0.3752
analemma,10.00 EET Jul-Dec,0,45,-2.4255,0.4707
analemma,10.00 EET Jul-Dec,0,46,-2.4381,0.5670
analemma,10.00 EET Jul-Dec,0,47,-2.4519,0.6642
analemma,10.00 EET Jul-Dec,0,48,-2.4671,0.7621
analemma,10.00 EET Jul-Dec,0,49,-2.4836,0.8606
analemma,10.00 EET Jul-Dec,0,50,-2.4924,0.9100
analemma,10.00 EET Jul-Dec,0,51,-2.5016,0.9596
analemma,10.00 EET Jul-Dec,0,52,-2.5112,1.0092
analemma,10.00 EET Jul-Dec,0,53,-2.5211,1.0590
analemma,10.00 EET Jul-Dec,0,54,-2.5314,1.1088
analemma,10.00 EET Jul-Dec,0,55,-2.5422,1.1587
analemma,10.00 EET Jul-Dec,0,56,-2.5533,1.2085
analemma,10.00 EET Jul-Dec,0,57,-2.5648,1.2584
analemma,10.00 EET Jul-Dec,0,58,-2.5768,1.3083
analemma,10.00 EET Jul-Dec,0,59,-2.5892,1.3581
analemma,10.00 EET Jul-Dec,0,60,-2.6019,1.4079
analemma,10.00 EET Jul-Dec,0,61,-2.6151,1.4575
analemma,10.00 EET Jul-Dec,0,62,-2.6287,1.5071
analemma,10.00 EET Jul-Dec,0,63,-2.6428,1.5565
analemma,10.00 EET Jul-Dec,0,64,-2.6573,1.6058
analemma,10.00 EET Jul-Dec,0,65,-2.6721,1.6548
analemma,10.00 EET Jul-Dec,0,66,-2.6874,1.7036
analemma,10.00 EET Jul-Dec,0,67,-2.7032,1.7522
analemma,10.00 EET Jul-Dec,0,68,-2.7193,1.8004
analemma,10.00 EET Jul-Dec,0,69,-2.7358,1.8483
analemma,10.00 EET Jul-Dec,0,70,-2.7528,1.8958
analemma,10.00 EET Jul-Dec,0,71,-2.7701,1.9430
analemma,10.00 EET Jul-Dec,0,72,-2.8060,2.0358
analemma,10.00 EET Jul-Dec,0,73,-2.8433,2.1266
analemma,10.00 EET Jul-Dec,0,74,-2.8821,2.2149
analemma,10.00 EET Jul-Dec,0,75,-2.9222,2.3003
analemma,10.00 EET Jul-Dec,0,76,-2.9634,2.3826
analemma,10.00 EET Jul-Dec,0,77,-3.0057,2.4613
analemma,10.00 EET Jul-Dec,0,78,-3.0489,2.5360
analemma,10.00 EET Jul-Dec,0,79,-3.0928,2.6064
analemma,10.00 EET Jul-Dec,0,80,-3.1372,2.6720
analemma,10.00 EET Jul-Dec,0,81,-3.1819,2.7325
analemma,10.00 EET Jul-Dec,0,82,-3.2266,2.7874
analemma,10.00 EET Jul-Dec,0,83,-3.2712,2.8364
analemma,10.00 EET Jul-Dec,0,84,-3.3154,2.8791
analemma,10.00 EET Jul-Dec,0,85,-3.3589,2.9153
analemma,10.00 EET Jul-Dec,0,86,-3.4015,2.9446
analemma,10.00 EET Jul-Dec,0,87,-3.4630,2.9752
analemma,10.00 EET Jul-Dec,0,88,-3.5208,2.9890
analemma,10.00 EET Jul-Dec,0,89,-3.5743,2.9856
analemma,10.00 EET Jul-Dec,0,90,-3.6224,2.9649
analemma,10.00 EET Jul-Dec,0,91,-3.6371,2.9542
analemma,10.50 EET Jan-Jun,0,0,-2.5508,2.6344
analemma,10.50 EET Jan-Jun,0,1,-2.5850,2.5845
analemma,10.50 EET Jan-Jun,0,2,-2.6141,2.5203
analemma,10.50 EET Jan-Jun,0,3,-2.6305,2.4698
analemma,10.50 EET Jan-Jun,0,4,-2.6444,2.4135
analemma,10.50 EET Jan-Jun,0,5,-2.6557,2.3516
analemma,10.50 EET Jan-Jun,0,6,-2.6644,2.2847
analemma,10.50 EET Jan-Jun,0,7,-2.6705,2.2128
analemma,10.50 EET Jan-Jun,0,8,-2.6739,2.1365
analemma,10.50 EET Jan-Jun,0,9,-2.6747,2.0562
analemma,10.50 EET Jan-Jun,0,10,-2.6729,1.9721
analemma,10.50 EET Jan-Jun,0,11,-2.6685,1.8847
analemma,10.50 EET Jan-Jun,0,12,-2.6616,1.7943
analemma,10.50 EET Jan-Jun,0,13,-2.6523,1.7014
analemma,10.50 EET Jan-Jun,0,14,-2.6406,1.6063
analemma,10.50 EET Jan-Jun,0,15,-2.6268,1.5094
analemma,10.50 EET Jan-Jun,0,16,-2.6108,1.4110
analemma,10.50 EET Jan-Jun,0,17,-2.6020,1.3613
analemma,10.50 EET Jan-Jun,0,18,-2.5928,1.3114
analemma,10.50 EET Jan-Jun,0,19,-2.5831,1.2613
analemma,10.50 EET Jan-Jun,0,20,-2.5729,1.2109
analemma,10.50 EET Jan-Jun,0,21,-2.5623,1.1605
analemma,10.50 EET Jan-Jun,0,22,-2.5513,1.1100
analemma,10.50 EET Jan-Jun,0,23,-2.5399,1.0593
analemma,10.50 EET Jan-Jun,0,24,-2.5281,1.0087
analemma,10.50 EET Jan-Jun,0,25,-2.5159,0.9580
analemma,10.50 EET Jan-Jun,0,26,-2.5034,0.9073
analemma,10.50 EET Jan-Jun,0,27,-2.4905,0.8567
analemma,10.50 EET Jan-Jun,0,28,-2.4773,0.8062
analemma,10.50 EET Jan-Jun,0,29,-2.4638,0.7557
analemma,10.50 EET Jan-Jun,0,30,-2.4501,0.7054
analemma,10.50 EET Jan-Jun,0,31,-2.4360,0.6553
analemma,10.50 EET Jan-Jun,0,32,-2.4217,0.6053
analemma,10.50 EET Jan-Jun,0,33,-2.4072,0.5555
analemma,10.50 EET Jan-Jun,0,34,-2.3925,0.5059
analemma,10.50 EET Jan-Jun,0,35,-2.3775,0.4565
analemma,10.50 EET Jan-Jun,0,36,-2.3624,0.4073
analemma,10.50 EET Jan-Jun,0,37,-2.3471,0.3585
analemma,10.50 EET Jan-Jun,0,38,-2.3316,0.3099
analemma,10.50 EET Jan-Jun,0,39,-2.3160,0.2616
analemma,10.50 EET Jan-Jun,0,40,-2.3003,0.2136
analemma,10.50 EET Jan-Jun,0,41,-2.2844,0.1659
analemma,10.50 EET Jan-Jun,0,42,-2.2524,0.0715
analemma,10.50 EET Jan-Jun,0,43,-2.2201,-0.0215
analemma,10.50 EET Jan-Jun,0,44,-2.1877,-0.1131
analemma,10.50 EET Jan-Jun,0,45,-2.1551,-0.2032
analemma,10.50 EET Jan-Jun,0,46,-2.1226,-0.2917
analemma,10.50 EET Jan-Jun,0,47,-2.0902,-0.3787
analemma,10.50 EET Jan-Jun,0,48,-2.0579,-0.4640
analemma,10.50 EET Jan-Jun,0,49,-2.0259,-0.5477
analemma,10.50 EET Jan-Jun,0,50,-1.9942,-0.6298
analemma,10.50 EET Jan-Jun,0,51,-1.9629,-0.7102
analemma,10.50 EET Jan-Jun,0,52,-1.9321,-0.7890
analemma,10.50 EET Jan-Jun,0,53,-1.9018,-0.8661
analemma,10.50 EET Jan-Jun,0,54,-1.8720,-0.9415
analemma,10.50 EET Jan-Jun,0,55,-1.8429,-1.0154
analemma,10.50 EET Jan-Jun,0,56,-1.8145,-1.0876
analemma,10.50 EET Jan-Jun,0,57,-1.7867,-1.1581
analemma,10.50 EET Jan-Jun,0,58,-1.7598,-1.2271
analemma,10.50 EET Jan-Jun,0,59,-1.7336,-1.2944
analemma,10.50 EET Jan-Jun,0,60,-1.7083,-1.3602
analemma,10.50 EET Jan-Jun,0,61,-1.6838,-1.4243
analemma,10.50 EET Jan-Jun,0,62,-1.6602,-1.4869
analemma,10.50 EET Jan-Jun,0,63,-1.6375,-1.5479
analemma,10.50 EET Jan-Jun,0,64,-1.6158,-1.6074
analemma,10.50 EET Jan-Jun,0,65,-1.5950,-1.6653
analemma,10.50 EET Jan-Jun,0,66,-1.5753,-1.7217
analemma,10.50 EET Jan-Jun,0,67,-1.5565,-1.7765
analemma,10.50 EET Jan-Jun,0,68,-1.5387,-1.8297
analemma,10.50 EET Jan-Jun,0,69,-1.5220,-1.8815
analemma,10.50 EET Jan-Jun,0,70,-1.5063,-1.9317
analemma,10.50 EET Jan-Jun,0,71,-1.4917,-1.9803
analemma,10.50 EET Jan-Jun,0,72,-1.4717,-2.0503
analemma,10.50 EET Jan-Jun,0,73,-1.4541,-2.1168
analemma,10.50 EET Jan-Jun,0,74,-1.4388,-2.1797
analemma,10.50 EET Jan-Jun,0,75,-1.4259,-2.2390
analemma,10.50 EET Jan-Jun,0,76,-1.4154,-2.2946
analemma,10.50 EET Jan-Jun,0,77,-1.4071,-2.3465
analemma,10.50 EET Jan-Jun,0,78,-1.3996,-2.4098
analemma,10.50 EET Jan-Jun,0,79,-1.3959,-2.4661
analemma,10.50 EET Jan-Jun,0,80,-1.3963,-2.5265
analemma,10.50 EET Jan-Jun,0,81,-1.4035,-2.5837
analemma,10.50 EET Jan-Jun,0,82,-1.4230,-2.6332
analemma,10.50 EET Jan-Jun,0,83,-1.4720,-2.6455
analemma,10.50 EET Jan-Jun,0,84,-1.4852,-2.6361
analemma,10.50 EET Jul-Dec,0,0,-1.4897,-2.6319
analemma,10.50 EET Jul-Dec,0,1,-1.5217,-2.5884
analemma,10.50 EET Jul-Dec,0,2,-1.5444,-2.5421
analemma,10.50 EET Jul-Dec,0,3,-1.5661,-2.4833
analemma,10.50 EET Jul-Dec,0,4,-1.5823,-2.4275
analemma,10.50 EET Jul-Dec,0,5,-1.5973,-2.3641
analemma,10.50 EET Jul-Dec,0,6,-1.6075,-2.3116
analemma,10.50 EET Jul-Dec,0,7,-1.6168,-2.2551
analemma,10.50 EET Jul-Dec,0,8,-1.6251,-2.1946
analemma,10.50 EET Jul-Dec,0,9,-1.6323,-2.1302
analemma,10.50 EET Jul-Dec,0,10,-1.6384,-2.0621
analemma,10.50 EET Jul-Dec,0,11,-1.6434,-1.9903
analemma,10.50 EET Jul-Dec,0,12,-1.6473,-1.9149
analemma,10.50 EET Jul-Dec,0,13,-1.6493,-1.8627
analemma,10.50 EET Jul-Dec,0,14,-1.6508,-1.8090
analemma,10.50 EET Jul-Dec,0,15,-1.6519,-1.7539
analemma,10.50 EET Jul-Dec,0,16,-1.6525,-1.6972
analemma,10.50 EET Jul-Dec,0,17,-1.6526,-1.6391
analemma,10.50 EET Jul-Dec,0,18,-1.6524,-1.5796
analemma,10.50 EET Jul-Dec,0,19,-1.6517,-1.5188
analemma,10.50 EET Jul-Dec,0,20,-1.6507,-1.4565
analemma,10.50 EET Jul-Dec,0,21,-1.6494,-1.3929
analemma,10.50 EET Jul-Dec,0,22,-1.6478,-1.3280
analemma,10.50 EET Jul-Dec,0,23,-1.6459,-1.2617
analemma,10.50 EET Jul-Dec,0,24,-1.6438,-1.1941
analemma,10.50 EET Jul-Dec,0,25,-1.6415,-1.1253
analemma,10.50 EET Jul-Dec,0,26,-1.6390,-1.0552
analemma,10.50 EET Jul-Dec,0,27,-1.6364,-0.9838
analemma,10.50 EET Jul-Dec,0,28,-1.6338,-0.9112
analemma,10.50 EET Jul-Dec,0,29,-1.6312,-0.8374
analemma,10.50 EET Jul-Dec,0,30,-1.6286,-0.7623
analemma,10.50 EET Jul-Dec,0,31,-1.6261,-0.6860
analemma,10.50 EET Jul-Dec,0,32,-1.6238,-0.6085
analemma,10.50 EET Jul-Dec,0,33,-1.6217,-0.5299
analemma,10.50 EET Jul-Dec,0,34,-1.6198,-0.4500
analemma,10.50 EET Jul-Dec,0,35,-1.6183,-0.3691
analemma,10.50 EET Jul-Dec,0,36,-1.6171,-0.2869
analemma,10.50 EET Jul-Dec,0,37,-1.6165,-0.2037
analemma,10.50 EET Jul-Dec,0,38,-1.6163,-0.1194
analemma,10.50 EET Jul-Dec,0,39,-1.6167,-0.0341
analemma,10.50 EET Jul-Dec,0,40,-1.6178,0.0523
analemma,10.50 EET Jul-Dec,0,41,-1.6196,0.1396
analemma,10.50 EET Jul-Dec,0,42,-1.6222,0.2279
analemma,10.50 EET Jul-Dec,0,43,-1.6257,0.3171
analemma,10.50 EET Jul-Dec,0,44,-1.6301,0.4070
analemma,10.50 EET Jul-Dec,0,45,-1.6355,0.4977
analemma,10.50 EET Jul-Dec,0,46,-1.6420,0.5891
analemma,10.50 EET Jul-Dec,0,47,-1.6497,0.6811
analemma,10.50 EET Jul-Dec,0,48,-1.6585,0.7735
analemma,10.50 EET Jul-Dec,0,49,-1.6686,0.8663
analemma,10.50 EET Jul-Dec,0,50,-1.6800,0.9593
analemma,10.50 EET Jul-Dec,0,51,-1.6928,1.0524
analemma,10.50 EET Jul-Dec,0,52,-1.7069,1.1454
analemma,10.50 EET Jul-Dec,0,53,-1.7226,1.2382
analemma,10.50 EET Jul-Dec,0,54,-1.7396,1.3305
analemma,10.50 EET Jul-Dec,0,55,-1.7582,1.4222
analemma,10.50 EET Jul-Dec,0,56,-1.7783,1.5131
analemma,10.50 EET Jul-Dec,0,57,-1.7999,1.6028
analemma,10.50 EET Jul-Dec,0,58,-1.8230,1.6912
analemma,10.50 EET Jul-Dec,0,59,-1.8476,1.7779
analemma,10.50 EET Jul-Dec,0,60,-1.8736,1.8626
analemma,10.50 EET Jul-Dec,0,61,-1.9010,1.9452
analemma,10.50 EET Jul-Dec,0,62,-1.9298,2.0251
analemma,10.50 EET Jul-Dec,0,63,-1.9598,2.1022
analemma,10.50 EET Jul-Dec,0,64,-1.9909,2.1761
analemma,10.50 EET Jul-Dec,0,65,-2.0231,2.2463
analemma,10.50 EET Jul-Dec,0,66,-2.0563,2.3127
analemma,10.50 EET Jul-Dec,0,67,-2.0902,2.3748
analemma,10.50 EET Jul-Dec,0,68,-2.1248,2.4323
analemma,10.50 EET Jul-Dec,0,69,-2.1599,2.4848
analemma,10.50 EET Jul-Dec,0,70,-2.1952,2.5320
analemma,10.50 EET Jul-Dec,0,71,-2.2307,2.5737
analemma,10.50 EET Jul-Dec,0,72,-2.2661,2.6095
analemma,10.50 EET Jul-Dec,0,73,-2.3187,2.6517
analemma,10.50 EET Jul-Dec,0,74,-2.3699,2.6794
analemma,10.50 EET Jul-Dec,0,75,-2.4191,2.6921
analemma,10.50 EET Jul-Dec,0,76,-2.4803,2.6850
analemma,10.50 EET Jul-Dec,0,77,-2.5352,2.6504
analemma,11.00 EET Jan-Jun,0,0,-1.6119,2.4446
analemma,11.00 EET Jan-Jun,0,1,-1.6453,2.3945
analemma,11.00 EET Jan-Jun,0,2,-1.6750,2.3314
analemma,11.00 EET Jan-Jun,0,3,-1.6926,2.2824
analemma,11.00 EET Jan-Jun,0,4,-1.7083,2.2281
analemma,11.00 EET Jan-Jun,0,5,-1.7220,2.1689
analemma,11.00 EET Jan-Jun,0,6,-1.7337,2.1051
analemma,11.00 EET Jan-Jun,0,7,-1.7434,2.0369
analemma,11.00 EET Jan-Jun,0,8,-1.7510,1.9648
analemma,11.00 EET Jan-Jun,0,9,-1.7564,1.8890
analemma,11.00 EET Jan-Jun,0,10,-1.7598,1.8099
analemma,11.00 EET Jan-Jun,0,11,-1.7611,1.7279
analemma,11.00 EET Jan-Jun,0,12,-1.7604,1.6432
analemma,11.00 EET Jan-Jun,0,13,-1.7577,1.5563
analemma,11.00 EET Jan-Jun,0,14,-1.7531,1.4674
analemma,11.00 EET Jan-Jun,0,15,-1.7466,1.3768
analemma,11.00 EET Jan-Jun,0,16,-1.7383,1.2850
analemma,11.00 EET Jan-Jun,0,17,-1.7283,1.1920
analemma,11.00 EET Jan-Jun,0,18,-1.7167,1.0983
analemma,11.00 EET Jan-Jun,0,19,-1.7035,1.0041
analemma,11.00 EET Jan-Jun,0,20,-1.6889,0.9095
analemma,11.00 EET Jan-Jun,0,21,-1.6730,0.8149
analemma,11.00 EET Jan-Jun,0,22,-1.6559,0.7204
analemma,11.00 EET Jan-Jun,0,23,-1.6377,0.6262
analemma,11.00 EET Jan-Jun,0,24,-1.6184,0.5325
analemma,11.00 EET Jan-Jun,0,25,-1.5982,0.4394
analemma,11.00 EET Jan-Jun,0,26,-1.5772,0.3470
analemma,11.00 EET Jan-Jun,0,27,-1.5555,0.2555
analemma,11.00 EET Jan-Jun,0,28,-1.5332,0.1650
analemma,11.00 EET Jan-Jun,0,29,-1.5103,0.0756
analemma,11.00 EET Jan-Jun,0,30,-1.4871,-0.0127
analemma,11.00 EET Jan-Jun,0,31,-1.4635,-0.0998
analemma,11.00 EET Jan-Jun,0,32,-1.4396,-0.1857
analemma,11.00 EET Jan-Jun,0,33,-1.4156,-0.2702
analemma,11.00 EET Jan-Jun,0,34,-1.3915,-0.3533
analemma,11.00 EET Jan-Jun,0,35,-1.3674,-0.4351
analemma,11.00 EET Jan-Jun,0,36,-1.3434,-0.5155
analemma,11.00 EET Jan-Jun,0,37,-1.3195,-0.5944
analemma,11.00 EET Jan-Jun,0,38,-1.2958,-0.6719
analemma,11.00 EET Jan-Jun,0,39,-1.2723,-0.7479
analemma,11.00 EET Jan-Jun,0,40,-1.2491,-0.8225
analemma,11.00 EET Jan-Jun,0,41,-1.2263,-0.8956
analemma,11.00 EET Jan-Jun,0,42,-1.2040,-0.9672
analemma,11.00 EET Jan-Jun,0,43,-1.1820,-1.0373
analemma,11.00 EET Jan-Jun,0,44,-1.1606,-1.1060
analemma,11.00 EET Jan-Jun,0,45,-1.1398,-1.1732
analemma,11.00 EET Jan-Jun,0,46,-1.1195,-1.2390
analemma,11.00 EET Jan-Jun,0,47,-1.0999,-1.3032
analemma,11.00 EET Jan-Jun,0,48,-1.0809,-1.3661
analemma,11.00 EET Jan-Jun,0,49,-1.0626,-1.4274
analemma,11.00 EET Jan-Jun,0,50,-1.0450,-1.4873
analemma,11.00 EET Jan-Jun,0,51,-1.0282,-1.5458
analemma,11.00 EET Jan-Jun,0,52,-1.0121,-1.6027
analemma,11.00 EET Jan-Jun,0,53,-0.9969,-1.6583
analemma,11.00 EET Jan-Jun,0,54,-0.9824,-1.7123
analemma,11.00 EET Jan-Jun,0,55,-0.9688,-1.7649
analemma,11.00 EET Jan-Jun,0,56,-0.9560,-1.8161
analemma,11.00 EET Jan-Jun,0,57,-0.9441,-1.8657
analemma,11.00 EET Jan-Jun,0,58,-0.9278,-1.9374
analemma,11.00 EET Jan-Jun,0,59,-0.9135,-2.0057
analemma,11.00 EET Jan-Jun,0,60,-0.9012,-2.0705
analemma,11.00 EET Jan-Jun,0,61,-0.8909,-2.1319
analemma,11.00 EET Jan-Jun,0,62,-0.8826,-2.1897
analemma,11.00 EET Jan-Jun,0,63,-0.8762,-2.2439
analemma,11.00 EET Jan-Jun,0,64,-0.8717,-2.2944
analemma,11.00 EET Jan-Jun,0,65,-0.8686,-2.3558
analemma,11.00 EET Jan-Jun,0,66,-0.8687,-2.4104
analemma,11.00 EET Jan-Jun,0,67,-0.8728,-2.4687
analemma,11.00 EET Jan-Jun,0,68,-0.8832,-2.5236
analemma,11.00 EET Jan-Jun,0,69,-0.9046,-2.5704
analemma,11.00 EET Jan-Jun,0,70,-0.9550,-2.5768
analemma,11.00 EET Jan-Jun,0,71,-0.9628,-2.5698
analemma,11.00 EET Jul-Dec,0,0,-0.9667,-2.5655
analemma,11.00 EET Jul-Dec,0,1,-0.9938,-2.5219
analemma,11.00 EET Jul-Dec,0,2,-1.0154,-2.4656
analemma,11.00 EET Jul-Dec,0,3,-1.0315,-2.4056
analemma,11.00 EET Jul-Dec,0,4,-1.0427,-2.3492
analemma,11.00 EET Jul-Dec,0,5,-1.0522,-2.2857
analemma,11.00 EET Jul-Dec,0,6,-1.0581,-2.2335
analemma,11.00 EET Jul-Dec,0,7,-1.0628,-2.1775
analemma,11.00 EET Jul-Dec,0,8,-1.0663,-2.1177
analemma,11.00 EET Jul-Dec,0,9,-1.0685,-2.0543
analemma,11.00 EET Jul-Dec,0,10,-1.0695,-1.9874
analemma,11.00 EET Jul-Dec,0,11,-1.0693,-1.9171
analemma,11.00 EET Jul-Dec,0,12,-1.0678,-1.8434
analemma,11.00 EET Jul-Dec,0,13,-1.0662,-1.7924
analemma,11.00 EET Jul-Dec,0,14,-1.0640,-1.7400
analemma,11.00 EET Jul-Dec,0,15,-1.0613,-1.6862
analemma,11.00 EET Jul-Dec,0,16,-1.0581,-1.6310
analemma,11.00 EET Jul-Dec,0,17,-1.0544,-1.5745
analemma,11.00 EET Jul-Dec,0,18,-1.0502,-1.5166
analemma,11.00 EET Jul-Dec,0,19,-1.0456,-1.4574
analemma,11.00 EET Jul-Dec,0,20,-1.0407,-1.3968
analemma,11.00 EET Jul-Dec,0,21,-1.0353,-1.3350
analemma,11.00 EET Jul-Dec,0,22,-1.0296,-1.2719
analemma,11.00 EET Jul-Dec,0,23,-1.0236,-1.2075
analemma,11.00 EET Jul-Dec,0,24,-1.0173,-1.1419
analemma,11.00 EET Jul-Dec,0,25,-1.0108,-1.0750
analemma,11.00 EET Jul-Dec,0,26,-1.0041,-1.0069
analemma,11.00 EET Jul-Dec,0,27,-0.9972,-0.9375
analemma,11.00 EET Jul-Dec,0,28,-0.9902,-0.8670
analemma,11.00 EET Jul-Dec,0,29,-0.9832,-0.7952
analemma,11.00 EET Jul-Dec,0,30,-0.9761,-0.7223
analemma,11.00 EET Jul-Dec,0,31,-0.9691,-0.6482
analemma,11.00 EET Jul-Dec,0,32,-0.9622,-0.5729
analemma,11.00 EET Jul-Dec,0,33,-0.9554,-0.4964
analemma,11.00 EET Jul-Dec,0,34,-0.9488,-0.4189
analemma,11.00 EET Jul-Dec,0,35,-0.9425,-0.3402
analemma,11.00 EET Jul-Dec,0,36,-0.9365,-0.2604
analemma,11.00 EET Jul-Dec,0,37,-0.9309,-0.1795
analemma,11.00 EET Jul-Dec,0,38,-0.9258,-0.0977
analemma,11.00 EET Jul-Dec,0,39,-0.9211,-0.0148
analemma,11.00 EET Jul-Dec,0,40,-0.9171,0.0691
analemma,11.00 EET Jul-Dec,0,41,-0.9137,0.1538
analemma,11.00 EET Jul-Dec,0,42,-0.9110,0.2394
analemma,11.00 EET Jul-Dec,0,43,-0.9091,0.3258
analemma,11.00 EET Jul-Dec,0,44,-0.9081,0.4130
analemma,11.00 EET Jul-Dec,0,45,-0.9080,0.5007
analemma,11.00 EET Jul-Dec,0,46,-0.9089,0.5890
analemma,11.00 EET Jul-Dec,0,47,-0.9108,0.6778
analemma,11.00 EET Jul-Dec,0,48,-0.9139,0.7668
analemma,11.00 EET Jul-Dec,0,49,-0.9181,0.8561
analemma,11.00 EET Jul-Dec,0,50,-0.9236,0.9454
analemma,11.00 EET Jul-Dec,0,51,-0.9303,1.0347
analemma,11.00 EET Jul-Dec,0,52,-0.9384,1.1236
analemma,11.00 EET Jul-Dec,0,53,-0.9479,1.2121
analemma,11.00 EET Jul-Dec,0,54,-0.9588,1.2999
analemma,11.00 EET Jul-Dec,0,55,-0.9711,1.3869
analemma,11.00 EET Jul-Dec,0,56,-0.9848,1.4727
analemma,11.00 EET Jul-Dec,0,57,-1.0000,1.5571
analemma,11.00 EET Jul-Dec,0,58,-1.0167,1.6400
analemma,11.00 EET Jul-Dec,0,59,-1.0348,1.7209
analemma,11.00 EET Jul-Dec,0,60,-1.0543,1.7996
analemma,11.00 EET Jul-Dec,0,61,-1.0752,1.8757
analemma,11.00 EET Jul-Dec,0,62,-1.0974,1.9491
analemma,11.00 EET Jul-Dec,0,63,-1.1209,2.0194
analemma,11.00 EET Jul-Dec,0,64,-1.1456,2.0862
analemma,11.00 EET Jul-Dec,0,65,-1.1714,2.1492
analemma,11.00 EET Jul-Dec,0,66,-1.1982,2.2081
analemma,11.00 EET Jul-Dec,0,67,-1.2258,2.2626
analemma,11.00 EET Jul-Dec,0,68,-1.2543,2.3124
analemma,11.00 EET Jul-Dec,0,69,-1.2833,2.3571
analemma,11.00 EET Jul-Dec,0,70,-1.3277,2.4143
analemma,11.00 EET Jul-Dec,0,71,-1.3726,2.4588
analemma,11.00 EET Jul-Dec,0,72,-1.4175,2.4899
analemma,11.00 EET Jul-Dec,0,73,-1.4762,2.5097
analemma,11.00 EET Jul-Dec,0,74,-1.5324,2.5040
analemma,11.00 EET Jul-Dec,0,75,-1.5847,2.4729
analemma,11.00 EET Jul-Dec,0,76,-1.5970,2.4611
analemma,11.50 EET Jan-Jun,0,0,-0.7648,2.3409
analemma,11.50 EET Jan-Jun,0,1,-0.7992,2.2896
analemma,11.50 EET Jan-Jun,0,2,-0.8309,2.2260
analemma,11.50 EET Jan-Jun,0,3,-0.8504,2.1771
analemma,11.50 EET Jan-Jun,0,4,-0.8683,2.1234
analemma,11.50 EET Jan-Jun,0,5,-0.8848,2.0651
analemma,11.50 EET Jan-Jun,0,6,-0.8997,2.0025
analemma,11.50 EET Jan-Jun,0,7,-0.9128,1.9359
analemma,11.50 EET Jan-Jun,0,8,-0.9243,1.8657
analemma,11.50 EET Jan-Jun,0,9,-0.9341,1.7922
analemma,11.50 EET Jan-Jun,0,10,-0.9421,1.7156
analemma,11.50 EET Jan-Jun,0,11,-0.9484,1.6363
analemma,11.50 EET Jan-Jun,0,12,-0.9530,1.5547
analemma,11.50 EET Jan-Jun,0,13,-0.9559,1.4710
analemma,11.50 EET Jan-Jun,0,14,-0.9570,1.3855
analemma,11.50 EET Jan-Jun,0,15,-0.9566,1.2986
analemma,11.50 EET Jan-Jun,0,16,-0.9546,1.2104
analemma,11.50 EET Jan-Jun,0,17,-0.9510,1.1213
analemma,11.50 EET Jan-Jun,0,18,-0.9460,1.0314
analemma,11.50 EET Jan-Jun,0,19,-0.9397,0.9411
analemma,11.50 EET Jan-Jun,0,20,-0.9320,0.8505
analemma,11.50 EET Jan-Jun,0,21,-0.9230,0.7598
analemma,11.50 EET Jan-Jun,0,22,-0.9129,0.6692
analemma,11.50 EET Jan-Jun,0,23,-0.9018,0.5789
analemma,11.50 EET Jan-Jun,0,24,-0.8896,0.4890
analemma,11.50 EET Jan-Jun,0,25,-0.8766,0.3997
analemma,11.50 EET Jan-Jun,0,26,-0.8627,0.3110
analemma,11.50 EET Jan-Jun,0,27,-0.8481,0.2231
analemma,11.50 EET Jan-Jun,0,28,-0.8329,0.1360
analemma,11.50 EET Jan-Jun,0,29,-0.8171,0.0499
analemma,11.50 EET Jan-Jun,0,30,-0.8008,-0.0352
analemma,11.50 EET Jan-Jun,0,31,-0.7841,-0.1191
analemma,11.50 EET Jan-Jun,0,32,-0.7670,-0.2020
analemma,11.50 EET Jan-Jun,0,33,-0.7497,-0.2837
analemma,11.50 EET Jan-Jun,0,34,-0.7323,-0.3641
analemma,11.50 EET Jan-Jun,0,35,-0.7147,-0.4433
analemma,11.50 EET Jan-Jun,0,36,-0.6970,-0.5212
analemma,11.50 EET Jan-Jun,0,37,-0.6794,-0.5979
analemma,11.50 EET Jan-Jun,0,38,-0.6618,-0.6732
analemma,11.50 EET Jan-Jun,0,39,-0.6444,-0.7471
analemma,11.50 EET Jan-Jun,0,40,-0.6272,-0.8198
analemma,11.50 EET Jan-Jun,0,41,-0.6101,-0.8910
analemma,11.50 EET Jan-Jun,0,42,-0.5934,-0.9610
analemma,11.50 EET Jan-Jun,0,43,-0.5770,-1.0295
analemma,11.50 EET Jan-Jun,0,44,-0.5610,-1.0967
analemma,11.50 EET Jan-Jun,0,45,-0.5454,-1.1625
analemma,11.50 EET Jan-Jun,0,46,-0.5302,-1.2270
analemma,11.50 EET Jan-Jun,0,47,-0.5155,-1.2900
analemma,11.50 EET Jan-Jun,0,48,-0.5014,-1.3517
analemma,11.50 EET Jan-Jun,0,49,-0.4878,-1.4121
analemma,11.50 EET Jan-Jun,0,50,-0.4748,-1.4710
analemma,11.50 EET Jan-Jun,0,51,-0.4624,-1.5285
analemma,11.50 EET Jan-Jun,0,52,-0.4506,-1.5847
analemma,11.50 EET Jan-Jun,0,53,-0.4395,-1.6394
analemma,11.50 EET Jan-Jun,0,54,-0.4291,-1.6927
analemma,11.50 EET Jan-Jun,0,55,-0.4193,-1.7446
analemma,11.50 EET Jan-Jun,0,56,-0.4103,-1.7951
analemma,11.50 EET Jan-Jun,0,57,-0.3982,-1.8680
analemma,11.50 EET Jan-Jun,0,58,-0.3876,-1.9377
analemma,11.50 EET Jan-Jun,0,59,-0.3788,-2.0040
analemma,11.50 EET Jan-Jun,0,60,-0.3717,-2.0669
analemma,11.50 EET Jan-Jun,0,61,-0.3662,-2.1262
analemma,11.50 EET Jan-Jun,0,62,-0.3625,-2.1821
analemma,11.50 EET Jan-Jun,0,63,-0.3603,-2.2343
analemma,11.50 EET Jan-Jun,0,64,-0.3599,-2.2981
analemma,11.50 EET Jan-Jun,0,65,-0.3622,-2.3551
analemma,11.50 EET Jan-Jun,0,66,-0.3669,-2.4051
analemma,11.50 EET Jan-Jun,0,67,-0.3760,-2.4575
analemma,11.50 EET Jan-Jun,0,68,-0.3937,-2.5115
analemma,11.50 EET Jan-Jun,0,69,-0.4294,-2.5491
analemma,11.50 EET Jan-Jun,0,70,-0.4650,-2.5321
analemma,11.50 EET Jul-Dec,0,0,-0.4685,-2.5278
analemma,11.50 EET Jul-Dec,0,1,-0.4946,-2.4755
analemma,11.50 EET Jul-Dec,0,2,-0.5087,-2.4275
analemma,11.50 EET Jul-Dec,0,3,-0.5203,-2.3681
analemma,11.50 EET Jul-Dec,0,4,-0.5274,-2.3125
analemma,11.50 EET Jul-Dec,0,5,-0.5324,-2.2500
analemma,11.50 EET Jul-Dec,0,6,-0.5347,-2.1988
analemma,11.50 EET Jul-Dec,0,7,-0.5356,-2.1439
analemma,11.50 EET Jul-Dec,0,8,-0.5352,-2.0854
analemma,11.50 EET Jul-Dec,0,9,-0.5333,-2.0234
analemma,11.50 EET Jul-Dec,0,10,-0.5300,-1.9580
analemma,11.50 EET Jul-Dec,0,11,-0.5253,-1.8892
analemma,11.50 EET Jul-Dec,0,12,-0.5192,-1.8173
analemma,11.50 EET Jul-Dec,0,13,-0.5118,-1.7421
analemma,11.50 EET Jul-Dec,0,14,-0.5061,-1.6903
analemma,11.50 EET Jul-Dec,0,15,-0.4998,-1.6371
analemma,11.50 EET Jul-Dec,0,16,-0.4929,-1.5826
analemma,11.50 EET Jul-Dec,0,17,-0.4855,-1.5267
analemma,11.50 EET Jul-Dec,0,18,-0.4776,-1.4695
analemma,11.50 EET Jul-Dec,0,19,-0.4693,-1.4110
analemma,11.50 EET Jul-Dec,0,20,-0.4604,-1.3513
analemma,11.50 EET Jul-Dec,0,21,-0.4511,-1.2902
analemma,11.50 EET Jul-Dec,0,22,-0.4415,-1.2279
analemma,11.50 EET Jul-Dec,0,23,-0.4314,-1.1643
analemma,11.50 EET Jul-Dec,0,24,-0.4211,-1.0995
analemma,11.50 EET Jul-Dec,0,25,-0.4104,-1.0334
analemma,11.50 EET Jul-Dec,0,26,-0.3995,-0.9661
analemma,11.50 EET Jul-Dec,0,27,-0.3884,-0.8976
analemma,11.50 EET Jul-Dec,0,28,-0.3771,-0.8278
analemma,11.50 EET Jul-Dec,0,29,-0.3657,-0.7569
analemma,11.50 EET Jul-Dec,0,30,-0.3542,-0.6847
analemma,11.50 EET Jul-Dec,0,31,-0.3428,-0.6114
analemma,11.50 EET Jul-Dec,0,32,-0.3313,-0.5368
analemma,11.50 EET Jul-Dec,0,33,-0.3199,-0.4611
analemma,11.50 EET Jul-Dec,0,34,-0.3087,-0.3843
analemma,11.50 EET Jul-Dec,0,35,-0.2977,-0.3063
analemma,11.50 EET Jul-Dec,0,36,-0.2870,-0.2273
analemma,11.50 EET Jul-Dec,0,37,-0.2766,-0.1472
analemma,11.50 EET Jul-Dec,0,38,-0.2666,-0.0660
analemma,11.50 EET Jul-Dec,0,39,-0.2571,0.0161
analemma,11.50 EET Jul-Dec,0,40,-0.2481,0.0991
analemma,11.50 EET Jul-Dec,0,41,-0.2397,0.1831
analemma,11.50 EET Jul-Dec,0,42,-0.2319,0.2679
analemma,11.50 EET Jul-Dec,0,43,-0.2250,0.3534
analemma,11.50 EET Jul-Dec,0,44,-0.2188,0.4396
analemma,11.50 EET Jul-Dec,0,45,-0.2136,0.5263
analemma,11.50 EET Jul-Dec,0,46,-0.2093,0.6135
analemma,11.50 EET Jul-Dec,0,47,-0.2060,0.7011
analemma,11.50 EET Jul-Dec,0,48,-0.2038,0.7888
analemma,11.50 EET Jul-Dec,0,49,-0.2028,0.8767
analemma,11.50 EET Jul-Dec,0,50,-0.2030,0.9644
analemma,11.50 EET Jul-Dec,0,51,-0.2045,1.0519
analemma,11.50 EET Jul-Dec,0,52,-0.2074,1.1389
analemma,11.50 EET Jul-Dec,0,53,-0.2116,1.2253
analemma,11.50 EET Jul-Dec,0,54,-0.2173,1.3108
analemma,11.50 EET Jul-Dec,0,55,-0.2244,1.3951
analemma,11.50 EET Jul-Dec,0,56,-0.2330,1.4782
analemma,11.50 EET Jul-Dec,0,57,-0.2430,1.5595
analemma,11.50 EET Jul-Dec,0,58,-0.2546,1.6390
analemma,11.50 EET Jul-Dec,0,59,-0.2677,1.7163
analemma,11.50 EET Jul-Dec,0,60,-0.2823,1.7912
analemma,11.50 EET Jul-Dec,0,61,-0.2984,1.8632
analemma,11.50 EET Jul-Dec,0,62,-0.3158,1.9321
analemma,11.50 EET Jul-Dec,0,63,-0.3347,1.9977
analemma,11.50 EET Jul-Dec,0,64,-0.3548,2.0595
analemma,11.50 EET Jul-Dec,0,65,-0.3762,2.1172
analemma,11.50 EET Jul-Dec,0,66,-0.3987,2.1707
analemma,11.50 EET Jul-Dec,0,67,-0.4223,2.2195
analemma,11.50 EET Jul-Dec,0,68,-0.4468,2.2635
analemma,11.50 EET Jul-Dec,0,69,-0.4850,2.3197
analemma,11.50 EET Jul-Dec,0,70,-0.5246,2.3635
analemma,11.50 EET Jul-Dec,0,71,-0.5650,2.3944
analemma,11.50 EET Jul-Dec,0,72,-0.6194,2.4147
analemma,11.50 EET Jul-Dec,0,73,-0.6732,2.4104
analemma,11.50 EET Jul-Dec,0,74,-0.7250,2.3817
analemma,11.50 EET Jul-Dec,0,75,-0.7498,2.3583
analemma,12.00 EET Jan-Jun,0,0,0.0418,2.3098
analemma,12.00 EET Jan-Jun,0,1,0.0047,2.2560
analemma,12.00 EET Jan-Jun,0,2,-0.0304,2.1903
analemma,12.00 EET Jan-Jun,0,3,-0.0526,2.1403
analemma,12.00 EET Jan-Jun,0,4,-0.0736,2.0856
analemma,12.00 EET Jan-Jun,0,5,-0.0934,2.0267
analemma,12.00 EET Jan-Jun,0,6,-0.1119,1.9636
analemma,12.00 EET Jan-Jun,0,7,-0.1290,1.8969
analemma,12.00 EET Jan-Jun,0,8,-0.1447,1.8267
analemma,12.00 EET Jan-Jun,0,9,-0.1589,1.7534
analemma,12.00 EET Jan-Jun,0,10,-0.1715,1.6773
analemma,12.00 EET Jan-Jun,0,11,-0.1827,1.5987
analemma,12.00 EET Jan-Jun,0,12,-0.1924,1.5179
analemma,12.00 EET Jan-Jun,0,13,-0.2005,1.4351
analemma,12.00 EET Jan-Jun,0,14,-0.2071,1.3508
analemma,12.00 EET Jan-Jun,0,15,-0.2122,1.2651
analemma,12.00 EET Jan-Jun,0,16,-0.2159,1.1783
analemma,12.00 EET Jan-Jun,0,17,-0.2181,1.0907
analemma,12.00 EET Jan-Jun,0,18,-0.2190,1.0024
analemma,12.00 EET Jan-Jun,0,19,-0.2186,0.9137
analemma,12.00 EET Jan-Jun,0,20,-0.2169,0.8248
analemma,12.00 EET Jan-Jun,0,21,-0.2141,0.7358
analemma,12.00 EET Jan-Jun,0,22,-0.2101,0.6469
analemma,12.00 EET Jan-Jun,0,23,-0.2050,0.5583
analemma,12.00 EET Jan-Jun,0,24,-0.1990,0.4701
analemma,12.00 EET Jan-Jun,0,25,-0.1920,0.3824
analemma,12.00 EET Jan-Jun,0,26,-0.1842,0.2954
analemma,12.00 EET Jan-Jun,0,27,-0.1757,0.2091
analemma,12.00 EET Jan-Jun,0,28,-0.1664,0.1236
analemma,12.00 EET Jan-Jun,0,29,-0.1566,0.0389
analemma,12.00 EET Jan-Jun,0,30,-0.1462,-0.0447
analemma,12.00 EET Jan-Jun,0,31,-0.1353,-0.1274
analemma,12.00 EET Jan-Jun,0,32,-0.1240,-0.2090
analemma,12.00 EET Jan-Jun,0,33,-0.1124,-0.2894
analemma,12.00 EET Jan-Jun,0,34,-0.1005,-0.3688
analemma,12.00 EET Jan-Jun,0,35,-0.0884,-0.4469
analemma,12.00 EET Jan-Jun,0,36,-0.0762,-0.5239
analemma,12.00 EET Jan-Jun,0,37,-0.0639,-0.5996
analemma,12.00 EET Jan-Jun,0,38,-0.0515,-0.6741
analemma,12.00 EET Jan-Jun,0,39,-0.0392,-0.7473
analemma,12.00 EET Jan-Jun,0,40,-0.0270,-0.8193
analemma,12.00 EET Jan-Jun,0,41,-0.0149,-0.8900
analemma,12.00 EET Jan-Jun,0,42,-0.0029,-0.9594
analemma,12.00 EET Jan-Jun,0,43,0.0087,-1.0275
analemma,12.00 EET Jan-Jun,0,44,0.0202,-1.0943
analemma,12.00 EET Jan-Jun,0,45,0.0313,-1.1598
analemma,12.00 EET Jan-Jun,0,46,0.0420,-1.2239
analemma,12.00 EET Jan-Jun,0,47,0.0524,-1.2868
analemma,12.00 EET Jan-Jun,0,48,0.0624,-1.3483
analemma,12.00 EET Jan-Jun,0,49,0.0719,-1.4084
analemma,12.00 EET Jan-Jun,0,50,0.0809,-1.4672
analemma,12.00 EET Jan-Jun,0,51,0.0894,-1.5247
analemma,12.00 EET Jan-Jun,0,52,0.0974,-1.5808
analemma,12.00 EET Jan-Jun,0,53,0.1048,-1.6355
analemma,12.00 EET Jan-Jun,0,54,0.1116,-1.6888
analemma,12.00 EET Jan-Jun,0,55,0.1179,-1.7406
analemma,12.00 EET Jan-Jun,0,56,0.1235,-1.7911
analemma,12.00 EET Jan-Jun,0,57,0.1308,-1.8641
analemma,12.00 EET Jan-Jun,0,58,0.1367,-1.9337
analemma,12.00 EET Jan-Jun,0,59,0.1411,-2.0000
analemma,12.00 EET Jan-Jun,0,60,0.1441,-2.0629
analemma,12.00 EET Jan-Jun,0,61,0.1456,-2.1222
analemma,12.00 EET Jan-Jun,0,62,0.1457,-2.1779
analemma,12.00 EET Jan-Jun,0,63,0.1444,-2.2299
analemma,12.00 EET Jan-Jun,0,64,0.1407,-2.2934
analemma,12.00 EET Jan-Jun,0,65,0.1347,-2.3500
analemma,12.00 EET Jan-Jun,0,66,0.1267,-2.3995
analemma,12.00 EET Jan-Jun,0,67,0.1143,-2.4512
analemma,12.00 EET Jan-Jun,0,68,0.0932,-2.5039
analemma,12.00 EET Jan-Jun,0,69,0.0554,-2.5393
analemma,12.00 EET Jan-Jun,0,70,0.0215,-2.5205
analemma,12.00 EET Jul-Dec,0,0,0.0183,-2.5160
analemma,12.00 EET Jul-Dec,0,1,-0.0041,-2.4628
analemma,12.00 EET Jul-Dec,0,2,-0.0165,-2.4035
analemma,12.00 EET Jul-Dec,0,3,-0.0234,-2.3418
analemma,12.00 EET Jul-Dec,0,4,-0.0261,-2.2846
analemma,12.00 EET Jul-Dec,0,5,-0.0264,-2.2208
analemma,12.00 EET Jul-Dec,0,6,-0.0247,-2.1687
analemma,12.00 EET Jul-Dec,0,7,-0.0216,-2.1131
analemma,12.00 EET Jul-Dec,0,8,-0.0168,-2.0540
analemma,12.00 EET Jul-Dec,0,9,-0.0104,-1.9915
analemma,12.00 EET Jul-Dec,0,10,-0.0024,-1.9256
analemma,12.00 EET Jul-Dec,0,11,0.0072,-1.8566
analemma,12.00 EET Jul-Dec,0,12,0.0184,-1.7843
analemma,12.00 EET Jul-Dec,0,13,0.0268,-1.7344
analemma,12.00 EET Jul-Dec,0,14,0.0358,-1.6831
analemma,12.00 EET Jul-Dec,0,15,0.0454,-1.6305
analemma,12.00 EET Jul-Dec,0,16,0.0557,-1.5765
analemma,12.00 EET Jul-Dec,0,17,0.0666,-1.5212
analemma,12.00 EET Jul-Dec,0,18,0.0782,-1.4645
analemma,12.00 EET Jul-Dec,0,19,0.0902,-1.4066
analemma,12.00 EET Jul-Dec,0,20,0.1029,-1.3473
analemma,12.00 EET Jul-Dec,0,21,0.1160,-1.2868
analemma,12.00 EET Jul-Dec,0,22,0.1297,-1.2249
analemma,12.00 EET Jul-Dec,0,23,0.1438,-1.1617
analemma,12.00 EET Jul-Dec,0,24,0.1583,-1.0973
analemma,12.00 EET Jul-Dec,0,25,0.1732,-1.0316
analemma,12.00 EET Jul-Dec,0,26,0.1884,-0.9646
analemma,12.00 EET Jul-Dec,0,27,0.2039,-0.8963
analemma,12.00 EET Jul-Dec,0,28,0.2197,-0.8268
analemma,12.00 EET Jul-Dec,0,29,0.2357,-0.7560
analemma,12.00 EET Jul-Dec,0,30,0.2518,-0.6840
analemma,12.00 EET Jul-Dec,0,31,0.2681,-0.6107
analemma,12.00 EET Jul-Dec,0,32,0.2844,-0.5361
analemma,12.00 EET Jul-Dec,0,33,0.3007,-0.4604
analemma,12.00 EET Jul-Dec,0,34,0.3170,-0.3835
analemma,12.00 EET Jul-Dec,0,35,0.3331,-0.3053
analemma,12.00 EET Jul-Dec,0,36,0.3490,-0.2261
analemma,12.00 EET Jul-Dec,0,37,0.3647,-0.1457
analemma,12.00 EET Jul-Dec,0,38,0.3801,-0.0642
analemma,12.00 EET Jul-Dec,0,39,0.3951,0.0183
analemma,12.00 EET Jul-Dec,0,40,0.4096,0.1018
analemma,12.00 EET Jul-Dec,0,41,0.4235,0.1862
analemma,12.00 EET Jul-Dec,0,42,0.4369,0.2715
analemma,12.00 EET Jul-Dec,0,43,0.4495,0.3576
analemma,12.00 EET Jul-Dec,0,44,0.4614,0.4443
analemma,12.00 EET Jul-Dec,0,45,0.4724,0.5317
analemma,12.00 EET Jul-Dec,0,46,0.4825,0.6195
analemma,12.00 EET Jul-Dec,0,47,0.4916,0.7076
analemma,12.00 EET Jul-Dec,0,48,0.4995,0.7959
analemma,12.00 EET Jul-Dec,0,49,0.5063,0.8843
analemma,12.00 EET Jul-Dec,0,50,0.5119,0.9725
analemma,12.00 EET Jul-Dec,0,51,0.5161,1.0605
analemma,12.00 EET Jul-Dec,0,52,0.5190,1.1479
analemma,12.00 EET Jul-Dec,0,53,0.5204,1.2345
analemma,12.00 EET Jul-Dec,0,54,0.5203,1.3202
analemma,12.00 EET Jul-Dec,0,55,0.5187,1.4047
analemma,12.00 EET Jul-Dec,0,56,0.5155,1.4877
analemma,12.00 EET Jul-Dec,0,57,0.5107,1.5689
analemma,12.00 EET Jul-Dec,0,58,0.5042,1.6481
analemma,12.00 EET Jul-Dec,0,59,0.4960,1.7249
analemma,12.00 EET Jul-Dec,0,60,0.4863,1.7991
analemma,12.00 EET Jul-Dec,0,61,0.4748,1.8703
analemma,12.00 EET Jul-Dec,0,62,0.4617,1.9382
analemma,12.00 EET Jul-Dec,0,63,0.4471,2.0026
analemma,12.00 EET Jul-Dec,0,64,0.4309,2.0630
analemma,12.00 EET Jul-Dec,0,65,0.4132,2.1193
analemma,12.00 EET Jul-Dec,0,66,0.3941,2.1710
analemma,12.00 EET Jul-Dec,0,67,0.3737,2.2180
analemma,12.00 EET Jul-Dec,0,68,0.3408,2.2790
analemma,12.00 EET Jul-Dec,0,69,0.3055,2.3278
analemma,12.00 EET Jul-Dec,0,70,0.2683,2.3639
analemma,12.00 EET Jul-Dec,0,71,0.2165,2.3913
analemma,12.00 EET Jul-Dec,0,72,0.1633,2.3945
analemma,12.00 EET Jul-Dec,0,73,0.1099,2.3733
analemma,12.00 EET Jul-Dec,0,74,0.0706,2.3418
analemma,12.00 EET Jul-Dec,0,75,0.0577,2.3283
analemma,12.50 EET Jan-Jun,0,0,0.8505,2.3475
analemma,12.50 EET Jan-Jun,0,1,0.8089,2.2896
analemma,12.50 EET Jan-Jun,0,2,0.7818,2.2444
analemma,12.50 EET Jan-Jun,0,3,0.7554,2.1942
analemma,12.50 EET Jan-Jun,0,4,0.7298,2.1394
analemma,12.50 EET Jan-Jun,0,5,0.7052,2.0802
analemma,12.50 EET Jan-Jun,0,6,0.6816,2.0170
analemma,12.50 EET Jan-Jun,0,7,0.6592,1.9500
analemma,12.50 EET Jan-Jun,0,8,0.6380,1.8796
analemma,12.50 EET Jan-Jun,0,9,0.6180,1.8060
analemma,12.50 EET Jan-Jun,0,10,0.5994,1.7296
analemma,12.50 EET Jan-Jun,0,11,0.5822,1.6508
analemma,12.50 EET Jan-Jun,0,12,0.5664,1.5697
analemma,12.50 EET Jan-Jun,0,13,0.5520,1.4868
analemma,12.50 EET Jan-Jun,0,14,0.5391,1.4022
analemma,12.50 EET Jan-Jun,0,15,0.5275,1.3162
analemma,12.50 EET Jan-Jun,0,16,0.5174,1.2292
analemma,12.50 EET Jan-Jun,0,17,0.5087,1.1412
analemma,12.50 EET Jan-Jun,0,18,0.5013,1.0526
analemma,12.50 EET Jan-Jun,0,19,0.4952,0.9636
analemma,12.50 EET Jan-Jun,0,20,0.4905,0.8743
analemma,12.50 EET Jan-Jun,0,21,0.4869,0.7850
analemma,12.50 EET Jan-Jun,0,22,0.4845,0.6957
analemma,12.50 EET Jan-Jun,0,23,0.4833,0.6067
analemma,12.50 EET Jan-Jun,0,24,0.4830,0.5180
analemma,12.50 EET Jan-Jun,0,25,0.4838,0.4298
analemma,12.50 EET Jan-Jun,0,26,0.4855,0.3422
analemma,12.50 EET Jan-Jun,0,27,0.4880,0.2553
analemma,12.50 EET Jan-Jun,0,28,0.4914,0.1692
analemma,12.50 EET Jan-Jun,0,29,0.4954,0.0839
analemma,12.50 EET Jan-Jun,0,30,0.5001,-0.0005
analemma,12.50 EET Jan-Jun,0,31,0.5054,-0.0839
analemma,12.50 EET Jan-Jun,0,32,0.5112,-0.1663
analemma,12.50 EET Jan-Jun,0,33,0.5174,-0.2477
analemma,12.50 EET Jan-Jun,0,34,0.5241,-0.3279
analemma,12.50 EET Jan-Jun,0,35,0.5310,-0.4071
analemma,12.50 EET Jan-Jun,0,36,0.5382,-0.4850
analemma,12.50 EET Jan-Jun,0,37,0.5456,-0.5618
analemma,12.50 EET Jan-Jun,0,38,0.5531,-0.6374
analemma,12.50 EET Jan-Jun,0,39,0.5607,-0.7118
analemma,12.50 EET Jan-Jun,0,40,0.5684,-0.7849
analemma,12.50 EET Jan-Jun,0,41,0.5760,-0.8569
analemma,12.50 EET Jan-Jun,0,42,0.5836,-0.9275
analemma,12.50 EET Jan-Jun,0,43,0.5910,-0.9969
analemma,12.50 EET Jan-Jun,0,44,0.5983,-1.0650
analemma,12.50 EET Jan-Jun,0,45,0.6054,-1.1318
analemma,12.50 EET Jan-Jun,0,46,0.6122,-1.1973
analemma,12.50 EET Jan-Jun,0,47,0.6187,-1.2615
analemma,12.50 EET Jan-Jun,0,48,0.6249,-1.3244
analemma,12.50 EET Jan-Jun,0,49,0.6308,-1.3860
analemma,12.50 EET Jan-Jun,0,50,0.6363,-1.4462
analemma,12.50 EET Jan-Jun,0,51,0.6414,-1.5051
analemma,12.50 EET Jan-Jun,0,52,0.6460,-1.5626
analemma,12.50 EET Jan-Jun,0,53,0.6502,-1.6187
analemma,12.50 EET Jan-Jun,0,54,0.6538,-1.6734
analemma,12.50 EET Jan-Jun,0,55,0.6570,-1.7267
analemma,12.50 EET Jan-Jun,0,56,0.6597,-1.7785
analemma,12.50 EET Jan-Jun,0,57,0.6618,-1.8289
analemma,12.50 EET Jan-Jun,0,58,0.6640,-1.9017
analemma,12.50 EET Jan-Jun,0,59,0.6649,-1.9711
analemma,12.50 EET Jan-Jun,0,60,0.6646,-2.0371
analemma,12.50 EET Jan-Jun,0,61,0.6630,-2.0994
analemma,12.50 EET Jan-Jun,0,62,0.6602,-2.1582
analemma,12.50 EET Jan-Jun,0,63,0.6562,-2.2132
analemma,12.50 EET Jan-Jun,0,64,0.6510,-2.2643
analemma,12.50 EET Jan-Jun,0,65,0.6425,-2.3265
analemma,12.50 EET Jan-Jun,0,66,0.6322,-2.3815
analemma,12.50 EET Jan-Jun,0,67,0.6172,-2.4400
analemma,12.50 EET Jan-Jun,0,68,0.5969,-2.4946
analemma,12.50 EET Jan-Jun,0,69,0.5675,-2.5405
analemma,12.50 EET Jan-Jun,0,70,0.5177,-2.5455
analemma,12.50 EET Jan-Jun,0,71,0.5085,-2.5342
analemma,12.50 EET Jul-Dec,0,0,0.5056,-2.5295
analemma,12.50 EET Jul-Dec,0,1,0.4864,-2.4747
analemma,12.50 EET Jul-Dec,0,2,0.4778,-2.4144
analemma,12.50 EET Jul-Dec,0,3,0.4750,-2.3521
analemma,12.50 EET Jul-Dec,0,4,0.4759,-2.2945
analemma,12.50 EET Jul-Dec,0,5,0.4800,-2.2303
analemma,12.50 EET Jul-Dec,0,6,0.4850,-2.1780
analemma,12.50 EET Jul-Dec,0,7,0.4920,-2.1222
analemma,12.50 EET Jul-Dec,0,8,0.5007,-2.0629
analemma,12.50 EET Jul-Dec,0,9,0.5113,-2.0003
analemma,12.50 EET Jul-Dec,0,10,0.5238,-1.9343
analemma,12.50 EET Jul-Dec,0,11,0.5382,-1.8651
analemma,12.50 EET Jul-Dec,0,12,0.5543,-1.7927
analemma,12.50 EET Jul-Dec,0,13,0.5661,-1.7427
analemma,12.50 EET Jul-Dec,0,14,0.5787,-1.6912
analemma,12.50 EET Jul-Dec,0,15,0.5920,-1.6384
analemma,12.50 EET Jul-Dec,0,16,0.6061,-1.5843
analemma,12.50 EET Jul-Dec,0,17,0.6209,-1.5287
analemma,12.50 EET Jul-Dec,0,18,0.6364,-1.4718
analemma,12.50 EET Jul-Dec,0,19,0.6526,-1.4135
analemma,12.50 EET Jul-Dec,0,20,0.6695,-1.3539
analemma,12.50 EET Jul-Dec,0,21,0.6869,-1.2929
analemma,12.50 EET Jul-Dec,0,22,0.7050,-1.2306
analemma,12.50 EET Jul-Dec,0,23,0.7237,-1.1669
analemma,12.50 EET Jul-Dec,0,24,0.7428,-1.1018
analemma,12.50 EET Jul-Dec,0,25,0.7625,-1.0354
analemma,12.50 EET Jul-Dec,0,26,0.7826,-0.9677
analemma,12.50 EET Jul-Dec,0,27,0.8032,-0.8986
analemma,12.50 EET Jul-Dec,0,28,0.8241,-0.8281
analemma,12.50 EET Jul-Dec,0,29,0.8453,-0.7563
analemma,12.50 EET Jul-Dec,0,30,0.8668,-0.6831
analemma,12.50 EET Jul-Dec,0,31,0.8885,-0.6086
analemma,12.50 EET Jul-Dec,0,32,0.9104,-0.5327
analemma,12.50 EET Jul-Dec,0,33,0.9324,-0.4556
analemma,12.50 EET Jul-Dec,0,34,0.9544,-0.3771
analemma,12.50 EET Jul-Dec,0,35,0.9764,-0.2973
analemma,12.50 EET Jul-Dec,0,36,0.9983,-0.2163
analemma,12.50 EET Jul-Dec,0,37,1.0200,-0.1341
analemma,12.50 EET Jul-Dec,0,38,1.0415,-0.0506
analemma,12.50 EET Jul-Dec,0,39,1.0627,0.0339
analemma,12.50 EET Jul-Dec,0,40,1.0835,0.1196
analemma,12.50 EET Jul-Dec,0,41,1.1038,0.2063
analemma,12.50 EET Jul-Dec,0,42,1.1235,0.2939
analemma,12.50 EET Jul-Dec,0,43,1.1426,0.3823
analemma,12.50 EET Jul-Dec,0,44,1.1609,0.4716
analemma,12.50 EET Jul-Dec,0,45,1.1783,0.5614
analemma,12.50 EET Jul-Dec,0,46,1.1949,0.6518
analemma,12.50 EET Jul-Dec,0,47,1.2104,0.7425
analemma,12.50 EET Jul-Dec,0,48,1.2247,0.8335
analemma,12.50 EET Jul-Dec,0,49,1.2379,0.9245
analemma,12.50 EET Jul-Dec,0,50,1.2497,1.0154
analemma,12.50 EET Jul-Dec,0,51,1.2602,1.1059
analemma,12.50 EET Jul-Dec,0,52,1.2691,1.1958
analemma,12.50 EET Jul-Dec,0,53,1.2765,1.2849
analemma,12.50 EET Jul-Dec,0,54,1.2823,1.3729
analemma,12.50 EET Jul-Dec,0,55,1.2863,1.4596
analemma,12.50 EET Jul-Dec,0,56,1.2885,1.5447
analemma,12.50 EET Jul-Dec,0,57,1.2890,1.6279
analemma,12.50 EET Jul-Dec,0,58,1.2875,1.7088
analemma,12.50 EET Jul-Dec,0,59,1.2842,1.7871
analemma,12.50 EET Jul-Dec,0,60,1.2789,1.8626
analemma,12.50 EET Jul-Dec,0,61,1.2717,1.9349
analemma,12.50 EET Jul-Dec,0,62,1.2625,2.0037
analemma,12.50 EET Jul-Dec,0,63,1.2514,2.0685
analemma,12.50 EET Jul-Dec,0,64,1.2385,2.1293
analemma,12.50 EET Jul-Dec,0,65,1.2237,2.1855
analemma,12.50 EET Jul-Dec,0,66,1.2072,2.2369
analemma,12.50 EET Jul-Dec,0,67,1.1792,2.3045
analemma,12.50 EET Jul-Dec,0,68,1.1478,2.3599
analemma,12.50 EET Jul-Dec,0,69,1.1132,2.4023
analemma,12.50 EET Jul-Dec,0,70,1.0631,2.4378
analemma,12.50 EET Jul-Dec,0,71,1.0094,2.4486
analemma,12.50 EET Jul-Dec,0,72,0.9534,2.4345
analemma,12.50 EET Jul-Dec,0,73,0.9107,2.4078
analemma,12.50 EET Jul-Dec,0,74,0.8681,2.3677
analemma,13.00 EET Jan-Jun,0,0,1.7045,2.4586
analemma,13.00 EET Jan-Jun,0,1,1.6718,2.4172
analemma,13.00 EET Jan-Jun,0,2,1.6394,2.3704
analemma,13.00 EET Jan-Jun,0,3,1.6074,2.3185
analemma,13.00 EET Jan-Jun,0,4,1.5759,2.2618
analemma,13.00 EET Jan-Jun,0,5,1.5452,2.2006
analemma,13.00 EET Jan-Jun,0,6,1.5152,2.1351
analemma,13.00 EET Jan-Jun,0,7,1.4862,2.0658
analemma,13.00 EET Jan-Jun,0,8,1.4583,1.9930
analemma,13.00 EET Jan-Jun,0,9,1.4315,1.9170
analemma,13.00 EET Jan-Jun,0,10,1.4059,1.8382
analemma,13.00 EET Jan-Jun,0,11,1.3816,1.7568
analemma,13.00 EET Jan-Jun,0,12,1.3586,1.6732
analemma,13.00 EET Jan-Jun,0,13,1.3371,1.5877
analemma,13.00 EET Jan-Jun,0,14,1.3169,1.5006
analemma,13.00 EET Jan-Jun,0,15,1.2982,1.4121
analemma,13.00 EET Jan-Jun,0,16,1.2809,1.3225
analemma,13.00 EET Jan-Jun,0,17,1.2650,1.2320
analemma,13.00 EET Jan-Jun,0,18,1.2505,1.1409
analemma,13.00 EET Jan-Jun,0,19,1.2374,1.0493
analemma,13.00 EET Jan-Jun,0,20,1.2257,0.9576
analemma,13.00 EET Jan-Jun,0,21,1.2152,0.8657
analemma,13.00 EET Jan-Jun,0,22,1.2061,0.7740
analemma,13.00 EET Jan-Jun,0,23,1.1981,0.6825
analemma,13.00 EET Jan-Jun,0,24,1.1913,0.5913
analemma,13.00 EET Jan-Jun,0,25,1.1856,0.5007
analemma,13.00 EET Jan-Jun,0,26,1.1809,0.4106
analemma,13.00 EET Jan-Jun,0,27,1.1773,0.3213
analemma,13.00 EET Jan-Jun,0,28,1.1745,0.2327
analemma,13.00 EET Jan-Jun,0,29,1.1725,0.1450
analemma,13.00 EET Jan-Jun,0,30,1.1714,0.0581
analemma,13.00 EET Jan-Jun,0,31,1.1709,-0.0277
analemma,13.00 EET Jan-Jun,0,32,1.1711,-0.1126
analemma,13.00 EET Jan-Jun,0,33,1.1719,-0.1964
analemma,13.00 EET Jan-Jun,0,34,1.1731,-0.2791
analemma,13.00 EET Jan-Jun,0,35,1.1749,-0.3606
analemma,13.00 EET Jan-Jun,0,36,1.1770,-0.4411
analemma,13.00 EET Jan-Jun,0,37,1.1794,-0.5203
analemma,13.00 EET Jan-Jun,0,38,1.1820,-0.5983
analemma,13.00 EET Jan-Jun,0,39,1.1849,-0.6752
analemma,13.00 EET Jan-Jun,0,40,1.1879,-0.7508
analemma,13.00 EET Jan-Jun,0,41,1.1910,-0.8251
analemma,13.00 EET Jan-Jun,0,42,1.1941,-0.8982
analemma,13.00 EET Jan-Jun,0,43,1.1973,-0.9700
analemma,13.00 EET Jan-Jun,0,44,1.2003,-1.0406
analemma,13.00 EET Jan-Jun,0,45,1.2033,-1.1098
analemma,13.00 EET Jan-Jun,0,46,1.2061,-1.1778
analemma,13.00 EET Jan-Jun,0,47,1.2087,-1.2444
analemma,13.00 EET Jan-Jun,0,48,1.2111,-1.3096
analemma,13.00 EET Jan-Jun,0,49,1.2132,-1.3736
analemma,13.00 EET Jan-Jun,0,50,1.2150,-1.4361
analemma,13.00 EET Jan-Jun,0,51,1.2165,-1.4973
analemma,13.00 EET Jan-Jun,0,52,1.2177,-1.5571
analemma,13.00 EET Jan-Jun,0,53,1.2184,-1.6155
analemma,13.00 EET Jan-Jun,0,54,1.2188,-1.6724
analemma,13.00 EET Jan-Jun,0,55,1.2187,-1.7279
analemma,13.00 EET Jan-Jun,0,56,1.2182,-1.7819
analemma,13.00 EET Jan-Jun,0,57,1.2172,-1.8344
analemma,13.00 EET Jan-Jun,0,58,1.2158,-1.8854
analemma,13.00 EET Jan-Jun,0,59,1.2128,-1.9590
analemma,13.00 EET Jan-Jun,0,60,1.2086,-2.0290
analemma,13.00 EET Jan-Jun,0,61,1.2034,-2.0953
analemma,13.00 EET Jan-Jun,0,62,1.1972,-2.1579
analemma,13.00 EET Jan-Jun,0,63,1.1899,-2.2167
analemma,13.00 EET Jan-Jun,0,64,1.1816,-2.2715
analemma,13.00 EET Jan-Jun,0,65,1.1723,-2.3224
analemma,13.00 EET Jan-Jun,0,66,1.1588,-2.3837
analemma,13.00 EET Jan-Jun,0,67,1.1439,-2.4376
analemma,13.00 EET Jan-Jun,0,68,1.1240,-2.4943
analemma,13.00 EET Jan-Jun,0,69,1.0988,-2.5461
analemma,13.00 EET Jan-Jun,0,70,1.0650,-2.5873
analemma,13.00 EET Jan-Jun,0,71,1.0137,-2.5826
analemma,13.00 EET Jan-Jun,0,72,1.0080,-2.5741
analemma,13.00 EET Jul-Dec,0,0,1.0053,-2.5691
analemma,13.00 EET Jul-Dec,0,1,0.9905,-2.5209
analemma,13.00 EET Jul-Dec,0,2,0.9845,-2.4617
analemma,13.00 EET Jul-Dec,0,3,0.9848,-2.4001
analemma,13.00 EET Jul-Dec,0,4,0.9888,-2.3431
analemma,13.00 EET Jul-Dec,0,5,0.9965,-2.2795
analemma,13.00 EET Jul-Dec,0,6,1.0046,-2.2275
analemma,13.00 EET Jul-Dec,0,7,1.0149,-2.1720
analemma,13.00 EET Jul-Dec,0,8,1.0273,-2.1130
analemma,13.00 EET Jul-Dec,0,9,1.0419,-2.0506
analemma,13.00 EET Jul-Dec,0,10,1.0587,-1.9848
analemma,13.00 EET Jul-Dec,0,11,1.0777,-1.9156
analemma,13.00 EET Jul-Dec,0,12,1.0988,-1.8432
analemma,13.00 EET Jul-Dec,0,13,1.1141,-1.7931
analemma,13.00 EET Jul-Dec,0,14,1.1303,-1.7416
analemma,13.00 EET Jul-Dec,0,15,1.1474,-1.6886
analemma,13.00 EET Jul-Dec,0,16,1.1655,-1.6342
analemma,13.00 EET Jul-Dec,0,17,1.1844,-1.5784
analemma,13.00 EET Jul-Dec,0,18,1.2042,-1.5211
analemma,13.00 EET Jul-Dec,0,19,1.2248,-1.4624
analemma,13.00 EET Jul-Dec,0,20,1.2463,-1.4022
analemma,13.00 EET Jul-Dec,0,21,1.2685,-1.3406
analemma,13.00 EET Jul-Dec,0,22,1.2915,-1.2775
analemma,13.00 EET Jul-Dec,0,23,1.3153,-1.2130
analemma,13.00 EET Jul-Dec,0,24,1.3397,-1.1470
analemma,13.00 EET Jul-Dec,0,25,1.3649,-1.0796
analemma,13.00 EET Jul-Dec,0,26,1.3906,-1.0107
analemma,13.00 EET Jul-Dec,0,27,1.4169,-0.9403
analemma,13.00 EET Jul-Dec,0,28,1.4438,-0.8684
analemma,13.00 EET Jul-Dec,0,29,1.4712,-0.7950
analemma,13.00 EET Jul-Dec,0,30,1.4990,-0.7201
analemma,13.00 EET Jul-Dec,0,31,1.5272,-0.6437
analemma,13.00 EET Jul-Dec,0,32,1.5558,-0.5658
analemma,13.00 EET Jul-Dec,0,33,1.5846,-0.4864
analemma,13.00 EET Jul-Dec,0,34,1.6136,-0.4056
analemma,13.00 EET Jul-Dec,0,35,1.6428,-0.3233
analemma,13.00 EET Jul-Dec,0,36,1.6720,-0.2395
analemma,13.00 EET Jul-Dec,0,37,1.7012,-0.1544
analemma,13.00 EET Jul-Dec,0,38,1.7304,-0.0678
analemma,13.00 EET Jul-Dec,0,39,1.7593,0.0200
analemma,13.00 EET Jul-Dec,0,40,1.7880,0.1092
analemma,13.00 EET Jul-Dec,0,41,1.8163,0.1995
analemma,13.00 EET Jul-Dec,0,42,1.8442,0.2910
analemma,13.00 EET Jul-Dec,0,43,1.8714,0.3835
analemma,13.00 EET Jul-Dec,0,44,1.8980,0.4770
analemma,13.00 EET Jul-Dec,0,45,1.9238,0.5712
analemma,13.00 EET Jul-Dec,0,46,1.9487,0.6662
analemma,13.00 EET Jul-Dec,0,47,1.9726,0.7617
analemma,13.00 EET Jul-Dec,0,48,1.9954,0.8576
analemma,13.00 EET Jul-Dec,0,49,2.0169,0.9536
analemma,13.00 EET Jul-Dec,0,50,2.0370,1.0496
analemma,13.00 EET Jul-Dec,0,51,2.0556,1.1454
analemma,13.00 EET Jul-Dec,0,52,2.0726,1.2407
analemma,13.00 EET Jul-Dec,0,53,2.0879,1.3352
analemma,13.00 EET Jul-Dec,0,54,2.1014,1.4287
analemma,13.00 EET Jul-Dec,0,55,2.1129,1.5209
analemma,13.00 EET Jul-Dec,0,56,2.1224,1.6114
analemma,13.00 EET Jul-Dec,0,57,2.1298,1.7000
analemma,13.00 EET Jul-Dec,0,58,2.1350,1.7862
analemma,13.00 EET Jul-Dec,0,59,2.1380,1.8698
analemma,13.00 EET Jul-Dec,0,60,2.1386,1.9504
analemma,13.00 EET Jul-Dec,0,61,2.1369,2.0277
analemma,13.00 EET Jul-Dec,0,62,2.1328,2.1012
analemma,13.00 EET Jul-Dec,0,63,2.1264,2.1706
analemma,13.00 EET Jul-Dec,0,64,2.1175,2.2356
analemma,13.00 EET Jul-Dec,0,65,2.1064,2.2958
analemma,13.00 EET Jul-Dec,0,66,2.0929,2.3510
analemma,13.00 EET Jul-Dec,0,67,2.0772,2.4008
analemma,13.00 EET Jul-Dec,0,68,2.0496,2.4648
analemma,13.00 EET Jul-Dec,0,69,2.0174,2.5152
analemma,13.00 EET Jul-Dec,0,70,1.9812,2.5516
analemma,13.00 EET Jul-Dec,0,71,1.9273,2.5773
analemma,13.00 EET Jul-Dec,0,72,1.8684,2.5767
analemma,13.00 EET Jul-Dec,0,73,1.8058,2.5500
analemma,13.00 EET Jul-Dec,0,74,1.7574,2.5133
analemma,13.00 EET Jul-Dec,0,75,1.7248,2.4813
analemma,13.50 EET Jan-Jun,0,0,2.6563,2.6578
analemma,13.50 EET Jan-Jun,0,1,2.6164,2.6104
analemma,13.50 EET Jan-Jun,0,2,2.5764,2.5573
analemma,13.50 EET Jan-Jun,0,3,2.5365,2.4990
analemma,13.50 EET Jan-Jun,0,4,2.4971,2.4356
analemma,13.50 EET Jan-Jun,0,5,2.4581,2.3677
analemma,13.50 EET Jan-Jun,0,6,2.4198,2.2956
analemma,13.50 EET Jan-Jun,0,7,2.3825,2.2196
analemma,13.50 EET Jan-Jun,0,8,2.3461,2.1401
analemma,13.50 EET Jan-Jun,0,9,2.3108,2.0575
analemma,13.50 EET Jan-Jun,0,10,2.2767,1.9721
analemma,13.50 EET Jan-Jun,0,11,2.2440,1.8843
analemma,13.50 EET Jan-Jun,0,12,2.2126,1.7944
analemma,13.50 EET Jan-Jun,0,13,2.1827,1.7027
analemma,13.50 EET Jan-Jun,0,14,2.1543,1.6096
analemma,13.50 EET Jan-Jun,0,15,2.1273,1.5152
analemma,13.50 EET Jan-Jun,0,16,2.1019,1.4199
analemma,13.50 EET Jan-Jun,0,17,2.0781,1.3238
analemma,13.50 EET Jan-Jun,0,18,2.0558,1.2273
analemma,13.50 EET Jan-Jun,0,19,2.0349,1.1306
analemma,13.50 EET Jan-Jun,0,20,2.0156,1.0337
analemma,13.50 EET Jan-Jun,0,21,1.9977,0.9369
analemma,13.50 EET Jan-Jun,0,22,1.9812,0.8403
analemma,13.50 EET Jan-Jun,0,23,1.9661,0.7442
analemma,13.50 EET Jan-Jun,0,24,1.9523,0.6485
analemma,13.50 EET Jan-Jun,0,25,1.9397,0.5534
analemma,13.50 EET Jan-Jun,0,26,1.9283,0.4591
analemma,13.50 EET Jan-Jun,0,27,1.9180,0.3655
analemma,13.50 EET Jan-Jun,0,28,1.9088,0.2728
analemma,13.50 EET Jan-Jun,0,29,1.9005,0.1810
analemma,13.50 EET Jan-Jun,0,30,1.8932,0.0903
analemma,13.50 EET Jan-Jun,0,31,1.8867,0.0006
analemma,13.50 EET Jan-Jun,0,32,1.8810,-0.0881
analemma,13.50 EET Jan-Jun,0,33,1.8760,-0.1756
analemma,13.50 EET Jan-Jun,0,34,1.8716,-0.2619
analemma,13.50 EET Jan-Jun,0,35,1.8677,-0.3471
analemma,13.50 EET Jan-Jun,0,36,1.8644,-0.4310
analemma,13.50 EET Jan-Jun,0,37,1.8615,-0.5137
analemma,13.50 EET Jan-Jun,0,38,1.8589,-0.5952
analemma,13.50 EET Jan-Jun,0,39,1.8567,-0.6753
analemma,13.50 EET Jan-Jun,0,40,1.8547,-0.7543
analemma,13.50 EET Jan-Jun,0,41,1.8529,-0.8319
analemma,13.50 EET Jan-Jun,0,42,1.8512,-0.9082
analemma,13.50 EET Jan-Jun,0,43,1.8496,-0.9831
analemma,13.50 EET Jan-Jun,0,44,1.8480,-1.0568
analemma,13.50 EET Jan-Jun,0,45,1.8463,-1.1290
analemma,13.50 EET Jan-Jun,0,46,1.8446,-1.2000
analemma,13.50 EET Jan-Jun,0,47,1.8428,-1.2695
analemma,13.50 EET Jan-Jun,0,48,1.8409,-1.3376
analemma,13.50 EET Jan-Jun,0,49,1.8387,-1.4044
analemma,13.50 EET Jan-Jun,0,50,1.8363,-1.4697
analemma,13.50 EET Jan-Jun,0,51,1.8337,-1.5335
analemma,13.50 EET Jan-Jun,0,52,1.8307,-1.5959
analemma,13.50 EET Jan-Jun,0,53,1.8275,-1.6568
analemma,13.50 EET Jan-Jun,0,54,1.8239,-1.7162
analemma,13.50 EET Jan-Jun,0,55,1.8199,-1.7740
analemma,13.50 EET Jan-Jun,0,56,1.8156,-1.8303
analemma,13.50 EET Jan-Jun,0,57,1.8109,-1.8850
analemma,13.50 EET Jan-Jun,0,58,1.8057,-1.9381
analemma,13.50 EET Jan-Jun,0,59,1.8002,-1.9895
analemma,13.50 EET Jan-Jun,0,60,1.7943,-2.0393
analemma,13.50 EET Jan-Jun,0,61,1.7846,-2.1108
analemma,13.50 EET Jan-Jun,0,62,1.7740,-2.1783
analemma,13.50 EET Jan-Jun,0,63,1.7625,-2.2419
analemma,13.50 EET Jan-Jun,0,64,1.7502,-2.3013
analemma,13.50 EET Jan-Jun,0,65,1.7371,-2.3566
analemma,13.50 EET Jan-Jun,0,66,1.7233,-2.4075
analemma,13.50 EET Jan-Jun,0,67,1.7041,-2.4687
analemma,13.50 EET Jan-Jun,0,68,1.6841,-2.5219
analemma,13.50 EET Jan-Jun,0,69,1.6585,-2.5770
analemma,13.50 EET Jan-Jun,0,70,1.6278,-2.6262
analemma,13.50 EET Jan-Jun,0,71,1.5891,-2.6628
analemma,13.50 EET Jan-Jun,0,72,1.5389,-2.6521
analemma,13.50 EET Jan-Jun,0,73,1.5333,-2.6429
analemma,13.50 EET Jul-Dec,0,0,1.5308,-2.6376
analemma,13.50 EET Jul-Dec,0,1,1.5184,-2.5869
analemma,13.50 EET Jul-Dec,0,2,1.5158,-2.5366
analemma,13.50 EET Jul-Dec,0,3,1.5192,-2.4750
analemma,13.50 EET Jul-Dec,0,4,1.5264,-2.4180
analemma,13.50 EET Jul-Dec,0,5,1.5379,-2.3541
analemma,13.50 EET Jul-Dec,0,6,1.5494,-2.3019
analemma,13.50 EET Jul-Dec,0,7,1.5635,-2.2461
analemma,13.50 EET Jul-Dec,0,8,1.5801,-2.1867
analemma,13.50 EET Jul-Dec,0,9,1.5993,-2.1237
analemma,13.50 EET Jul-Dec,0,10,1.6211,-2.0573
analemma,13.50 EET Jul-Dec,0,11,1.6455,-1.9874
analemma,13.50 EET Jul-Dec,0,12,1.6632,-1.9389
analemma,13.50 EET Jul-Dec,0,13,1.6821,-1.8889
analemma,13.50 EET Jul-Dec,0,14,1.7021,-1.8374
analemma,13.50 EET Jul-Dec,0,15,1.7232,-1.7843
analemma,13.50 EET Jul-Dec,0,16,1.7455,-1.7297
analemma,13.50 EET Jul-Dec,0,17,1.7689,-1.6736
analemma,13.50 EET Jul-Dec,0,18,1.7933,-1.6159
analemma,13.50 EET Jul-Dec,0,19,1.8189,-1.5567
analemma,13.50 EET Jul-Dec,0,20,1.8455,-1.4960
analemma,13.50 EET Jul-Dec,0,21,1.8731,-1.4336
analemma,13.50 EET Jul-Dec,0,22,1.9017,-1.3697
analemma,13.50 EET Jul-Dec,0,23,1.9313,-1.3042
analemma,13.50 EET Jul-Dec,0,24,1.9619,-1.2371
analemma,13.50 EET Jul-Dec,0,25,1.9933,-1.1683
analemma,13.50 EET Jul-Dec,0,26,2.0257,-1.0980
analemma,13.50 EET Jul-Dec,0,27,2.0589,-1.0259
analemma,13.50 EET Jul-Dec,0,28,2.0930,-0.9522
analemma,13.50 EET Jul-Dec,0,29,2.1277,-0.8768
analemma,13.50 EET Jul-Dec,0,30,2.1632,-0.7997
analemma,13.50 EET Jul-Dec,0,31,2.1994,-0.7208
analemma,13.50 EET Jul-Dec,0,32,2.2362,-0.6403
analemma,13.50 EET Jul-Dec,0,33,2.2735,-0.5580
analemma,13.50 EET Jul-Dec,0,34,2.3113,-0.4740
analemma,13.50 EET Jul-Dec,0,35,2.3495,-0.3883
analemma,13.50 EET Jul-Dec,0,36,2.3881,-0.3009
analemma,13.50 EET Jul-Dec,0,37,2.4268,-0.2117
analemma,13.50 EET Jul-Dec,0,38,2.4658,-0.1209
analemma,13.50 EET Jul-Dec,0,39,2.5048,-0.0285
analemma,13.50 EET Jul-Dec,0,40,2.5243,0.0183
analemma,13.50 EET Jul-Dec,0,41,2.5438,0.0655
analemma,13.50 EET Jul-Dec,0,42,2.5633,0.1131
analemma,13.50 EET Jul-Dec,0,43,2.5827,0.1610
analemma,13.50 EET Jul-Dec,0,44,2.6020,0.2094
analemma,13.50 EET Jul-Dec,0,45,2.6212,0.2580
analemma,13.50 EET Jul-Dec,0,46,2.6404,0.3071
analemma,13.50 EET Jul-Dec,0,47,2.6595,0.3564
analemma,13.50 EET Jul-Dec,0,48,2.6784,0.4061
analemma,13.50 EET Jul-Dec,0,49,2.6972,0.4561
analemma,13.50 EET Jul-Dec,0,50,2.7158,0.5063
analemma,13.50 EET Jul-Dec,0,51,2.7342,0.5569
analemma,13.50 EET Jul-Dec,0,52,2.7525,0.6077
analemma,13.50 EET Jul-Dec,0,53,2.7705,0.6587
analemma,13.50 EET Jul-Dec,0,54,2.7883,0.7099
analemma,13.50 EET Jul-Dec,0,55,2.8059,0.7614
analemma,13.50 EET Jul-Dec,0,56,2.8232,0.8130
analemma,13.50 EET Jul-Dec,0,57,2.8402,0.8648
analemma,13.50 EET Jul-Dec,0,58,2.8569,0.9167
analemma,13.50 EET Jul-Dec,0,59,2.8732,0.9687
analemma,13.50 EET Jul-Dec,0,60,2.8893,1.0208
analemma,13.50 EET Jul-Dec,0,61,2.9049,1.0729
analemma,13.50 EET Jul-Dec,0,62,2.9202,1.1250
analemma,13.50 EET Jul-Dec,0,63,2.9351,1.1771
analemma,13.50 EET Jul-Dec,0,64,2.9495,1.2292
analemma,13.50 EET Jul-Dec,0,65,2.9635,1.2811
analemma,13.50 EET Jul-Dec,0,66,2.9771,1.3330
analemma,13.50 EET Jul-Dec,0,67,2.9901,1.3846
analemma,13.50 EET Jul-Dec,0,68,3.0027,1.4361
analemma,13.50 EET Jul-Dec,0,69,3.0147,1.4874
analemma,13.50 EET Jul-Dec,0,70,3.0262,1.5383
analemma,13.50 EET Jul-Dec,0,71,3.0371,1.5890
analemma,13.50 EET Jul-Dec,0,72,3.0474,1.6392
analemma,13.50 EET Jul-Dec,0,73,3.0572,1.6891
analemma,13.50 EET Jul-Dec,0,74,3.0663,1.7385
analemma,13.50 EET Jul-Dec,0,75,3.0827,1.8357
analemma,13.50 EET Jul-Dec,0,76,3.0964,1.9306
analemma,13.50 EET Jul-Dec,0,77,3.1074,2.0226
analemma,13.50 EET Jul-Dec,0,78,3.1155,2.1114
analemma,13.50 EET Jul-Dec,0,79,3.1206,2.1966
analemma,13.50 EET Jul-Dec,0,80,3.1227,2.2777
analemma,13.50 EET Jul-Dec,0,81,3.1218,2.3544
analemma,13.50 EET Jul-Dec,0,82,3.1179,2.4263
analemma,13.50 EET Jul-Dec,0,83,3.1108,2.4929
analemma,13.50 EET Jul-Dec,0,84,3.1007,2.5540
analemma,13.50 EET Jul-Dec,0,85,3.0875,2.6091
analemma,13.50 EET Jul-Dec,0,86,3.0714,2.6580
analemma,13.50 EET Jul-Dec,0,87,3.0420,2.7191
analemma,13.50 EET Jul-Dec,0,88,3.0065,2.7649
analemma,13.50 EET Jul-Dec,0,89,2.9655,2.7947
analemma,13.50 EET Jul-Dec,0,90,2.9032,2.8093
analemma,13.50 EET Jul-Dec,0,91,2.8518,2.8013
analemma,13.50 EET Jul-Dec,0,92,2.7971,2.7775
analemma,13.50 EET Jul-Dec,0,93,2.7399,2.7381
analemma,13.50 EET Jul-Dec,0,94,2.7008,2.7037
analemma,13.50 EET Jul-Dec,0,95,2.6811,2.6841
analemma,14.00 EET Jan-Jun,0,0,3.7826,2.9751
analemma,14.00 EET Jan-Jun,0,1,3.7310,2.9185
analemma,14.00 EET Jan-Jun,0,2,3.6791,2.8559
analemma,14.00 EET Jan-Jun,0,3,3.6271,2.7876
analemma,14.00 EET Jan-Jun,0,4,3.5754,2.7141
analemma,14.00 EET Jan-Jun,0,5,3.5240,2.6359
analemma,14.00 EET Jan-Jun,0,6,3.4733,2.5533
analemma,14.00 EET Jan-Jun,0,7,3.4234,2.4668
analemma,14.00 EET Jan-Jun,0,8,3.3989,2.4222
analemma,14.00 EET Jan-Jun,0,9,3.3746,2.3768
analemma,14.00 EET Jan-Jun,0,10,3.3506,2.3307
analemma,14.00 EET Jan-Jun,0,11,3.3270,2.2838
analemma,14.00 EET Jan-Jun,0,12,3.3037,2.2362
analemma,14.00 EET Jan-Jun,0,13,3.2807,2.1881
analemma,14.00 EET Jan-Jun,0,14,3.2581,2.1393
analemma,14.00 EET Jan-Jun,0,15,3.2359,2.0901
analemma,14.00 EET Jan-Jun,0,16,3.2141,2.0403
analemma,14.00 EET Jan-Jun,0,17,3.1926,1.9901
analemma,14.00 EET Jan-Jun,0,18,3.1716,1.9395
analemma,14.00 EET Jan-Jun,0,19,3.1510,1.8886
analemma,14.00 EET Jan-Jun,0,20,3.1308,1.8373
analemma,14.00 EET Jan-Jun,0,21,3.1111,1.7858
analemma,14.00 EET Jan-Jun,0,22,3.0918,1.7339
analemma,14.00 EET Jan-Jun,0,23,3.0729,1.6819
analemma,14.00 EET Jan-Jun,0,24,3.0545,1.6297
analemma,14.00 EET Jan-Jun,0,25,3.0365,1.5774
analemma,14.00 EET Jan-Jun,0,26,3.0190,1.5249
analemma,14.00 EET Jan-Jun,0,27,3.0019,1.4723
analemma,14.00 EET Jan-Jun,0,28,2.9853,1.4197
analemma,14.00 EET Jan-Jun,0,29,2.9691,1.3671
analemma,14.00 EET Jan-Jun,0,30,2.9533,1.3144
analemma,14.00 EET Jan-Jun,0,31,2.9380,1.2618
analemma,14.00 EET Jan-Jun,0,32,2.9232,1.2091
analemma,14.00 EET Jan-Jun,0,33,2.9087,1.1566
analemma,14.00 EET Jan-Jun,0,34,2.8947,1.1041
analemma,14.00 EET Jan-Jun,0,35,2.8811,1.0517
analemma,14.00 EET Jan-Jun,0,36,2.8679,0.9995
analemma,14.00 EET Jan-Jun,0,37,2.8552,0.9473
analemma,14.00 EET Jan-Jun,0,38,2.8428,0.8953
analemma,14.00 EET Jan-Jun,0,39,2.8308,0.8435
analemma,14.00 EET Jan-Jun,0,40,2.8193,0.7919
analemma,14.00 EET Jan-Jun,0,41,2.8081,0.7404
analemma,14.00 EET Jan-Jun,0,42,2.7972,0.6892
analemma,14.00 EET Jan-Jun,0,43,2.7868,0.6381
analemma,14.00 EET Jan-Jun,0,44,2.7767,0.5873
analemma,14.00 EET Jan-Jun,0,45,2.7669,0.5367
analemma,14.00 EET Jan-Jun,0,46,2.7575,0.4864
analemma,14.00 EET Jan-Jun,0,47,2.7484,0.4363
analemma,14.00 EET Jan-Jun,0,48,2.7396,0.3865
analemma,14.00 EET Jan-Jun,0,49,2.7312,0.3369
analemma,14.00 EET Jan-Jun,0,50,2.7151,0.2387
analemma,14.00 EET Jan-Jun,0,51,2.7002,0.1415
analemma,14.00 EET Jan-Jun,0,52,2.6864,0.0456
analemma,14.00 EET Jan-Jun,0,53,2.6735,-0.0491
analemma,14.00 EET Jan-Jun,0,54,2.6614,-0.1425
analemma,14.00 EET Jan-Jun,0,55,2.6502,-0.2346
analemma,14.00 EET Jan-Jun,0,56,2.6397,-0.3255
analemma,14.00 EET Jan-Jun,0,57,2.6299,-0.4149
analemma,14.00 EET Jan-Jun,0,58,2.6206,-0.5031
analemma,14.00 EET Jan-Jun,0,59,2.6118,-0.5899
analemma,14.00 EET Jan-Jun,0,60,2.6035,-0.6753
analemma,14.00 EET Jan-Jun,0,61,2.5956,-0.7593
analemma,14.00 EET Jan-Jun,0,62,2.5879,-0.8419
analemma,14.00 EET Jan-Jun,0,63,2.5805,-0.9231
analemma,14.00 EET Jan-Jun,0,64,2.5733,-1.0028
analemma,14.00 EET Jan-Jun,0,65,2.5661,-1.0812
analemma,14.00 EET Jan-Jun,0,66,2.5591,-1.1580
analemma,14.00 EET Jan-Jun,0,67,2.5521,-1.2334
analemma,14.00 EET Jan-Jun,0,68,2.5450,-1.3073
analemma,14.00 EET Jan-Jun,0,69,2.5379,-1.3797
analemma,14.00 EET Jan-Jun,0,70,2.5307,-1.4506
analemma,14.00 EET Jan-Jun,0,71,2.5233,-1.5199
analemma,14.00 EET Jan-Jun,0,72,2.5157,-1.5877
analemma,14.00 EET Jan-Jun,0,73,2.5079,-1.6538
analemma,14.00 EET Jan-Jun,0,74,2.4998,-1.7184
analemma,14.00 EET Jan-Jun,0,75,2.4915,-1.7813
analemma,14.00 EET Jan-Jun,0,76,2.4829,-1.8426
analemma,14.00 EET Jan-Jun,0,77,2.4739,-1.9021
analemma,14.00 EET Jan-Jun,0,78,2.4647,-1.9600
analemma,14.00 EET Jan-Jun,0,79,2.4551,-2.0161
analemma,14.00 EET Jan-Jun,0,80,2.4452,-2.0704
analemma,14.00 EET Jan-Jun,0,81,2.4349,-2.1229
analemma,14.00 EET Jan-Jun,0,82,2.4243,-2.1736
analemma,14.00 EET Jan-Jun,0,83,2.4133,-2.2224
analemma,14.00 EET Jan-Jun,0,84,2.3964,-2.2920
analemma,14.00 EET Jan-Jun,0,85,2.3787,-2.3572
analemma,14.00 EET Jan-Jun,0,86,2.3604,-2.4180
analemma,14.00 EET Jan-Jun,0,87,2.3417,-2.4742
analemma,14.00 EET Jan-Jun,0,88,2.3225,-2.5258
analemma,14.00 EET Jan-Jun,0,89,2.3030,-2.5726
analemma,14.00 EET Jan-Jun,0,90,2.2769,-2.6276
analemma,14.00 EET Jan-Jun,0,91,2.2509,-2.6740
analemma,14.00 EET Jan-Jun,0,92,2.2191,-2.7197
analemma,14.00 EET Jan-Jun,0,93,2.1831,-2.7566
analemma,14.00 EET Jan-Jun,0,94,2.1366,-2.7752
analemma,14.00 EET Jan-Jun,0,95,2.1008,-2.7457
analemma,14.00 EET Jul-Dec,0,0,2.0984,-2.7400
analemma,14.00 EET Jul-Dec,0,1,2.0883,-2.6859
analemma,14.00 EET Jul-Dec,0,2,2.0890,-2.6329
analemma,14.00 EET Jul-Dec,0,3,2.0949,-2.5822
analemma,14.00 EET Jul-Dec,0,4,2.1057,-2.5243
analemma,14.00 EET Jul-Dec,0,5,2.1217,-2.4595
analemma,14.00 EET Jul-Dec,0,6,2.1371,-2.4064
analemma,14.00 EET Jul-Dec,0,7,2.1557,-2.3496
analemma,14.00 EET Jul-Dec,0,8,2.1773,-2.2890
analemma,14.00 EET Jul-Dec,0,9,2.2021,-2.2248
analemma,14.00 EET Jul-Dec,0,10,2.2300,-2.1569
analemma,14.00 EET Jul-Dec,0,11,2.2504,-2.1096
analemma,14.00 EET Jul-Dec,0,12,2.2722,-2.0607
analemma,14.00 EET Jul-Dec,0,13,2.2955,-2.0102
analemma,14.00 EET Jul-Dec,0,14,2.3202,-1.9581
analemma,14.00 EET Jul-Dec,0,15,2.3463,-1.9043
analemma,14.00 EET Jul-Dec,0,16,2.3738,-1.8489
analemma,14.00 EET Jul-Dec,0,17,2.4027,-1.7918
analemma,14.00 EET Jul-Dec,0,18,2.4330,-1.7331
analemma,14.00 EET Jul-Dec,0,19,2.4647,-1.6727
analemma,14.00 EET Jul-Dec,0,20,2.4977,-1.6105
analemma,14.00 EET Jul-Dec,0,21,2.5321,-1.5467
analemma,14.00 EET Jul-Dec,0,22,2.5679,-1.4811
analemma,14.00 EET Jul-Dec,0,23,2.6050,-1.4137
analemma,14.00 EET Jul-Dec,0,24,2.6434,-1.3445
analemma,14.00 EET Jul-Dec,0,25,2.6830,-1.2734
analemma,14.00 EET Jul-Dec,0,26,2.7239,-1.2005
analemma,14.00 EET Jul-Dec,0,27,2.7660,-1.1257
analemma,14.00 EET Jul-Dec,0,28,2.8093,-1.0490
analemma,14.00 EET Jul-Dec,0,29,2.8538,-0.9703
analemma,14.00 EET Jul-Dec,0,30,2.8993,-0.8897
analemma,14.00 EET Jul-Dec,0,31,2.9459,-0.8070
analemma,14.00 EET Jul-Dec,0,32,2.9935,-0.7223
analemma,14.00 EET Jul-Dec,0,33,3.0421,-0.6355
analemma,14.00 EET Jul-Dec,0,34,3.0667,-0.5914
analemma,14.00 EET Jul-Dec,0,35,3.0915,-0.5467
analemma,14.00 EET Jul-Dec,0,36,3.1165,-0.5015
analemma,14.00 EET Jul-Dec,0,37,3.1417,-0.4558
analemma,14.00 EET Jul-Dec,0,38,3.1671,-0.4095
analemma,14.00 EET Jul-Dec,0,39,3.1927,-0.3628
analemma,14.00 EET Jul-Dec,0,40,3.2184,-0.3155
analemma,14.00 EET Jul-Dec,0,41,3.2443,-0.2677
analemma,14.00 EET Jul-Dec,0,42,3.2703,-0.2193
analemma,14.00 EET Jul-Dec,0,43,3.2964,-0.1705
analemma,14.00 EET Jul-Dec,0,44,3.3227,-0.1211
analemma,14.00 EET Jul-Dec,0,45,3.3490,-0.0712
analemma,14.00 EET Jul-Dec,0,46,3.3755,-0.0208
analemma,14.00 EET Jul-Dec,0,47,3.4020,0.0300
analemma,14.00 EET Jul-Dec,0,48,3.4285,0.0814
analemma,14.00 EET Jul-Dec,0,49,3.4551,0.1333
analemma,14.00 EET Jul-Dec,0,50,3.4817,0.1857
analemma,14.00 EET Jul-Dec,0,51,3.5084,0.2385
analemma,14.00 EET Jul-Dec,0,52,3.5350,0.2918
analemma,14.00 EET Jul-Dec,0,53,3.5615,0.3455
analemma,14.00 EET Jul-Dec,0,54,3.5880,0.3997
analemma,14.00 EET Jul-Dec,0,55,3.6145,0.4544
analemma,14.00 EET Jul-Dec,0,56,3.6408,0.5094
analemma,14.00 EET Jul-Dec,0,57,3.6671,0.5648
analemma,14.00 EET Jul-Dec,0,58,3.6932,0.6206
analemma,14.00 EET Jul-Dec,0,59,3.7191,0.6768
analemma,14.00 EET Jul-Dec,0,60,3.7448,0.7333
analemma,14.00 EET Jul-Dec,0,61,3.7704,0.7902
analemma,14.00 EET Jul-Dec,0,62,3.7957,0.8473
analemma,14.00 EET Jul-Dec,0,63,3.8208,0.9047
analemma,14.00 EET Jul-Dec,0,64,3.8456,0.9624
analemma,14.00 EET Jul-Dec,0,65,3.8700,1.0202
analemma,14.00 EET Jul-Dec,0,66,3.8942,1.0783
analemma,14.00 EET Jul-Dec,0,67,3.9179,1.1365
analemma,14.00 EET Jul-Dec,0,68,3.9413,1.1949
analemma,14.00 EET Jul-Dec,0,69,3.9643,1.2533
analemma,14.00 EET Jul-Dec,0,70,3.9868,1.3118
analemma,14.00 EET Jul-Dec,0,71,4.0089,1.3703
analemma,14.00 EET Jul-Dec,0,72,4.0305,1.4288
analemma,14.00 EET Jul-Dec,0,73,4.0515,1.4872
analemma,14.00 EET Jul-Dec,0,74,4.0720,1.5454
analemma,14.00 EET Jul-Dec,0,75,4.0919,1.6036
analemma,14.00 EET Jul-Dec,0,76,4.1111,1.6615
analemma,14.00 EET Jul-Dec,0,77,4.1298,1.7192
analemma,14.00 EET Jul-Dec,0,78,4.1477,1.7765
analemma,14.00 EET Jul-Dec,0,79,4.1650,1.8336
analemma,14.00 EET Jul-Dec,0,80,4.1815,1.8901
analemma,14.00 EET Jul-Dec,0,81,4.1973,1.9463
analemma,14.00 EET Jul-Dec,0,82,4.2123,2.0019
analemma,14.00 EET Jul-Dec,0,83,4.2265,2.0569
analemma,14.00 EET Jul-Dec,0,84,4.2399,2.1113
analemma,14.00 EET Jul-Dec,0,85,4.2524,2.1650
analemma,14.00 EET Jul-Dec,0,86,4.2640,2.2179
analemma,14.00 EET Jul-Dec,0,87,4.2748,2.2701
analemma,14.00 EET Jul-Dec,0,88,4.2846,2.3213
analemma,14.00 EET Jul-Dec,0,89,4.2934,2.3716
analemma,14.00 EET Jul-Dec,0,90,4.3083,2.4691
analemma,14.00 EET Jul-Dec,0,91,4.3192,2.5621
analemma,14.00 EET Jul-Dec,0,92,4.3260,2.6500
analemma,14.00 EET Jul-Dec,0,93,4.3286,2.7325
analemma,14.00 EET Jul-Dec,0,94,4.3271,2.8091
analemma,14.00 EET Jul-Dec,0,95,4.3213,2.8792
analemma,14.00 EET Jul-Dec,0,96,4.3113,2.9426
analemma,14.00 EET Jul-Dec,0,97,4.2972,2.9988
analemma,14.00 EET Jul-Dec,0,98,4.2791,3.0476
analemma,14.00 EET Jul-Dec,0,99,4.2445,3.1061
analemma,14.00 EET Jul-Dec,0,100,4.2015,3.1465
analemma,14.00 EET Jul-Dec,0,101,4.1509,3.1684
analemma,14.00 EET Jul-Dec,0,102,4.0935,3.1717
analemma,14.00 EET Jul-Dec,0,103,4.0301,3.1565
analemma,14.00 EET Jul-Dec,0,104,3.9618,3.1235
analemma,14.00 EET Jul-Dec,0,105,3.9139,3.0919
analemma,14.00 EET Jul-Dec,0,106,3.8647,3.0529
analemma,14.00 EET Jul-Dec,0,107,3.8143,3.0069
analemma,14.50 EET Jan-Jun,0,0,5.2110,3.4688
analemma,14.50 EET Jan-Jun,0,1,5.1400,3.3974
analemma,14.50 EET Jan-Jun,0,2,5.1042,3.3592
analemma,14.50 EET Jan-Jun,0,3,5.0683,3.3194
analemma,14.50 EET Jan-Jun,0,4,5.0323,3.2781
analemma,14.50 EET Jan-Jun,0,5,4.9963,3.2354
analemma,14.50 EET Jan-Jun,0,6,4.9603,3.1912
analemma,14.50 EET Jan-Jun,0,7,4.9244,3.1457
analemma,14.50 EET Jan-Jun,0,8,4.8886,3.0990
analemma,14.50 EET Jan-Jun,0,9,4.8529,3.0510
analemma,14.50 EET Jan-Jun,0,10,4.8174,3.0020
analemma,14.50 EET Jan-Jun,0,11,4.7822,2.9519
analemma,14.50 EET Jan-Jun,0,12,4.7472,2.9008
analemma,14.50 EET Jan-Jun,0,13,4.7124,2.8488
analemma,14.50 EET Jan-Jun,0,14,4.6780,2.7959
analemma,14.50 EET Jan-Jun,0,15,4.6440,2.7422
analemma,14.50 EET Jan-Jun,0,16,4.6103,2.6878
analemma,14.50 EET Jan-Jun,0,17,4.5770,2.6327
analemma,14.50 EET Jan-Jun,0,18,4.5441,2.5770
analemma,14.50 EET Jan-Jun,0,19,4.5117,2.5207
analemma,14.50 EET Jan-Jun,0,20,4.4798,2.4639
analemma,14.50 EET Jan-Jun,0,21,4.4483,2.4066
analemma,14.50 EET Jan-Jun,0,22,4.4173,2.3489
analemma,14.50 EET Jan-Jun,0,23,4.3868,2.2909
analemma,14.50 EET Jan-Jun,0,24,4.3568,2.2325
analemma,14.50 EET Jan-Jun,0,25,4.3274,2.1738
analemma,14.50 EET Jan-Jun,0,26,4.2985,2.1149
analemma,14.50 EET Jan-Jun,0,27,4.2702,2.0558
analemma,14.50 EET Jan-Jun,0,28,4.2424,1.9966
analemma,14.50 EET Jan-Jun,0,29,4.2152,1.9372
analemma,14.50 EET Jan-Jun,0,30,4.1886,1.8777
analemma,14.50 EET Jan-Jun,0,31,4.1625,1.8182
analemma,14.50 EET Jan-Jun,0,32,4.1370,1.7587
analemma,14.50 EET Jan-Jun,0,33,4.1121,1.6991
analemma,14.50 EET Jan-Jun,0,34,4.0877,1.6396
analemma,14.50 EET Jan-Jun,0,35,4.0639,1.5802
analemma,14.50 EET Jan-Jun,0,36,4.0407,1.5208
analemma,14.50 EET Jan-Jun,0,37,4.0180,1.4616
analemma,14.50 EET Jan-Jun,0,38,3.9959,1.4025
analemma,14.50 EET Jan-Jun,0,39,3.9743,1.3435
analemma,14.50 EET Jan-Jun,0,40,3.9533,1.2847
analemma,14.50 EET Jan-Jun,0,41,3.9329,1.2261
analemma,14.50 EET Jan-Jun,0,42,3.9129,1.1677
analemma,14.50 EET Jan-Jun,0,43,3.8935,1.1095
analemma,14.50 EET Jan-Jun,0,44,3.8746,1.0516
analemma,14.50 EET Jan-Jun,0,45,3.8562,0.9939
analemma,14.50 EET Jan-Jun,0,46,3.8383,0.9365
analemma,14.50 EET Jan-Jun,0,47,3.8209,0.8794
analemma,14.50 EET Jan-Jun,0,48,3.8040,0.8225
analemma,14.50 EET Jan-Jun,0,49,3.7876,0.7660
analemma,14.50 EET Jan-Jun,0,50,3.7716,0.7097
analemma,14.50 EET Jan-Jun,0,51,3.7560,0.6538
analemma,14.50 EET Jan-Jun,0,52,3.7409,0.5981
analemma,14.50 EET Jan-Jun,0,53,3.7262,0.5428
analemma,14.50 EET Jan-Jun,0,54,3.7119,0.4879
analemma,14.50 EET Jan-Jun,0,55,3.6981,0.4333
analemma,14.50 EET Jan-Jun,0,56,3.6846,0.3790
analemma,14.50 EET Jan-Jun,0,57,3.6715,0.3251
analemma,14.50 EET Jan-Jun,0,58,3.6587,0.2715
analemma,14.50 EET Jan-Jun,0,59,3.6463,0.2183
analemma,14.50 EET Jan-Jun,0,60,3.6343,0.1655
analemma,14.50 EET Jan-Jun,0,61,3.6225,0.1130
analemma,14.50 EET Jan-Jun,0,62,3.6111,0.0609
analemma,14.50 EET Jan-Jun,0,63,3.6000,0.0092
analemma,14.50 EET Jan-Jun,0,64,3.5892,-0.0422
analemma,14.50 EET Jan-Jun,0,65,3.5787,-0.0932
analemma,14.50 EET Jan-Jun,0,66,3.5684,-0.1438
analemma,14.50 EET Jan-Jun,0,67,3.5584,-0.1940
analemma,14.50 EET Jan-Jun,0,68,3.5487,-0.2438
analemma,14.50 EET Jan-Jun,0,69,3.5391,-0.2933
analemma,14.50 EET Jan-Jun,0,70,3.5207,-0.3910
analemma,14.50 EET Jan-Jun,0,71,3.5031,-0.4872
analemma,14.50 EET Jan-Jun,0,72,3.4862,-0.5818
analemma,14.50 EET Jan-Jun,0,73,3.4700,-0.6749
analemma,14.50 EET Jan-Jun,0,74,3.4543,-0.7664
analemma,14.50 EET Jan-Jun,0,75,3.4391,-0.8563
analemma,14.50 EET Jan-Jun,0,76,3.4242,-0.9446
analemma,14.50 EET Jan-Jun,0,77,3.4097,-1.0313
analemma,14.50 EET Jan-Jun,0,78,3.3955,-1.1164
analemma,14.50 EET Jan-Jun,0,79,3.3814,-1.1998
analemma,14.50 EET Jan-Jun,0,80,3.3675,-1.2816
analemma,14.50 EET Jan-Jun,0,81,3.3537,-1.3617
analemma,14.50 EET Jan-Jun,0,82,3.3399,-1.4402
analemma,14.50 EET Jan-Jun,0,83,3.3261,-1.5169
analemma,14.50 EET Jan-Jun,0,84,3.3122,-1.5919
analemma,14.50 EET Jan-Jun,0,85,3.2983,-1.6652
analemma,14.50 EET Jan-Jun,0,86,3.2842,-1.7367
analemma,14.50 EET Jan-Jun,0,87,3.2699,-1.8064
analemma,14.50 EET Jan-Jun,0,88,3.2555,-1.8743
analemma,14.50 EET Jan-Jun,0,89,3.2408,-1.9403
analemma,14.50 EET Jan-Jun,0,90,3.2259,-2.0044
analemma,14.50 EET Jan-Jun,0,91,3.2108,-2.0666
analemma,14.50 EET Jan-Jun,0,92,3.1954,-2.1269
analemma,14.50 EET Jan-Jun,0,93,3.1797,-2.1851
analemma,14.50 EET Jan-Jun,0,94,3.1638,-2.2414
analemma,14.50 EET Jan-Jun,0,95,3.1477,-2.2956
analemma,14.50 EET Jan-Jun,0,96,3.1313,-2.3478
analemma,14.50 EET Jan-Jun,0,97,3.1147,-2.3978
analemma,14.50 EET Jan-Jun,0,98,3.0979,-2.4457
analemma,14.50 EET Jan-Jun,0,99,3.0724,-2.5134
analemma,14.50 EET Jan-Jun,0,100,3.0466,-2.5762
analemma,14.50 EET Jan-Jun,0,101,3.0206,-2.6339
analemma,14.50 EET Jan-Jun,0,102,2.9945,-2.6866
analemma,14.50 EET Jan-Jun,0,103,2.9686,-2.7340
analemma,14.50 EET Jan-Jun,0,104,2.9345,-2.7891
analemma,14.50 EET Jan-Jun,0,105,2.9013,-2.8348
analemma,14.50 EET Jan-Jun,0,106,2.8618,-2.8788
analemma,14.50 EET Jan-Jun,0,107,2.8185,-2.9123
analemma,14.50 EET Jan-Jun,0,108,2.7656,-2.9240
analemma,14.50 EET Jan-Jun,0,109,2.7319,-2.8909
analemma,14.50 EET Jul-Dec,0,0,2.7295,-2.8846
analemma,14.50 EET Jul-Dec,0,1,2.7219,-2.8260
analemma,14.50 EET Jul-Dec,0,2,2.7267,-2.7694
analemma,14.50 EET Jul-Dec,0,3,2.7371,-2.7156
analemma,14.50 EET Jul-Dec,0,4,2.7537,-2.6543
analemma,14.50 EET Jul-Dec,0,5,2.7704,-2.6037
analemma,14.50 EET Jul-Dec,0,6,2.7907,-2.5491
analemma,14.50 EET Jul-Dec,0,7,2.8149,-2.4905
analemma,14.50 EET Jul-Dec,0,8,2.8429,-2.4280
analemma,14.50 EET Jul-Dec,0,9,2.8749,-2.3617
analemma,14.50 EET Jul-Dec,0,10,2.8984,-2.3153
analemma,14.50 EET Jul-Dec,0,11,2.9236,-2.2672
analemma,14.50 EET Jul-Dec,0,12,2.9507,-2.2173
analemma,14.50 EET Jul-Dec,0,13,2.9796,-2.1657
analemma,14.50 EET Jul-Dec,0,14,3.0102,-2.1124
analemma,14.50 EET Jul-Dec,0,15,3.0427,-2.0573
analemma,14.50 EET Jul-Dec,0,16,3.0771,-2.0004
analemma,14.50 EET Jul-Dec,0,17,3.1132,-1.9416
analemma,14.50 EET Jul-Dec,0,18,3.1512,-1.8811
analemma,14.50 EET Jul-Dec,0,19,3.1910,-1.8186
analemma,14.50 EET Jul-Dec,0,20,3.2326,-1.7543
analemma,14.50 EET Jul-Dec,0,21,3.2761,-1.6880
analemma,14.50 EET Jul-Dec,0,22,3.3213,-1.6198
analemma,14.50 EET Jul-Dec,0,23,3.3684,-1.5495
analemma,14.50 EET Jul-Dec,0,24,3.4174,-1.4771
analemma,14.50 EET Jul-Dec,0,25,3.4681,-1.4026
analemma,14.50 EET Jul-Dec,0,26,3.5205,-1.3260
analemma,14.50 EET Jul-Dec,0,27,3.5748,-1.2471
analemma,14.50 EET Jul-Dec,0,28,3.6308,-1.1660
analemma,14.50 EET Jul-Dec,0,29,3.6594,-1.1246
analemma,14.50 EET Jul-Dec,0,30,3.6885,-1.0826
analemma,14.50 EET Jul-Dec,0,31,3.7180,-1.0400
analemma,14.50 EET Jul-Dec,0,32,3.7479,-0.9968
analemma,14.50 EET Jul-Dec,0,33,3.7782,-0.9530
analemma,14.50 EET Jul-Dec,0,34,3.8089,-0.9085
analemma,14.50 EET Jul-Dec,0,35,3.8401,-0.8635
analemma,14.50 EET Jul-Dec,0,36,3.8716,-0.8178
analemma,14.50 EET Jul-Dec,0,37,3.9035,-0.7715
analemma,14.50 EET Jul-Dec,0,38,3.9358,-0.7246
analemma,14.50 EET Jul-Dec,0,39,3.9685,-0.6770
analemma,14.50 EET Jul-Dec,0,40,4.0016,-0.6288
analemma,14.50 EET Jul-Dec,0,41,4.0350,-0.5799
analemma,14.50 EET Jul-Dec,0,42,4.0688,-0.5304
analemma,14.50 EET Jul-Dec,0,43,4.1029,-0.4802
analemma,14.50 EET Jul-Dec,0,44,4.1373,-0.4294
analemma,14.50 EET Jul-Dec,0,45,4.1721,-0.3779
analemma,14.50 EET Jul-Dec,0,46,4.2072,-0.3257
analemma,14.50 EET Jul-Dec,0,47,4.2425,-0.2728
analemma,14.50 EET Jul-Dec,0,48,4.2782,-0.2193
analemma,14.50 EET Jul-Dec,0,49,4.3141,-0.1651
analemma,14.50 EET Jul-Dec,0,50,4.3503,-0.1102
analemma,14.50 EET Jul-Dec,0,51,4.3867,-0.0546
analemma,14.50 EET Jul-Dec,0,52,4.4234,0.0016
analemma,14.50 EET Jul-Dec,0,53,4.4602,0.0585
analemma,14.50 EET Jul-Dec,0,54,4.4973,0.1161
analemma,14.50 EET Jul-Dec,0,55,4.5345,0.1743
analemma,14.50 EET Jul-Dec,0,56,4.5719,0.2331
analemma,14.50 EET Jul-Dec,0,57,4.6094,0.2927
analemma,14.50 EET Jul-Dec,0,58,4.6470,0.3528
analemma,14.50 EET Jul-Dec,0,59,4.6847,0.4136
analemma,14.50 EET Jul-Dec,0,60,4.7225,0.4750
analemma,14.50 EET Jul-Dec,0,61,4.7603,0.5371
analemma,14.50 EET Jul-Dec,0,62,4.7981,0.5997
analemma,14.50 EET Jul-Dec,0,63,4.8359,0.6628
analemma,14.50 EET Jul-Dec,0,64,4.8736,0.7266
analemma,14.50 EET Jul-Dec,0,65,4.9112,0.7909
analemma,14.50 EET Jul-Dec,0,66,4.9488,0.8556
analemma,14.50 EET Jul-Dec,0,67,4.9862,0.9209
analemma,14.50 EET Jul-Dec,0,68,5.0234,0.9867
analemma,14.50 EET Jul-Dec,0,69,5.0605,1.0529
analemma,14.50 EET Jul-Dec,0,70,5.0972,1.1195
analemma,14.50 EET Jul-Dec,0,71,5.1337,1.1865
analemma,14.50 EET Jul-Dec,0,72,5.1699,1.2538
analemma,14.50 EET Jul-Dec,0,73,5.2058,1.3214
analemma,14.50 EET Jul-Dec,0,74,5.2412,1.3893
analemma,14.50 EET Jul-Dec,0,75,5.2762,1.4574
analemma,14.50 EET Jul-Dec,0,76,5.3107,1.5257
analemma,14.50 EET Jul-Dec,0,77,5.3447,1.5942
analemma,14.50 EET Jul-Dec,0,78,5.3781,1.6627
analemma,14.50 EET Jul-Dec,0,79,5.4110,1.7312
analemma,14.50 EET Jul-Dec,0,80,5.4432,1.7998
analemma,14.50 EET Jul-Dec,0,81,5.4747,1.8683
analemma,14.50 EET Jul-Dec,0,82,5.5054,1.9366
analemma,14.50 EET Jul-Dec,0,83,5.5354,2.0047
analemma,14.50 EET Jul-Dec,0,84,5.5645,2.0726
analemma,14.50 EET Jul-Dec,0,85,5.5928,2.1402
analemma,14.50 EET Jul-Dec,0,86,5.6202,2.2073
analemma,14.50 EET Jul-Dec,0,87,5.6466,2.2740
analemma,14.50 EET Jul-Dec,0,88,5.6720,2.3402
analemma,14.50 EET Jul-Dec,0,89,5.6963,2.4058
analemma,14.50 EET Jul-Dec,0,90,5.7196,2.4707
analemma,14.50 EET Jul-Dec,0,91,5.7417,2.5348
analemma,14.50 EET Jul-Dec,0,92,5.7627,2.5981
analemma,14.50 EET Jul-Dec,0,93,5.7756,2.6391
analemma,14.50 EET Jul-Dec,1,0,5.2783,3.5302
analemma,14.50 EET Jul-Dec,1,1,5.2546,3.5093
analemma,15.00 EET Jan-Jun,0,0,5.8188,2.5425
analemma,15.00 EET Jan-Jun,0,1,5.7762,2.4711
analemma,15.00 EET Jan-Jun,0,2,5.7345,2.3998
analemma,15.00 EET Jan-Jun,0,3,5.6936,2.3287
analemma,15.00 EET Jan-Jun,0,4,5.6535,2.2576
analemma,15.00 EET Jan-Jun,0,5,5.6143,2.1866
analemma,15.00 EET Jan-Jun,0,6,5.5758,2.1158
analemma,15.00 EET Jan-Jun,0,7,5.5382,2.0451
analemma,15.00 EET Jan-Jun,0,8,5.5015,1.9747
analemma,15.00 EET Jan-Jun,0,9,5.4655,1.9045
analemma,15.00 EET Jan-Jun,0,10,5.4303,1.8346
analemma,15.00 EET Jan-Jun,0,11,5.3959,1.7650
analemma,15.00 EET Jan-Jun,0,12,5.3624,1.6956
analemma,15.00 EET Jan-Jun,0,13,5.3296,1.6266
analemma,15.00 EET Jan-Jun,0,14,5.2976,1.5579
analemma,15.00 EET Jan-Jun,0,15,5.2663,1.4896
analemma,15.00 EET Jan-Jun,0,16,5.2358,1.4217
analemma,15.00 EET Jan-Jun,0,17,5.2060,1.3541
analemma,15.00 EET Jan-Jun,0,18,5.1770,1.2870
analemma,15.00 EET Jan-Jun,0,19,5.1487,1.2202
analemma,15.00 EET Jan-Jun,0,20,5.1211,1.1539
analemma,15.00 EET Jan-Jun,0,21,5.0941,1.0879
analemma,15.00 EET Jan-Jun,0,22,5.0679,1.0225
analemma,15.00 EET Jan-Jun,0,23,5.0423,0.9574
analemma,15.00 EET Jan-Jun,0,24,5.0173,0.8928
analemma,15.00 EET Jan-Jun,0,25,4.9929,0.8287
analemma,15.00 EET Jan-Jun,0,26,4.9692,0.7650
analemma,15.00 EET Jan-Jun,0,27,4.9461,0.7017
analemma,15.00 EET Jan-Jun,0,28,4.9235,0.6390
analemma,15.00 EET Jan-Jun,0,29,4.9015,0.5767
analemma,15.00 EET Jan-Jun,0,30,4.8800,0.5148
analemma,15.00 EET Jan-Jun,0,31,4.8591,0.4535
analemma,15.00 EET Jan-Jun,0,32,4.8387,0.3926
analemma,15.00 EET Jan-Jun,0,33,4.8188,0.3321
analemma,15.00 EET Jan-Jun,0,34,4.7993,0.2722
analemma,15.00 EET Jan-Jun,0,35,4.7803,0.2127
analemma,15.00 EET Jan-Jun,0,36,4.7618,0.1537
analemma,15.00 EET Jan-Jun,0,37,4.7437,0.0952
analemma,15.00 EET Jan-Jun,0,38,4.7260,0.0372
analemma,15.00 EET Jan-Jun,0,39,4.7087,-0.0204
analemma,15.00 EET Jan-Jun,0,40,4.6918,-0.0775
analemma,15.00 EET Jan-Jun,0,41,4.6752,-0.1341
analemma,15.00 EET Jan-Jun,0,42,4.6590,-0.1902
analemma,15.00 EET Jan-Jun,0,43,4.6432,-0.2459
analemma,15.00 EET Jan-Jun,0,44,4.6276,-0.3011
analemma,15.00 EET Jan-Jun,0,45,4.6124,-0.3558
analemma,15.00 EET Jan-Jun,0,46,4.5974,-0.4101
analemma,15.00 EET Jan-Jun,0,47,4.5828,-0.4638
analemma,15.00 EET Jan-Jun,0,48,4.5684,-0.5171
analemma,15.00 EET Jan-Jun,0,49,4.5542,-0.5699
analemma,15.00 EET Jan-Jun,0,50,4.5403,-0.6223
analemma,15.00 EET Jan-Jun,0,51,4.5266,-0.6742
analemma,15.00 EET Jan-Jun,0,52,4.5131,-0.7256
analemma,15.00 EET Jan-Jun,0,53,4.4998,-0.7765
analemma,15.00 EET Jan-Jun,0,54,4.4867,-0.8270
analemma,15.00 EET Jan-Jun,0,55,4.4738,-0.8770
analemma,15.00 EET Jan-Jun,0,56,4.4610,-0.9265
analemma,15.00 EET Jan-Jun,0,57,4.4484,-0.9755
analemma,15.00 EET Jan-Jun,0,58,4.4360,-1.0241
analemma,15.00 EET Jan-Jun,0,59,4.4114,-1.1198
analemma,15.00 EET Jan-Jun,0,60,4.3873,-1.2135
analemma,15.00 EET Jan-Jun,0,61,4.3635,-1.3054
analemma,15.00 EET Jan-Jun,0,62,4.3401,-1.3953
analemma,15.00 EET Jan-Jun,0,63,4.3168,-1.4833
analemma,15.00 EET Jan-Jun,0,64,4.2937,-1.5692
analemma,15.00 EET Jan-Jun,0,65,4.2707,-1.6532
analemma,15.00 EET Jan-Jun,0,66,4.2478,-1.7352
analemma,15.00 EET Jan-Jun,0,67,4.2249,-1.8151
analemma,15.00 EET Jan-Jun,0,68,4.2020,-1.8930
analemma,15.00 EET Jan-Jun,0,69,4.1790,-1.9687
analemma,15.00 EET Jan-Jun,0,70,4.1559,-2.0424
analemma,15.00 EET Jan-Jun,0,71,4.1328,-2.1138
analemma,15.00 EET Jan-Jun,0,72,4.1095,-2.1831
analemma,15.00 EET Jan-Jun,0,73,4.0860,-2.2501
analemma,15.00 EET Jan-Jun,0,74,4.0625,-2.3149
analemma,15.00 EET Jan-Jun,0,75,4.0388,-2.3774
analemma,15.00 EET Jan-Jun,0,76,4.0150,-2.4376
analemma,15.00 EET Jan-Jun,0,77,3.9910,-2.4954
analemma,15.00 EET Jan-Jun,0,78,3.9670,-2.5508
analemma,15.00 EET Jan-Jun,0,79,3.9429,-2.6038
analemma,15.00 EET Jan-Jun,0,80,3.9188,-2.6543
analemma,15.00 EET Jan-Jun,0,81,3.8947,-2.7024
analemma,15.00 EET Jan-Jun,0,82,3.8706,-2.7480
analemma,15.00 EET Jan-Jun,0,83,3.8346,-2.8116
analemma,15.00 EET Jan-Jun,0,84,3.7989,-2.8696
analemma,15.00 EET Jan-Jun,0,85,3.7638,-2.9217
analemma,15.00 EET Jan-Jun,0,86,3.7294,-2.9681
analemma,15.00 EET Jan-Jun,0,87,3.6959,-3.0087
analemma,15.00 EET Jan-Jun,0,88,3.6531,-3.0537
analemma,15.00 EET Jan-Jun,0,89,3.6129,-3.0886
analemma,15.00 EET Jan-Jun,0,90,3.5671,-3.1179
analemma,15.00 EET Jan-Jun,0,91,3.5134,-3.1330
analemma,15.00 EET Jan-Jun,0,92,3.4664,-3.1098
analemma,15.00 EET Jan-Jun,0,93,3.4571,-3.0918
analemma,15.00 EET Jul-Dec,0,0,3.4548,-3.0848
analemma,15.00 EET Jul-Dec,0,1,3.4496,-3.0312
analemma,15.00 EET Jul-Dec,0,2,3.4572,-2.9723
analemma,15.00 EET Jul-Dec,0,3,3.4718,-2.9163
analemma,15.00 EET Jul-Dec,0,4,3.4941,-2.8525
analemma,15.00 EET Jul-Dec,0,5,3.5163,-2.7998
analemma,15.00 EET Jul-Dec,0,6,3.5431,-2.7428
analemma,15.00 EET Jul-Dec,0,7,3.5748,-2.6817
analemma,15.00 EET Jul-Dec,0,8,3.6114,-2.6164
analemma,15.00 EET Jul-Dec,0,9,3.6386,-2.5706
analemma,15.00 EET Jul-Dec,0,10,3.6680,-2.5230
analemma,15.00 EET Jul-Dec,0,11,3.6998,-2.4734
analemma,15.00 EET Jul-Dec,0,12,3.7339,-2.4221
analemma,15.00 EET Jul-Dec,0,13,3.7703,-2.3688
analemma,15.00 EET Jul-Dec,0,14,3.8091,-2.3136
analemma,15.00 EET Jul-Dec,0,15,3.8503,-2.2564
analemma,15.00 EET Jul-Dec,0,16,3.8940,-2.1973
analemma,15.00 EET Jul-Dec,0,17,3.9401,-2.1361
analemma,15.00 EET Jul-Dec,0,18,3.9886,-2.0729
analemma,15.00 EET Jul-Dec,0,19,4.0397,-2.0076
analemma,15.00 EET Jul-Dec,0,20,4.0933,-1.9401
analemma,15.00 EET Jul-Dec,0,21,4.1494,-1.8704
analemma,15.00 EET Jul-Dec,0,22,4.2080,-1.7984
analemma,15.00 EET Jul-Dec,0,23,4.2693,-1.7240
analemma,15.00 EET Jul-Dec,0,24,4.3331,-1.6473
analemma,15.00 EET Jul-Dec,0,25,4.3660,-1.6080
analemma,15.00 EET Jul-Dec,0,26,4.3996,-1.5680
analemma,15.00 EET Jul-Dec,0,27,4.4338,-1.5274
analemma,15.00 EET Jul-Dec,0,28,4.4687,-1.4862
analemma,15.00 EET Jul-Dec,0,29,4.5042,-1.4442
analemma,15.00 EET Jul-Dec,0,30,4.5404,-1.4016
analemma,15.00 EET Jul-Dec,0,31,4.5772,-1.3584
analemma,15.00 EET Jul-Dec,0,32,4.6147,-1.3144
analemma,15.00 EET Jul-Dec,0,33,4.6529,-1.2697
analemma,15.00 EET Jul-Dec,0,34,4.6917,-1.2243
analemma,15.00 EET Jul-Dec,0,35,4.7312,-1.1782
analemma,15.00 EET Jul-Dec,0,36,4.7714,-1.1313
analemma,15.00 EET Jul-Dec,0,37,4.8122,-1.0837
analemma,15.00 EET Jul-Dec,0,38,4.8537,-1.0353
analemma,15.00 EET Jul-Dec,0,39,4.8958,-0.9861
analemma,15.00 EET Jul-Dec,0,40,4.9386,-0.9361
analemma,15.00 EET Jul-Dec,0,41,4.9821,-0.8854
analemma,15.00 EET Jul-Dec,0,42,5.0262,-0.8338
analemma,15.00 EET Jul-Dec,0,43,5.0709,-0.7814
analemma,15.00 EET Jul-Dec,0,44,5.1163,-0.7282
analemma,15.00 EET Jul-Dec,0,45,5.1623,-0.6741
analemma,15.00 EET Jul-Dec,0,46,5.2090,-0.6192
analemma,15.00 EET Jul-Dec,0,47,5.2563,-0.5634
analemma,15.00 EET Jul-Dec,0,48,5.3042,-0.5067
analemma,15.00 EET Jul-Dec,0,49,5.3527,-0.4491
analemma,15.00 EET Jul-Dec,0,50,5.4018,-0.3907
analemma,15.00 EET Jul-Dec,0,51,5.4515,-0.3313
analemma,15.00 EET Jul-Dec,0,52,5.5018,-0.2710
analemma,15.00 EET Jul-Dec,0,53,5.5526,-0.2098
analemma,15.00 EET Jul-Dec,0,54,5.6040,-0.1477
analemma,15.00 EET Jul-Dec,0,55,5.6560,-0.0846
analemma,15.00 EET Jul-Dec,0,56,5.7085,-0.0206
analemma,15.00 EET Jul-Dec,0,57,5.7614,0.0443
analemma,15.00 EET Jul-Dec,0,58,5.8149,0.1102
analemma,15.00 EET Jul-Dec,0,59,5.8688,0.1770
analemma,15.00 EET Jul-Dec,0,60,5.9232,0.2448
analemma,15.00 EET Jul-Dec,0,61,5.9780,0.3135
analemma,15.00 EET Jul-Dec,0,62,6.0332,0.3832
analemma,15.00 EET Jul-Dec,0,63,6.0887,0.4538
analemma,15.00 EET Jul-Dec,0,64,6.1446,0.5253
analemma,15.00 EET Jul-Dec,0,65,6.2009,0.5978
analemma,15.00 EET Jul-Dec,0,66,6.2574,0.6711
analemma,15.00 EET Jul-Dec,0,67,6.3072,0.7363
analemma,15.50 EET Jan-Jun,0,0,6.3363,0.4172
analemma,15.50 EET Jan-Jun,0,1,6.3128,0.3637
analemma,15.50 EET Jan-Jun,0,2,6.2825,0.2941
analemma,15.50 EET Jan-Jun,0,3,6.2530,0.2252
analemma,15.50 EET Jan-Jun,0,4,6.2241,0.1569
analemma,15.50 EET Jan-Jun,0,5,6.1958,0.0893
analemma,15.50 EET Jan-Jun,0,6,6.1681,0.0223
analemma,15.50 EET Jan-Jun,0,7,6.1409,-0.0441
analemma,15.50 EET Jan-Jun,0,8,6.1143,-0.1098
analemma,15.50 EET Jan-Jun,0,9,6.0883,-0.1748
analemma,15.50 EET Jan-Jun,0,10,6.0627,-0.2393
analemma,15.50 EET Jan-Jun,0,11,6.0376,-0.3031
analemma,15.50 EET Jan-Jun,0,12,6.0130,-0.3663
analemma,15.50 EET Jan-Jun,0,13,5.9889,-0.4288
analemma,15.50 EET Jan-Jun,0,14,5.9651,-0.4908
analemma,15.50 EET Jan-Jun,0,15,5.9417,-0.5521
analemma,15.50 EET Jan-Jun,0,16,5.9188,-0.6128
analemma,15.50 EET Jan-Jun,0,17,5.8961,-0.6729
analemma,15.50 EET Jan-Jun,0,18,5.8739,-0.7324
analemma,15.50 EET Jan-Jun,0,19,5.8519,-0.7913
analemma,15.50 EET Jan-Jun,0,20,5.8303,-0.8496
analemma,15.50 EET Jan-Jun,0,21,5.8089,-0.9073
analemma,15.50 EET Jan-Jun,0,22,5.7879,-0.9643
analemma,15.50 EET Jan-Jun,0,23,5.7670,-1.0208
analemma,15.50 EET Jan-Jun,0,24,5.7465,-1.0767
analemma,15.50 EET Jan-Jun,0,25,5.7261,-1.1320
analemma,15.50 EET Jan-Jun,0,26,5.7060,-1.1867
analemma,15.50 EET Jan-Jun,0,27,5.6861,-1.2408
analemma,15.50 EET Jan-Jun,0,28,5.6664,-1.2943
analemma,15.50 EET Jan-Jun,0,29,5.6468,-1.3472
analemma,15.50 EET Jan-Jun,0,30,5.6274,-1.3995
analemma,15.50 EET Jan-Jun,0,31,5.6082,-1.4512
analemma,15.50 EET Jan-Jun,0,32,5.5891,-1.5022
analemma,15.50 EET Jan-Jun,0,33,5.5701,-1.5527
analemma,15.50 EET Jan-Jun,0,34,5.5513,-1.6026
analemma,15.50 EET Jan-Jun,0,35,5.5325,-1.6519
analemma,15.50 EET Jan-Jun,0,36,5.5139,-1.7005
analemma,15.50 EET Jan-Jun,0,37,5.4953,-1.7486
analemma,15.50 EET Jan-Jun,0,38,5.4768,-1.7960
analemma,15.50 EET Jan-Jun,0,39,5.4585,-1.8428
analemma,15.50 EET Jan-Jun,0,40,5.4219,-1.9346
analemma,15.50 EET Jan-Jun,0,41,5.3855,-2.0239
analemma,15.50 EET Jan-Jun,0,42,5.3493,-2.1106
analemma,15.50 EET Jan-Jun,0,43,5.3132,-2.1948
analemma,15.50 EET Jan-Jun,0,44,5.2773,-2.2764
analemma,15.50 EET Jan-Jun,0,45,5.2414,-2.3554
analemma,15.50 EET Jan-Jun,0,46,5.2056,-2.4317
analemma,15.50 EET Jan-Jun,0,47,5.1698,-2.5053
analemma,15.50 EET Jan-Jun,0,48,5.1342,-2.5762
analemma,15.50 EET Jan-Jun,0,49,5.0986,-2.6444
analemma,15.50 EET Jan-Jun,0,50,5.0631,-2.7097
analemma,15.50 EET Jan-Jun,0,51,5.0277,-2.7723
analemma,15.50 EET Jan-Jun,0,52,4.9925,-2.8321
analemma,15.50 EET Jan-Jun,0,53,4.9574,-2.8890
analemma,15.50 EET Jan-Jun,0,54,4.9226,-2.9430
analemma,15.50 EET Jan-Jun,0,55,4.8880,-2.9941
analemma,15.50 EET Jan-Jun,0,56,4.8538,-3.0423
analemma,15.50 EET Jan-Jun,0,57,4.8199,-3.0876
analemma,15.50 EET Jan-Jun,0,58,4.7865,-3.1300
analemma,15.50 EET Jan-Jun,0,59,4.7537,-3.1694
analemma,15.50 EET Jan-Jun,0,60,4.7054,-3.2231
analemma,15.50 EET Jan-Jun,0,61,4.6588,-3.2702
analemma,15.50 EET Jan-Jun,0,62,4.6139,-3.3108
analemma,15.50 EET Jan-Jun,0,63,4.5712,-3.3449
analemma,15.50 EET Jan-Jun,0,64,4.5180,-3.3804
analemma,15.50 EET Jan-Jun,0,65,4.4696,-3.4048
analemma,15.50 EET Jan-Jun,0,66,4.4170,-3.4201
analemma,15.50 EET Jan-Jun,0,67,4.3671,-3.4169
analemma,15.50 EET Jan-Jun,0,68,4.3262,-3.3780
analemma,15.50 EET Jan-Jun,0,69,4.3234,-3.3705
analemma,15.50 EET Jul-Dec,0,0,4.3210,-3.3624
analemma,15.50 EET Jul-Dec,0,1,4.3188,-3.3022
analemma,15.50 EET Jul-Dec,0,2,4.3288,-3.2513
analemma,15.50 EET Jul-Dec,0,3,4.3488,-3.1921
analemma,15.50 EET Jul-Dec,0,4,4.3705,-3.1423
analemma,15.50 EET Jul-Dec,0,5,4.3981,-3.0880
analemma,15.50 EET Jul-Dec,0,6,4.4319,-3.0293
analemma,15.50 EET Jul-Dec,0,7,4.4721,-2.9662
analemma,15.50 EET Jul-Dec,0,8,4.5024,-2.9217
analemma,15.50 EET Jul-Dec,0,9,4.5357,-2.8751
analemma,15.50 EET Jul-Dec,0,10,4.5720,-2.8266
analemma,15.50 EET Jul-Dec,0,11,4.6114,-2.7761
analemma,15.50 EET Jul-Dec,0,12,4.6538,-2.7236
analemma,15.50 EET Jul-Dec,0,13,4.6995,-2.6690
analemma,15.50 EET Jul-Dec,0,14,4.7483,-2.6123
analemma,15.50 EET Jul-Dec,0,15,4.8004,-2.5535
analemma,15.50 EET Jul-Dec,0,16,4.8558,-2.4925
analemma,15.50 EET Jul-Dec,0,17,4.9146,-2.4292
analemma,15.50 EET Jul-Dec,0,18,4.9769,-2.3636
analemma,15.50 EET Jul-Dec,0,19,5.0427,-2.2956
analemma,15.50 EET Jul-Dec,0,20,5.1121,-2.2252
analemma,15.50 EET Jul-Dec,0,21,5.1482,-2.1890
analemma,15.50 EET Jul-Dec,0,22,5.1851,-2.1522
analemma,15.50 EET Jul-Dec,0,23,5.2230,-2.1147
analemma,15.50 EET Jul-Dec,0,24,5.2619,-2.0766
analemma,15.50 EET Jul-Dec,0,25,5.3017,-2.0377
analemma,15.50 EET Jul-Dec,0,26,5.3424,-1.9982
analemma,15.50 EET Jul-Dec,0,27,5.3841,-1.9580
analemma,15.50 EET Jul-Dec,0,28,5.4268,-1.9170
analemma,15.50 EET Jul-Dec,0,29,5.4705,-1.8753
analemma,15.50 EET Jul-Dec,0,30,5.5152,-1.8328
analemma,15.50 EET Jul-Dec,0,31,5.5609,-1.7895
analemma,15.50 EET Jul-Dec,0,32,5.6076,-1.7455
analemma,15.50 EET Jul-Dec,0,33,5.6553,-1.7006
analemma,15.50 EET Jul-Dec,0,34,5.7040,-1.6550
analemma,15.50 EET Jul-Dec,0,35,5.7538,-1.6085
analemma,15.50 EET Jul-Dec,0,36,5.8047,-1.5611
analemma,15.50 EET Jul-Dec,0,37,5.8566,-1.5128
analemma,15.50 EET Jul-Dec,0,38,5.9096,-1.4637
analemma,15.50 EET Jul-Dec,0,39,5.9636,-1.4136
analemma,15.50 EET Jul-Dec,0,40,6.0188,-1.3626
analemma,15.50 EET Jul-Dec,0,41,6.0750,-1.3107
analemma,15.50 EET Jul-Dec,0,42,6.1324,-1.2577
analemma,15.50 EET Jul-Dec,0,43,6.1909,-1.2038
analemma,15.50 EET Jul-Dec,0,44,6.2441,-1.1547
declination,dec=+0.000 الحمل/الميزان,0,0,-6.3124,-0.6901
declination,dec=+0.000 الحمل/الميزان,0,1,-6.2600,-0.6901
declination,dec=+0.000 الحمل/الميزان,0,2,-6.1694,-0.6901
declination,dec=+0.000 الحمل/الميزان,0,3,-6.0805,-0.6901
declination,dec=+0.000 الحمل/الميزان,0,4,-5.9932,-0.6901
declination,dec=+0.000 الحمل/الميزان,0,5,-5.9075,-0.6901
declination,dec=+0.000 الحمل/الميزان,0,6,-5.8233,-0.6901
declination,dec=+0.000 الحمل/الميزان,0,7,-5.7405,-0.6901
declination,dec=+0.000 الحمل/الميزان,0,8,-5.6592,-0.6901
declination,dec=+0.000 الحمل/الميزان,0,9,-5.5793,-0.6901
declination,dec=+0.000 الحمل/الميزان,0,10,-5.5007,-0.6901
declination,dec=+0.000 الحمل/الميزان,0,11,-5.4234,-0.6901
declination,dec=+0.000 الحمل/الميزان,0,12,-5.3473,-0.6901
declination,dec=+0.000 الحمل/الميزان,0,13,-5.2725,-0.6901
declination,dec=+0.000 الحمل/الميزان,0,14,-5.1989,-0.6901
declination,dec=+0.000 الحمل/الميزان,0,15,-5.1264,-0.6901
declination,dec=+0.000 الحمل/الميزان,0,16,-5.0550,-0.6901
declination,dec=+0.000 الحمل/الميزان,0,17,-4.9847,-0.6901
declination,dec=+0.000 الحمل/الميزان,0,18,-4.9154,-0.6901
declination,dec=+0.000 الحمل/الميزان,0,19,-4.8472,-0.6901
declination,dec=+0.000 الحمل/الميزان,0,20,-4.7800,-0.6901
declination,dec=+0.000 الحمل/الميزان,0,21,-4.7137,-0.6901
declination,dec=+0.000 الحمل/الميزان,0,22,-4.6483,-0.6901
declination,dec=+0.000 الحمل/الميزان,0,23,-4.5839,-0.6901
declination,dec=+0.000 الحمل/الميزان,0,24,-4.5204,-0.6901
declination,dec=+0.000 الحمل/الميزان,0,25,-4.4577,-0.6901
declination,dec=+0.000 الحمل/الميزان,0,26,-4.3959,-0.6901
declination,dec=+0.000 الحمل/الميزان,0,27,-4.3348,-0.6901
declination,dec=+0.000 الحمل/الميزان,0,28,-4.2746,-0.6901
declination,dec=+0.000 الحمل/الميزان,0,29,-4.2152,-0.6901
declination,dec=+0.000 الحمل/الميزان,0,30,-4.1564,-0.6901
declination,dec=+0.000 الحمل/الميزان,0,31,-4.0985,-0.6901
declination,dec=+0.000 الحمل/الميزان,0,32,-4.0412,-0.6901
declination,dec=+0.000 الحمل/الميزان,0,33,-3.9847,-0.6901
declination,dec=+0.000 الحمل/الميزان,0,34,-3.9288,-0.6901
declination,dec=+0.000 الحمل/الميزان,0,35,-3.8735,-0.6901
declination,dec=+0.000 الحمل/الميزان,0,36,-3.8190,-0.6901
declination,dec=+0.000 الحمل/الميزان,0,37,-3.7650,-0.6901
declination,dec=+0.000 الحمل/الميزان,0,38,-3.7117,-0.6901
declination,dec=+0.000 الحمل/الميزان,0,39,-3.6589,-0.6901
declination,dec=+0.000 الحمل/الميزان,0,40,-3.6067,-0.6901
declination,dec=+0.000 الحمل/الميزان,0,41,-3.5551,-0.6901
declination,dec=+0.000 الحمل/الميزان,0,42,-3.5041,-0.6901
declination,dec=+0.000 الحمل/الميزان,0,43,-3.4536,-0.6901
declination,dec=+0.000 الحمل/الميزان,0,44,-3.3788,-0.6901
declination,dec=+0.000 الحمل/الميزان,0,45,-3.3051,-0.6901
declination,dec=+0.000 الحمل/الميزان,0,46,-3.2325,-0.6901
declination,dec=+0.000 الحمل/الميزان,0,47,-3.1610,-0.6901
declination,dec=+0.000 الحمل/الميزان,0,48,-3.0905,-0.6901
declination,dec=+0.000 الحمل/الميزان,0,49,-3.0210,-0.6901
declination,dec=+0.000 الحمل/الميزان,0,50,-2.9525,-0.6901
declination,dec=+0.000 الحمل/الميزان,0,51,-2.8848,-0.6901
declination,dec=+0.000 الحمل/الميزان,0,52,-2.8180,-0.6901
declination,dec=+0.000 الحمل/الميزان,0,53,-2.7521,-0.6901
declination,dec=+0.000 الحمل/الميزان,0,54,-2.6870,-0.6901
declination,dec=+0.000 الحمل/الميزان,0,55,-2.6227,-0.6901
declination,dec=+0.000 الحمل/الميزان,0,56,-2.5591,-0.6901
declination,dec=+0.000 الحمل/الميزان,0,57,-2.4963,-0.6901
declination,dec=+0.000 الحمل/الميزان,0,58,-2.4342,-0.6901
declination,dec=+0.000 الحمل/الميزان,0,59,-2.3727,-0.6901
declination,dec=+0.000 الحمل/الميزان,0,60,-2.3119,-0.6901
declination,dec=+0.000 الحمل/الميزان,0,61,-2.2518,-0.6901
declination,dec=+0.000 الحمل/الميزان,0,62,-2.1922,-0.6901
declination,dec=+0.000 الحمل/الميزان,0,63,-2.1333,-0.6901
declination,dec=+0.000 الحمل/الميزان,0,64,-2.0749,-0.6901
declination,dec=+0.000 الحمل/الميزان,0,65,-2.0171,-0.6901
declination,dec=+0.000 الحمل/الميزان,0,66,-1.9598,-0.6901
declination,dec=+0.000 الحمل/الميزان,0,67,-1.9030,-0.6901
declination,dec=+0.000 الحمل/الميزان,0,68,-1.8466,-0.6901
declination,dec=+0.000 الحمل/الميزان,0,69,-1.7908,-0.6901
declination,dec=+0.000 الحمل/الميزان,0,70,-1.7354,-0.6901
declination,dec=+0.000 الحمل/الميزان,0,71,-1.6804,-0.6901
declination,dec=+0.000 الحمل/الميزان,0,72,-1.6259,-0.6901
declination,dec=+0.000 الحمل/الميزان,0,73,-1.5717,-0.6901
declination,dec=+0.000 الحمل/الميزان,0,74,-1.5180,-0.6901
declination,dec=+0.000 الحمل/الميزان,0,75,-1.4646,-0.6901
declination,dec=+0.000 الحمل/الميزان,0,76,-1.4116,-0.6901
declination,dec=+0.000 الحمل/الميزان,0,77,-1.3589,-0.6901
declination,dec=+0.000 الحمل/الميزان,0,78,-1.3065,-0.6901
declination,dec=+0.000 الحمل/الميزان,0,79,-1.2544,-0.6901
declination,dec=+0.000 الحمل/الميزان,0,80,-1.2026,-0.6901
declination,dec=+0.000 الحمل/الميزان,0,81,-1.1512,-0.6901
declination,dec=+0.000 الحمل/الميزان,0,82,-1.0999,-0.6901
declination,dec=+0.000 الحمل/الميزان,0,83,-1.0490,-0.6901
declination,dec=+0.000 الحمل/الميزان,0,84,-0.9982,-0.6901
declination,dec=+0.000 الحمل/الميزان,0,85,-0.9477,-0.6901
declination,dec=+0.000 الحمل/الميزان,0,86,-0.8975,-0.6901
declination,dec=+0.000 الحمل/الميزان,0,87,-0.8474,-0.6901
declination,dec=+0.000 الحمل/الميزان,0,88,-0.7809,-0.6901
declination,dec=+0.000 الحمل/الميزان,0,89,-0.7148,-0.6901
declination,dec=+0.000 الحمل/الميزان,0,90,-0.6489,-0.6901
declination,dec=+0.000 الحمل/الميزان,0,91,-0.5833,-0.6901
declination,dec=+0.000 الحمل/الميزان,0,92,-0.5179,-0.6901
declination,dec=+0.000 الحمل/الميزان,0,93,-0.4527,-0.6901
declination,dec=+0.000 الحمل/الميزان,0,94,-0.3877,-0.6901
declination,dec=+0.000 الحمل/الميزان,0,95,-0.3229,-0.6901
declination,dec=+0.000 الحمل/الميزان,0,96,-0.2581,-0.6901
declination,dec=+0.000 الحمل/الميزان,0,97,-0.1935,-0.6901
declination,dec=+0.000 الحمل/الميزان,0,98,-0.1290,-0.6901
declination,dec=+0.000 الحمل/الميزان,0,99,-0.0645,-0.6901
declination,dec=+0.000 الحمل/الميزان,0,100,0.0000,-0.6901
declination,dec=+0.000 الحمل/الميزان,0,101,0.0645,-0.6901
declination,dec=+0.000 الحمل/الميزان,0,102,0.1290,-0.6901
declination,dec=+0.000 الحمل/الميزان,0,103,0.1935,-0.6901
declination,dec=+0.000 الحمل/الميزان,0,104,0.2581,-0.6901
declination,dec=+0.000 الحمل/الميزان,0,105,0.3229,-0.6901
declination,dec=+0.000 الحمل/الميزان,0,106,0.3877,-0.6901
declination,dec=+0.000 الحمل/الميزان,0,107,0.4527,-0.6901
declination,dec=+0.000 الحمل/الميزان,0,108,0.5179,-0.6901
declination,dec=+0.000 الحمل/الميزان,0,109,0.5833,-0.6901
declination,dec=+0.000 الحمل/الميزان,0,110,0.6489,-0.6901
declination,dec=+0.000 الحمل/الميزان,0,111,0.7148,-0.6901
declination,dec=+0.000 الحمل/الميزان,0,112,0.7809,-0.6901
declination,dec=+0.000 الحمل/الميزان,0,113,0.8474,-0.6901
declination,dec=+0.000 الحمل/الميزان,0,114,0.8975,-0.6901
declination,dec=+0.000 الحمل/الميزان,0,115,0.9477,-0.6901
declination,dec=+0.000 الحمل/الميزان,0,116,0.9982,-0.6901
declination,dec=+0.000 الحمل/الميزان,0,117,1.0490,-0.6901
declination,dec=+0.000 الحمل/الميزان,0,118,1.0999,-0.6901
declination,dec=+0.000 الحمل/الميزان,0,119,1.1512,-0.6901
declination,dec=+0.000 الحمل/الميزان,0,120,1.2026,-0.6901
declination,dec=+0.000 الحمل/الميزان,0,121,1.2544,-0.6901
declination,dec=+0.000 الحمل/الميزان,0,122,1.3065,-0.6901
declination,dec=+0.000 الحمل/الميزان,0,123,1.3589,-0.6901
declination,dec=+0.000 الحمل/الميزان,0,124,1.4116,-0.6901
declination,dec=+0.000 الحمل/الميزان,0,125,1.4646,-0.6901
declination,dec=+0.000 الحمل/الميزان,0,126,1.5180,-0.6901
declination,dec=+0.000 الحمل/الميزان,0,127,1.5717,-0.6901
declination,dec=+0.000 الحمل/الميزان,0,128,1.6259,-0.6901
declination,dec=+0.000 الحمل/الميزان,0,129,1.6804,-0.6901
declination,dec=+0.000 الحمل/الميزان,0,130,1.7354,-0.6901
declination,dec=+0.000 الحمل/الميزان,0,131,1.7908,-0.6901
declination,dec=+0.000 الحمل/الميزان,0,132,1.8466,-0.6901
declination,dec=+0.000 الحمل/الميزان,0,133,1.9030,-0.6901
declination,dec=+0.000 الحمل/الميزان,0,134,1.9598,-0.6901
declination,dec=+0.000 الحمل/الميزان,0,135,2.0171,-0.6901
declination,dec=+0.000 الحمل/الميزان,0,136,2.0749,-0.6901
declination,dec=+0.000 الحمل/الميزان,0,137,2.1333,-0.6901
declination,dec=+0.000 الحمل/الميزان,0,138,2.1922,-0.6901
declination,dec=+0.000 الحمل/الميزان,0,139,2.2518,-0.6901
declination,dec=+0.000 الحمل/الميزان,0,140,2.3119,-0.6901
declination,dec=+0.000 الحمل/الميزان,0,141,2.3727,-0.6901
declination,dec=+0.000 الحمل/الميزان,0,142,2.4342,-0.6901
declination,dec=+0.000 الحمل/الميزان,0,143,2.4963,-0.6901
declination,dec=+0.000 الحمل/الميزان,0,144,2.5591,-0.6901
declination,dec=+0.000 الحمل/الميزان,0,145,2.6227,-0.6901
declination,dec=+0.000 الحمل/الميزان,0,146,2.6870,-0.6901
declination,dec=+0.000 الحمل/الميزان,0,147,2.7521,-0.6901
declination,dec=+0.000 الحمل/الميزان,0,148,2.8180,-0.6901
declination,dec=+0.000 الحمل/الميزان,0,149,2.8848,-0.6901
declination,dec=+0.000 الحمل/الميزان,0,150,2.9525,-0.6901
declination,dec=+0.000 الحمل/الميزان,0,151,3.0210,-0.6901
declination,dec=+0.000 الحمل/الميزان,0,152,3.0905,-0.6901
declination,dec=+0.000 الحمل/الميزان,0,153,3.1610,-0.6901
declination,dec=+0.000 الحمل/الميزان,0,154,3.2325,-0.6901
declination,dec=+0.000 الحمل/الميزان,0,155,3.3051,-0.6901
declination,dec=+0.000 الحمل/الميزان,0,156,3.3788,-0.6901
declination,dec=+0.000 الحمل/الميزان,0,157,3.4536,-0.6901
declination,dec=+0.000 الحمل/الميزان,0,158,3.5041,-0.6901
declination,dec=+0.000 الحمل/الميزان,0,159,3.5551,-0.6901
declination,dec=+0.000 الحمل/الميزان,0,160,3.6067,-0.6901
declination,dec=+0.000 الحمل/الميزان,0,161,3.6589,-0.6901
declination,dec=+0.000 الحمل/الميزان,0,162,3.7117,-0.6901
declination,dec=+0.000 الحمل/الميزان,0,163,3.7650,-0.6901
declination,dec=+0.000 الحمل/الميزان,0,164,3.8190,-0.6901
declination,dec=+0.000 الحمل/الميزان,0,165,3.8735,-0.6901
declination,dec=+0.000 الحمل/الميزان,0,166,3.9288,-0.6901
declination,dec=+0.000 الحمل/الميزان,0,167,3.9847,-0.6901
declination,dec=+0.000 الحمل/الميزان,0,168,4.0412,-0.6901
declination,dec=+0.000 الحمل/الميزان,0,169,4.0985,-0.6901
declination,dec=+0.000 الحمل/الميزان,0,170,4.1564,-0.6901
declination,dec=+0.000 الحمل/الميزان,0,171,4.2152,-0.6901
declination,dec=+0.000 الحمل/الميزان,0,172,4.2746,-0.6901
declination,dec=+0.000 الحمل/الميزان,0,173,4.3348,-0.6901
declination,dec=+0.000 الحمل/الميزان,0,174,4.3959,-0.6901
declination,dec=+0.000 الحمل/الميزان,0,175,4.4577,-0.6901
declination,dec=+0.000 الحمل/الميزان,0,176,4.5204,-0.6901
declination,dec=+0.000 الحمل/الميزان,0,177,4.5839,-0.6901
declination,dec=+0.000 الحمل/الميزان,0,178,4.6483,-0.6901
declination,dec=+0.000 الحمل/الميزان,0,179,4.7137,-0.6901
declination,dec=+0.000 الحمل/الميزان,0,180,4.7800,-0.6901
declination,dec=+0.000 الحمل/الميزان,0,181,4.8472,-0.6901
declination,dec=+0.000 الحمل/الميزان,0,182,4.9154,-0.6901
declination,dec=+0.000 الحمل/الميزان,0,183,4.9847,-0.6901
declination,dec=+0.000 الحمل/الميزان,0,184,5.0550,-0.6901
declination,dec=+0.000 الحمل/الميزان,0,185,5.1264,-0.6901
declination,dec=+0.000 الحمل/الميزان,0,186,5.1989,-0.6901
declination,dec=+0.000 الحمل/الميزان,0,187,5.2725,-0.6901
declination,dec=+0.000 الحمل/الميزان,0,188,5.3473,-0.6901
declination,dec=+0.000 الحمل/الميزان,0,189,5.4234,-0.6901
declination,dec=+0.000 الحمل/الميزان,0,190,5.5007,-0.6901
declination,dec=+0.000 الحمل/الميزان,0,191,5.5793,-0.6901
declination,dec=+0.000 الحمل/الميزان,0,192,5.6592,-0.6901
declination,dec=+0.000 الحمل/الميزان,0,193,5.7405,-0.6901
declination,dec=+0.000 الحمل/الميزان,0,194,5.8233,-0.6901
declination,dec=+0.000 الحمل/الميزان,0,195,5.9075,-0.6901
declination,dec=+0.000 الحمل/الميزان,0,196,5.9932,-0.6901
declination,dec=+0.000 الحمل/الميزان,0,197,6.0805,-0.6901
declination,dec=+0.000 الحمل/الميزان,0,198,6.1694,-0.6901
declination,dec=+0.000 الحمل/الميزان,0,199,6.2600,-0.6901
declination,dec=+0.000 الحمل/الميزان,0,200,6.3124,-0.6901
declination,dec=+11.471 الثور/السنبلة,0,0,-5.9051,-2.3351
declination,dec=+11.471 الثور/السنبلة,0,1,-5.8359,-2.3223
declination,dec=+11.471 الثور/السنبلة,0,2,-5.7586,-2.3080
declination,dec=+11.471 الثور/السنبلة,0,3,-5.6825,-2.2941
declination,dec=+11.471 الثور/السنبلة,0,4,-5.6076,-2.2805
declination,dec=+11.471 الثور/السنبلة,0,5,-5.5340,-2.2671
declination,dec=+11.471 الثور/السنبلة,0,6,-5.4615,-2.2541
declination,dec=+11.471 الثور/السنبلة,0,7,-5.3902,-2.2413
declination,dec=+11.471 الثور/السنبلة,0,8,-5.3200,-2.2288
declination,dec=+11.471 الثور/السنبلة,0,9,-5.2509,-2.2166
declination,dec=+11.471 الثور/السنبلة,0,10,-5.1828,-2.2046
declination,dec=+11.471 الثور/السنبلة,0,11,-5.1157,-2.1928
declination,dec=+11.471 الثور/السنبلة,0,12,-5.0496,-2.1813
declination,dec=+11.471 الثور/السنبلة,0,13,-4.9845,-2.1701
declination,dec=+11.471 الثور/السنبلة,0,14,-4.9203,-2.1590
declination,dec=+11.471 الثور/السنبلة,0,15,-4.8571,-2.1482
declination,dec=+11.471 الثور/السنبلة,0,16,-4.7947,-2.1376
declination,dec=+11.471 الثور/السنبلة,0,17,-4.7332,-2.1272
declination,dec=+11.471 الثور/السنبلة,0,18,-4.6725,-2.1170
declination,dec=+11.471 الثور/السنبلة,0,19,-4.6126,-2.1071
declination,dec=+11.471 الثور/السنبلة,0,20,-4.5535,-2.0973
declination,dec=+11.471 الثور/السنبلة,0,21,-4.4952,-2.0877
declination,dec=+11.471 الثور/السنبلة,0,22,-4.4377,-2.0783
declination,dec=+11.471 الثور/السنبلة,0,23,-4.3809,-2.0691
declination,dec=+11.471 الثور/السنبلة,0,24,-4.3248,-2.0600
declination,dec=+11.471 الثور/السنبلة,0,25,-4.2694,-2.0511
declination,dec=+11.471 الثور/السنبلة,0,26,-4.2147,-2.0424
declination,dec=+11.471 الثور/السنبلة,0,27,-4.1606,-2.0339
declination,dec=+11.471 الثور/السنبلة,0,28,-4.1072,-2.0255
declination,dec=+11.471 الثور/السنبلة,0,29,-4.0544,-2.0173
declination,dec=+11.471 الثور/السنبلة,0,30,-4.0022,-2.0093
declination,dec=+11.471 الثور/السنبلة,0,31,-3.9507,-2.0014
declination,dec=+11.471 الثور/السنبلة,0,32,-3.8997,-1.9936
declination,dec=+11.471 الثور/السنبلة,0,33,-3.8493,-1.9860
declination,dec=+11.471 الثور/السنبلة,0,34,-3.7994,-1.9785
declination,dec=+11.471 الثور/السنبلة,0,35,-3.7257,-1.9676
declination,dec=+11.471 الثور/السنبلة,0,36,-3.6531,-1.9569
declination,dec=+11.471 الثور/السنبلة,0,37,-3.5817,-1.9466
declination,dec=+11.471 الثور/السنبلة,0,38,-3.5113,-1.9365
declination,dec=+11.471 الثور/السنبلة,0,39,-3.4420,-1.9267
declination,dec=+11.471 الثور/السنبلة,0,40,-3.3738,-1.9172
declination,dec=+11.471 الثور/السنبلة,0,41,-3.3065,-1.9080
declination,dec=+11.471 الثور/السنبلة,0,42,-3.2402,-1.8990
declination,dec=+11.471 الثور/السنبلة,0,43,-3.1748,-1.8902
declination,dec=+11.471 الثور/السنبلة,0,44,-3.1103,-1.8817
declination,dec=+11.471 الثور/السنبلة,0,45,-3.0466,-1.8734
declination,dec=+11.471 الثور/السنبلة,0,46,-2.9838,-1.8653
declination,dec=+11.471 الثور/السنبلة,0,47,-2.9218,-1.8575
declination,dec=+11.471 الثور/السنبلة,0,48,-2.8605,-1.8499
declination,dec=+11.471 الثور/السنبلة,0,49,-2.8001,-1.8424
declination,dec=+11.471 الثور/السنبلة,0,50,-2.7403,-1.8352
declination,dec=+11.471 الثور/السنبلة,0,51,-2.6812,-1.8282
declination,dec=+11.471 الثور/السنبلة,0,52,-2.6228,-1.8214
declination,dec=+11.471 الثور/السنبلة,0,53,-2.5651,-1.8147
declination,dec=+11.471 الثور/السنبلة,0,54,-2.5080,-1.8083
declination,dec=+11.471 الثور/السنبلة,0,55,-2.4515,-1.8020
declination,dec=+11.471 الثور/السنبلة,0,56,-2.3956,-1.7959
declination,dec=+11.471 الثور/السنبلة,0,57,-2.3403,-1.7900
declination,dec=+11.471 الثور/السنبلة,0,58,-2.2856,-1.7843
declination,dec=+11.471 الثور/السنبلة,0,59,-2.2313,-1.7787
declination,dec=+11.471 الثور/السنبلة,0,60,-2.1776,-1.7732
declination,dec=+11.471 الثور/السنبلة,0,61,-2.1244,-1.7680
declination,dec=+11.471 الثور/السنبلة,0,62,-2.0717,-1.7629
declination,dec=+11.471 الثور/السنبلة,0,63,-2.0194,-1.7579
declination,dec=+11.471 الثور/السنبلة,0,64,-1.9676,-1.7531
declination,dec=+11.471 الثور/السنبلة,0,65,-1.9162,-1.7484
declination,dec=+11.471 الثور/السنبلة,0,66,-1.8653,-1.7439
declination,dec=+11.471 الثور/السنبلة,0,67,-1.8147,-1.7395
declination,dec=+11.471 الثور/السنبلة,0,68,-1.7646,-1.7352
declination,dec=+11.471 الثور/السنبلة,0,69,-1.6983,-1.7298
declination,dec=+11.471 الثور/السنبلة,0,70,-1.6326,-1.7246
declination,dec=+11.471 الثور/السنبلة,0,71,-1.5676,-1.7196
declination,dec=+11.471 الثور/السنبلة,0,72,-1.5031,-1.7148
declination,dec=+11.471 الثور/السنبلة,0,73,-1.4392,-1.7103
declination,dec=+11.471 الثور/السنبلة,0,74,-1.3758,-1.7059
declination,dec=+11.471 الثور/السنبلة,0,75,-1.3129,-1.7018
declination,dec=+11.471 الثور/السنبلة,0,76,-1.2505,-1.6979
declination,dec=+11.471 الثور/السنبلة,0,77,-1.1885,-1.6942
declination,dec=+11.471 الثور/السنبلة,0,78,-1.1270,-1.6907
declination,dec=+11.471 الثور/السنبلة,0,79,-1.0658,-1.6874
declination,dec=+11.471 الثور/السنبلة,0,80,-1.0050,-1.6842
declination,dec=+11.471 الثور/السنبلة,0,81,-0.9446,-1.6813
declination,dec=+11.471 الثور/السنبلة,0,82,-0.8844,-1.6786
declination,dec=+11.471 الثور/السنبلة,0,83,-0.8246,-1.6760
declination,dec=+11.471 الثور/السنبلة,0,84,-0.7651,-1.6737
declination,dec=+11.471 الثور/السنبلة,0,85,-0.7058,-1.6715
declination,dec=+11.471 الثور/السنبلة,0,86,-0.6468,-1.6695
declination,dec=+11.471 الثور/السنبلة,0,87,-0.5879,-1.6676
declination,dec=+11.471 الثور/السنبلة,0,88,-0.5293,-1.6660
declination,dec=+11.471 الثور/السنبلة,0,89,-0.4708,-1.6645
declination,dec=+11.471 الثور/السنبلة,0,90,-0.4125,-1.6632
declination,dec=+11.471 الثور/السنبلة,0,91,-0.3544,-1.6621
declination,dec=+11.471 الثور/السنبلة,0,92,-0.2963,-1.6611
declination,dec=+11.471 الثور/السنبلة,0,93,-0.2384,-1.6604
declination,dec=+11.471 الثور/السنبلة,0,94,-0.1805,-1.6597
declination,dec=+11.471 الثور/السنبلة,0,95,-0.1227,-1.6593
declination,dec=+11.471 الثور/السنبلة,0,96,-0.0650,-1.6590
declination,dec=+11.471 الثور/السنبلة,0,97,-0.0072,-1.6589
declination,dec=+11.471 الثور/السنبلة,0,98,0.0505,-1.6590
declination,dec=+11.471 الثور/السنبلة,0,99,0.1083,-1.6592
declination,dec=+11.471 الثور/السنبلة,0,100,0.1661,-1.6596
declination,dec=+11.471 الثور/السنبلة,0,101,0.2239,-1.6602
declination,dec=+11.471 الثور/السنبلة,0,102,0.2819,-1.6609
declination,dec=+11.471 الثور/السنبلة,0,103,0.3399,-1.6618
declination,dec=+11.471 الثور/السنبلة,0,104,0.3980,-1.6629
declination,dec=+11.471 الثور/السنبلة,0,105,0.4563,-1.6642
declination,dec=+11.471 الثور/السنبلة,0,106,0.5147,-1.6656
declination,dec=+11.471 الثور/السنبلة,0,107,0.5733,-1.6672
declination,dec=+11.471 الثور/السنبلة,0,108,0.6320,-1.6690
declination,dec=+11.471 الثور/السنبلة,0,109,0.6910,-1.6710
declination,dec=+11.471 الثور/السنبلة,0,110,0.7502,-1.6731
declination,dec=+11.471 الثور/السنبلة,0,111,0.8097,-1.6754
declination,dec=+11.471 الثور/السنبلة,0,112,0.8695,-1.6779
declination,dec=+11.471 الثور/السنبلة,0,113,0.9295,-1.6806
declination,dec=+11.471 الثور/السنبلة,0,114,0.9899,-1.6835
declination,dec=+11.471 الثور/السنبلة,0,115,1.0506,-1.6866
declination,dec=+11.471 الثور/السنبلة,0,116,1.1116,-1.6898
declination,dec=+11.471 الثور/السنبلة,0,117,1.1731,-1.6933
declination,dec=+11.471 الثور/السنبلة,0,118,1.2350,-1.6969
declination,dec=+11.471 الثور/السنبلة,0,119,1.2973,-1.7008
declination,dec=+11.471 الثور/السنبلة,0,120,1.3601,-1.7049
declination,dec=+11.471 الثور/السنبلة,0,121,1.4233,-1.7091
declination,dec=+11.471 الثور/السنبلة,0,122,1.4871,-1.7136
declination,dec=+11.471 الثور/السنبلة,0,123,1.5514,-1.7184
declination,dec=+11.471 الثور/السنبلة,0,124,1.6163,-1.7233
declination,dec=+11.471 الثور/السنبلة,0,125,1.6818,-1.7285
declination,dec=+11.471 الثور/السنبلة,0,126,1.7479,-1.7338
declination,dec=+11.471 الثور/السنبلة,0,127,1.7980,-1.7381
declination,dec=+11.471 الثور/السنبلة,0,128,1.8484,-1.7424
declination,dec=+11.471 الثور/السنبلة,0,129,1.8992,-1.7469
declination,dec=+11.471 الثور/السنبلة,0,130,1.9504,-1.7515
declination,dec=+11.471 الثور/السنبلة,0,131,2.0021,-1.7563
declination,dec=+11.471 الثور/السنبلة,0,132,2.0542,-1.7612
declination,dec=+11.471 الثور/السنبلة,0,133,2.1068,-1.7662
declination,dec=+11.471 الثور/السنبلة,0,134,2.1598,-1.7715
declination,dec=+11.471 الثور/السنبلة,0,135,2.2134,-1.7768
declination,dec=+11.471 الثور/السنبلة,0,136,2.2674,-1.7824
declination,dec=+11.471 الثور/السنبلة,0,137,2.3220,-1.7881
declination,dec=+11.471 الثور/السنبلة,0,138,2.3771,-1.7939
declination,dec=+11.471 الثور/السنبلة,0,139,2.4328,-1.8000
declination,dec=+11.471 الثور/السنبلة,0,140,2.4891,-1.8062
declination,dec=+11.471 الثور/السنبلة,0,141,2.5460,-1.8126
declination,dec=+11.471 الثور/السنبلة,0,142,2.6035,-1.8191
declination,dec=+11.471 الثور/السنبلة,0,143,2.6617,-1.8259
declination,dec=+11.471 الثور/السنبلة,0,144,2.7205,-1.8329
declination,dec=+11.471 الثور/السنبلة,0,145,2.7801,-1.8400
declination,dec=+11.471 الثور/السنبلة,0,146,2.8403,-1.8474
declination,dec=+11.471 الثور/السنبلة,0,147,2.9013,-1.8549
declination,dec=+11.471 الثور/السنبلة,0,148,2.9630,-1.8627
declination,dec=+11.471 الثور/السنبلة,0,149,3.0256,-1.8707
declination,dec=+11.471 الثور/السنبلة,0,150,3.0890,-1.8789
declination,dec=+11.471 الثور/السنبلة,0,151,3.1532,-1.8873
declination,dec=+11.471 الثور/السنبلة,0,152,3.2183,-1.8960
declination,dec=+11.471 الثور/السنبلة,0,153,3.2843,-1.9049
declination,dec=+11.471 الثور/السنبلة,0,154,3.3512,-1.9141
declination,dec=+11.471 الثور/السنبلة,0,155,3.4192,-1.9235
declination,dec=+11.471 الثور/السنبلة,0,156,3.4881,-1.9332
declination,dec=+11.471 الثور/السنبلة,0,157,3.5581,-1.9432
declination,dec=+11.471 الثور/السنبلة,0,158,3.6292,-1.9535
declination,dec=+11.471 الثور/السنبلة,0,159,3.7014,-1.9640
declination,dec=+11.471 الثور/السنبلة,0,160,3.7747,-1.9748
declination,dec=+11.471 الثور/السنبلة,0,161,3.8243,-1.9822
declination,dec=+11.471 الثور/السنبلة,0,162,3.8744,-1.9898
declination,dec=+11.471 الثور/السنبلة,0,163,3.9251,-1.9975
declination,dec=+11.471 الثور/السنبلة,0,164,3.9764,-2.0053
declination,dec=+11.471 الثور/السنبلة,0,165,4.0283,-2.0133
declination,dec=+11.471 الثور/السنبلة,0,166,4.0807,-2.0214
declination,dec=+11.471 الثور/السنبلة,0,167,4.1338,-2.0297
declination,dec=+11.471 الثور/السنبلة,0,168,4.1875,-2.0382
declination,dec=+11.471 الثور/السنبلة,0,169,4.2419,-2.0468
declination,dec=+11.471 الثور/السنبلة,0,170,4.2970,-2.0556
declination,dec=+11.471 الثور/السنبلة,0,171,4.3527,-2.0645
declination,dec=+11.471 الثور/السنبلة,0,172,4.4092,-2.0737
declination,dec=+11.471 الثور/السنبلة,0,173,4.4664,-2.0830
declination,dec=+11.471 الثور/السنبلة,0,174,4.5243,-2.0925
declination,dec=+11.471 الثور/السنبلة,0,175,4.5830,-2.1021
declination,dec=+11.471 الثور/السنبلة,0,176,4.6424,-2.1120
declination,dec=+11.471 الثور/السنبلة,0,177,4.7027,-2.1221
declination,dec=+11.471 الثور/السنبلة,0,178,4.7638,-2.1324
declination,dec=+11.471 الثور/السنبلة,0,179,4.8258,-2.1429
declination,dec=+11.471 الثور/السنبلة,0,180,4.8886,-2.1536
declination,dec=+11.471 الثور/السنبلة,0,181,4.9523,-2.1645
declination,dec=+11.471 الثور/السنبلة,0,182,5.0170,-2.1757
declination,dec=+11.471 الثور/السنبلة,0,183,5.0826,-2.1871
declination,dec=+11.471 الثور/السنبلة,0,184,5.1491,-2.1987
declination,dec=+11.471 الثور/السنبلة,0,185,5.2167,-2.2105
declination,dec=+11.471 الثور/السنبلة,0,186,5.2853,-2.2227
declination,dec=+11.471 الثور/السنبلة,0,187,5.3550,-2.2350
declination,dec=+11.471 الثور/السنبلة,0,188,5.4257,-2.2477
declination,dec=+11.471 الثور/السنبلة,0,189,5.4976,-2.2606
declination,dec=+11.471 الثور/السنبلة,0,190,5.5707,-2.2738
declination,dec=+11.471 الثور/السنبلة,0,191,5.6449,-2.2873
declination,dec=+11.471 الثور/السنبلة,0,192,5.7204,-2.3010
declination,dec=+11.471 الثور/السنبلة,0,193,5.7971,-2.3151
declination,dec=+11.471 الثور/السنبلة,0,194,5.8751,-2.3295
declination,dec=+11.471 الثور/السنبلة,0,195,5.9051,-2.3351
declination,dec=+20.148 الجوزاء/الأسد,0,0,-5.3866,-3.3626
declination,dec=+20.148 الجوزاء/الأسد,0,1,-5.3282,-3.3437
declination,dec=+20.148 الجوزاء/الأسد,0,2,-5.2629,-3.3225
declination,dec=+20.148 الجوزاء/الأسد,0,3,-5.1984,-3.3018
declination,dec=+20.148 الجوزاء/الأسد,0,4,-5.1349,-3.2815
declination,dec=+20.148 الجوزاء/الأسد,0,5,-5.0723,-3.2616
declination,dec=+20.148 الجوزاء/الأسد,0,6,-5.0106,-3.2421
declination,dec=+20.148 الجوزاء/الأسد,0,7,-4.9498,-3.2229
declination,dec=+20.148 الجوزاء/الأسد,0,8,-4.8898,-3.2042
declination,dec=+20.148 الجوزاء/الأسد,0,9,-4.8306,-3.1858
declination,dec=+20.148 الجوزاء/الأسد,0,10,-4.7722,-3.1677
declination,dec=+20.148 الجوزاء/الأسد,0,11,-4.7146,-3.1500
declination,dec=+20.148 الجوزاء/الأسد,0,12,-4.6577,-3.1327
declination,dec=+20.148 الجوزاء/الأسد,0,13,-4.6015,-3.1156
declination,dec=+20.148 الجوزاء/الأسد,0,14,-4.5461,-3.0989
declination,dec=+20.148 الجوزاء/الأسد,0,15,-4.4914,-3.0825
declination,dec=+20.148 الجوزاء/الأسد,0,16,-4.4374,-3.0665
declination,dec=+20.148 الجوزاء/الأسد,0,17,-4.3840,-3.0507
declination,dec=+20.148 الجوزاء/الأسد,0,18,-4.3313,-3.0352
declination,dec=+20.148 الجوزاء/الأسد,0,19,-4.2792,-3.0200
declination,dec=+20.148 الجوزاء/الأسد,0,20,-4.2277,-3.0050
declination,dec=+20.148 الجوزاء/الأسد,0,21,-4.1768,-2.9904
declination,dec=+20.148 الجوزاء/الأسد,0,22,-4.1266,-2.9760
declination,dec=+20.148 الجوزاء/الأسد,0,23,-4.0768,-2.9619
declination,dec=+20.148 الجوزاء/الأسد,0,24,-4.0277,-2.9480
declination,dec=+20.148 الجوزاء/الأسد,0,25,-3.9791,-2.9344
declination,dec=+20.148 الجوزاء/الأسد,0,26,-3.9072,-2.9144
declination,dec=+20.148 الجوزاء/الأسد,0,27,-3.8364,-2.8950
declination,dec=+20.148 الجوزاء/الأسد,0,28,-3.7668,-2.8761
declination,dec=+20.148 الجوزاء/الأسد,0,29,-3.6983,-2.8576
declination,dec=+20.148 الجوزاء/الأسد,0,30,-3.6308,-2.8397
declination,dec=+20.148 الجوزاء/الأسد,0,31,-3.5643,-2.8223
declination,dec=+20.148 الجوزاء/الأسد,0,32,-3.4988,-2.8053
declination,dec=+20.148 الجوزاء/الأسد,0,33,-3.4342,-2.7887
declination,dec=+20.148 الجوزاء/الأسد,0,34,-3.3705,-2.7726
declination,dec=+20.148 الجوزاء/الأسد,0,35,-3.3078,-2.7569
declination,dec=+20.148 الجوزاء/الأسد,0,36,-3.2458,-2.7416
declination,dec=+20.148 الجوزاء/الأسد,0,37,-3.1848,-2.7267
declination,dec=+20.148 الجوزاء/الأسد,0,38,-3.1245,-2.7122
declination,dec=+20.148 الجوزاء/الأسد,0,39,-3.0649,-2.6980
declination,dec=+20.148 الجوزاء/الأسد,0,40,-3.0062,-2.6843
declination,dec=+20.148 الجوزاء/الأسد,0,41,-2.9481,-2.6709
declination,dec=+20.148 الجوزاء/الأسد,0,42,-2.8908,-2.6578
declination,dec=+20.148 الجوزاء/الأسد,0,43,-2.8341,-2.6451
declination,dec=+20.148 الجوزاء/الأسد,0,44,-2.7781,-2.6327
declination,dec=+20.148 الجوزاء/الأسد,0,45,-2.7227,-2.6206
declination,dec=+20.148 الجوزاء/الأسد,0,46,-2.6680,-2.6088
declination,dec=+20.148 الجوزاء/الأسد,0,47,-2.6138,-2.5974
declination,dec=+20.148 الجوزاء/الأسد,0,48,-2.5602,-2.5862
declination,dec=+20.148 الجوزاء/الأسد,0,49,-2.5072,-2.5754
declination,dec=+20.148 الجوزاء/الأسد,0,50,-2.4548,-2.5648
declination,dec=+20.148 الجوزاء/الأسد,0,51,-2.4028,-2.5545
declination,dec=+20.148 الجوزاء/الأسد,0,52,-2.3514,-2.5445
declination,dec=+20.148 الجوزاء/الأسد,0,53,-2.3004,-2.5347
declination,dec=+20.148 الجوزاء/الأسد,0,54,-2.2500,-2.5253
declination,dec=+20.148 الجوزاء/الأسد,0,55,-2.2000,-2.5160
declination,dec=+20.148 الجوزاء/الأسد,0,56,-2.1504,-2.5070
declination,dec=+20.148 الجوزاء/الأسد,0,57,-2.0850,-2.4955
declination,dec=+20.148 الجوزاء/الأسد,0,58,-2.0204,-2.4843
declination,dec=+20.148 الجوزاء/الأسد,0,59,-1.9564,-2.4735
declination,dec=+20.148 الجوزاء/الأسد,0,60,-1.8932,-2.4632
declination,dec=+20.148 الجوزاء/الأسد,0,61,-1.8305,-2.4532
declination,dec=+20.148 الجوزاء/الأسد,0,62,-1.7686,-2.4437
declination,dec=+20.148 الجوزاء/الأسد,0,63,-1.7071,-2.4345
declination,dec=+20.148 الجوزاء/الأسد,0,64,-1.6463,-2.4257
declination,dec=+20.148 الجوزاء/الأسد,0,65,-1.5860,-2.4172
declination,dec=+20.148 الجوزاء/الأسد,0,66,-1.5263,-2.4091
declination,dec=+20.148 الجوزاء/الأسد,0,67,-1.4670,-2.4014
declination,dec=+20.148 الجوزاء/الأسد,0,68,-1.4082,-2.3939
declination,dec=+20.148 الجوزاء/الأسد,0,69,-1.3498,-2.3869
declination,dec=+20.148 الجوزاء/الأسد,0,70,-1.2919,-2.3801
declination,dec=+20.148 الجوزاء/الأسد,0,71,-1.2343,-2.3737
declination,dec=+20.148 الجوزاء/الأسد,0,72,-1.1772,-2.3675
declination,dec=+20.148 الجوزاء/الأسد,0,73,-1.1204,-2.3617
declination,dec=+20.148 الجوزاء/الأسد,0,74,-1.0640,-2.3562
declination,dec=+20.148 الجوزاء/الأسد,0,75,-1.0079,-2.3510
declination,dec=+20.148 الجوزاء/الأسد,0,76,-0.9520,-2.3461
declination,dec=+20.148 الجوزاء/الأسد,0,77,-0.8965,-2.3415
declination,dec=+20.148 الجوزاء/الأسد,0,78,-0.8413,-2.3371
declination,dec=+20.148 الجوزاء/الأسد,0,79,-0.7863,-2.3331
declination,dec=+20.148 الجوزاء/الأسد,0,80,-0.7315,-2.3293
declination,dec=+20.148 الجوزاء/الأسد,0,81,-0.6770,-2.3258
declination,dec=+20.148 الجوزاء/الأسد,0,82,-0.6226,-2.3226
declination,dec=+20.148 الجوزاء/الأسد,0,83,-0.5684,-2.3197
declination,dec=+20.148 الجوزاء/الأسد,0,84,-0.5144,-2.3170
declination,dec=+20.148 الجوزاء/الأسد,0,85,-0.4606,-2.3146
declination,dec=+20.148 الجوزاء/الأسد,0,86,-0.4069,-2.3125
declination,dec=+20.148 الجوزاء/الأسد,0,87,-0.3533,-2.3107
declination,dec=+20.148 الجوزاء/الأسد,0,88,-0.2998,-2.3091
declination,dec=+20.148 الجوزاء/الأسد,0,89,-0.2463,-2.3077
declination,dec=+20.148 الجوزاء/الأسد,0,90,-0.1930,-2.3066
declination,dec=+20.148 الجوزاء/الأسد,0,91,-0.1397,-2.3058
declination,dec=+20.148 الجوزاء/الأسد,0,92,-0.0865,-2.3053
declination,dec=+20.148 الجوزاء/الأسد,0,93,-0.0333,-2.3050
declination,dec=+20.148 الجوزاء/الأسد,0,94,0.0200,-2.3050
declination,dec=+20.148 الجوزاء/الأسد,0,95,0.0732,-2.3052
declination,dec=+20.148 الجوزاء/الأسد,0,96,0.1264,-2.3057
declination,dec=+20.148 الجوزاء/الأسد,0,97,0.1797,-2.3064
declination,dec=+20.148 الجوزاء/الأسد,0,98,0.2330,-2.3074
declination,dec=+20.148 الجوزاء/الأسد,0,99,0.2864,-2.3087
declination,dec=+20.148 الجوزاء/الأسد,0,100,0.3399,-2.3102
declination,dec=+20.148 الجوزاء/الأسد,0,101,0.3934,-2.3120
declination,dec=+20.148 الجوزاء/الأسد,0,102,0.4471,-2.3141
declination,dec=+20.148 الجوزاء/الأسد,0,103,0.5010,-2.3164
declination,dec=+20.148 الجوزاء/الأسد,0,104,0.5549,-2.3190
declination,dec=+20.148 الجوزاء/الأسد,0,105,0.6090,-2.3219
declination,dec=+20.148 الجوزاء/الأسد,0,106,0.6633,-2.3250
declination,dec=+20.148 الجوزاء/الأسد,0,107,0.7178,-2.3284
declination,dec=+20.148 الجوزاء/الأسد,0,108,0.7726,-2.3321
declination,dec=+20.148 الجوزاء/الأسد,0,109,0.8275,-2.3361
declination,dec=+20.148 الجوزاء/الأسد,0,110,0.8827,-2.3404
declination,dec=+20.148 الجوزاء/الأسد,0,111,0.9381,-2.3449
declination,dec=+20.148 الجوزاء/الأسد,0,112,0.9939,-2.3497
declination,dec=+20.148 الجوزاء/الأسد,0,113,1.0499,-2.3549
declination,dec=+20.148 الجوزاء/الأسد,0,114,1.1063,-2.3603
declination,dec=+20.148 الجوزاء/الأسد,0,115,1.1630,-2.3661
declination,dec=+20.148 الجوزاء/الأسد,0,116,1.2200,-2.3721
declination,dec=+20.148 الجوزاء/الأسد,0,117,1.2774,-2.3785
declination,dec=+20.148 الجوزاء/الأسد,0,118,1.3353,-2.3851
declination,dec=+20.148 الجوزاء/الأسد,0,119,1.3935,-2.3921
declination,dec=+20.148 الجوزاء/الأسد,0,120,1.4522,-2.3995
declination,dec=+20.148 الجوزاء/الأسد,0,121,1.5114,-2.4071
declination,dec=+20.148 الجوزاء/الأسد,0,122,1.5710,-2.4152
declination,dec=+20.148 الجوزاء/الأسد,0,123,1.6312,-2.4235
declination,dec=+20.148 الجوزاء/الأسد,0,124,1.6919,-2.4323
declination,dec=+20.148 الجوزاء/الأسد,0,125,1.7531,-2.4414
declination,dec=+20.148 الجوزاء/الأسد,0,126,1.8150,-2.4508
declination,dec=+20.148 الجوزاء/الأسد,0,127,1.8774,-2.4607
declination,dec=+20.148 الجوزاء/الأسد,0,128,1.9406,-2.4709
declination,dec=+20.148 الجوزاء/الأسد,0,129,2.0043,-2.4816
declination,dec=+20.148 الجوزاء/الأسد,0,130,2.0688,-2.4926
declination,dec=+20.148 الجوزاء/الأسد,0,131,2.1340,-2.5041
declination,dec=+20.148 الجوزاء/الأسد,0,132,2.1834,-2.5130
declination,dec=+20.148 الجوزاء/الأسد,0,133,2.2333,-2.5222
declination,dec=+20.148 الجوزاء/الأسد,0,134,2.2836,-2.5316
declination,dec=+20.148 الجوزاء/الأسد,0,135,2.3343,-2.5412
declination,dec=+20.148 الجوزاء/الأسد,0,136,2.3856,-2.5511
declination,dec=+20.148 الجوزاء/الأسد,0,137,2.4374,-2.5613
declination,dec=+20.148 الجوزاء/الأسد,0,138,2.4897,-2.5718
declination,dec=+20.148 الجوزاء/الأسد,0,139,2.5425,-2.5826
declination,dec=+20.148 الجوزاء/الأسد,0,140,2.5959,-2.5936
declination,dec=+20.148 الجوزاء/الأسد,0,141,2.6499,-2.6050
declination,dec=+20.148 الجوزاء/الأسد,0,142,2.7044,-2.6166
declination,dec=+20.148 الجوزاء/الأسد,0,143,2.7596,-2.6286
declination,dec=+20.148 الجوزاء/الأسد,0,144,2.8154,-2.6409
declination,dec=+20.148 الجوزاء/الأسد,0,145,2.8718,-2.6535
declination,dec=+20.148 الجوزاء/الأسد,0,146,2.9289,-2.6665
declination,dec=+20.148 الجوزاء/الأسد,0,147,2.9867,-2.6798
declination,dec=+20.148 الجوزاء/الأسد,0,148,3.0453,-2.6934
declination,dec=+20.148 الجوزاء/الأسد,0,149,3.1045,-2.7074
declination,dec=+20.148 الجوزاء/الأسد,0,150,3.1646,-2.7218
declination,dec=+20.148 الجوزاء/الأسد,0,151,3.2254,-2.7366
declination,dec=+20.148 الجوزاء/الأسد,0,152,3.2870,-2.7517
declination,dec=+20.148 الجوزاء/الأسد,0,153,3.3495,-2.7673
declination,dec=+20.148 الجوزاء/الأسد,0,154,3.4129,-2.7833
declination,dec=+20.148 الجوزاء/الأسد,0,155,3.4771,-2.7997
declination,dec=+20.148 الجوزاء/الأسد,0,156,3.5423,-2.8165
declination,dec=+20.148 الجوزاء/الأسد,0,157,3.6085,-2.8338
declination,dec=+20.148 الجوزاء/الأسد,0,158,3.6757,-2.8516
declination,dec=+20.148 الجوزاء/الأسد,0,159,3.7438,-2.8699
declination,dec=+20.148 الجوزاء/الأسد,0,160,3.8131,-2.8886
declination,dec=+20.148 الجوزاء/الأسد,0,161,3.8835,-2.9079
declination,dec=+20.148 الجوزاء/الأسد,0,162,3.9550,-2.9277
declination,dec=+20.148 الجوزاء/الأسد,0,163,4.0033,-2.9412
declination,dec=+20.148 الجوزاء/الأسد,0,164,4.0522,-2.9549
declination,dec=+20.148 الجوزاء/الأسد,0,165,4.1016,-2.9689
declination,dec=+20.148 الجوزاء/الأسد,0,166,4.1516,-2.9832
declination,dec=+20.148 الجوزاء/الأسد,0,167,4.2022,-2.9977
declination,dec=+20.148 الجوزاء/الأسد,0,168,4.2534,-3.0125
declination,dec=+20.148 الجوزاء/الأسد,0,169,4.3052,-3.0275
declination,dec=+20.148 الجوزاء/الأسد,0,170,4.3576,-3.0429
declination,dec=+20.148 الجوزاء/الأسد,0,171,4.4106,-3.0585
declination,dec=+20.148 الجوزاء/الأسد,0,172,4.4643,-3.0745
declination,dec=+20.148 الجوزاء/الأسد,0,173,4.5187,-3.0907
declination,dec=+20.148 الجوزاء/الأسد,0,174,4.5737,-3.1072
declination,dec=+20.148 الجوزاء/الأسد,0,175,4.6295,-3.1241
declination,dec=+20.148 الجوزاء/الأسد,0,176,4.6860,-3.1413
declination,dec=+20.148 الجوزاء/الأسد,0,177,4.7433,-3.1588
declination,dec=+20.148 الجوزاء/الأسد,0,178,4.8013,-3.1767
declination,dec=+20.148 الجوزاء/الأسد,0,179,4.8601,-3.1949
declination,dec=+20.148 الجوزاء/الأسد,0,180,4.9197,-3.2135
declination,dec=+20.148 الجوزاء/الأسد,0,181,4.9801,-3.2324
declination,dec=+20.148 الجوزاء/الأسد,0,182,5.0414,-3.2518
declination,dec=+20.148 الجوزاء/الأسد,0,183,5.1035,-3.2715
declination,dec=+20.148 الجوزاء/الأسد,0,184,5.1666,-3.2916
declination,dec=+20.148 الجوزاء/الأسد,0,185,5.2305,-3.3121
declination,dec=+20.148 الجوزاء/الأسد,0,186,5.2954,-3.3330
declination,dec=+20.148 الجوزاء/الأسد,0,187,5.3613,-3.3544
declination,dec=+20.148 الجوزاء/الأسد,0,188,5.3866,-3.3626
declination,dec=+23.436 السرطان,0,0,-5.1571,-3.7050
declination,dec=+23.436 السرطان,0,1,-5.1099,-3.6872
declination,dec=+23.436 السرطان,0,2,-5.0491,-3.6643
declination,dec=+23.436 السرطان,0,3,-4.9891,-3.6418
declination,dec=+23.436 السرطان,0,4,-4.9300,-3.6197
declination,dec=+23.436 السرطان,0,5,-4.8716,-3.5981
declination,dec=+23.436 السرطان,0,6,-4.8140,-3.5769
declination,dec=+23.436 السرطان,0,7,-4.7572,-3.5561
declination,dec=+23.436 السرطان,0,8,-4.7012,-3.5357
declination,dec=+23.436 السرطان,0,9,-4.6458,-3.5157
declination,dec=+23.436 السرطان,0,10,-4.5912,-3.4960
declination,dec=+23.436 السرطان,0,11,-4.5372,-3.4767
declination,dec=+23.436 السرطان,0,12,-4.4839,-3.4578
declination,dec=+23.436 السرطان,0,13,-4.4313,-3.4392
declination,dec=+23.436 السرطان,0,14,-4.3793,-3.4210
declination,dec=+23.436 السرطان,0,15,-4.3279,-3.4031
declination,dec=+23.436 السرطان,0,16,-4.2771,-3.3855
declination,dec=+23.436 السرطان,0,17,-4.2269,-3.3682
declination,dec=+23.436 السرطان,0,18,-4.1773,-3.3513
declination,dec=+23.436 السرطان,0,19,-4.1283,-3.3346
declination,dec=+23.436 السرطان,0,20,-4.0798,-3.3183
declination,dec=+23.436 السرطان,0,21,-4.0318,-3.3022
declination,dec=+23.436 السرطان,0,22,-3.9609,-3.2787
declination,dec=+23.436 السرطان,0,23,-3.8911,-3.2557
declination,dec=+23.436 السرطان,0,24,-3.8224,-3.2334
declination,dec=+23.436 السرطان,0,25,-3.7547,-3.2117
declination,dec=+23.436 السرطان,0,26,-3.6881,-3.1905
declination,dec=+23.436 السرطان,0,27,-3.6225,-3.1699
declination,dec=+23.436 السرطان,0,28,-3.5579,-3.1498
declination,dec=+23.436 السرطان,0,29,-3.4942,-3.1302
declination,dec=+23.436 السرطان,0,30,-3.4313,-3.1111
declination,dec=+23.436 السرطان,0,31,-3.3694,-3.0925
declination,dec=+23.436 السرطان,0,32,-3.3083,-3.0744
declination,dec=+23.436 السرطان,0,33,-3.2480,-3.0567
declination,dec=+23.436 السرطان,0,34,-3.1885,-3.0395
declination,dec=+23.436 السرطان,0,35,-3.1298,-3.0228
declination,dec=+23.436 السرطان,0,36,-3.0718,-3.0064
declination,dec=+23.436 السرطان,0,37,-3.0145,-2.9905
declination,dec=+23.436 السرطان,0,38,-2.9580,-2.9750
declination,dec=+23.436 السرطان,0,39,-2.9021,-2.9599
declination,dec=+23.436 السرطان,0,40,-2.8468,-2.9451
declination,dec=+23.436 السرطان,0,41,-2.7922,-2.9308
declination,dec=+23.436 السرطان,0,42,-2.7382,-2.9168
declination,dec=+23.436 السرطان,0,43,-2.6848,-2.9031
declination,dec=+23.436 السرطان,0,44,-2.6320,-2.8898
declination,dec=+23.436 السرطان,0,45,-2.5797,-2.8769
declination,dec=+23.436 السرطان,0,46,-2.5280,-2.8643
declination,dec=+23.436 السرطان,0,47,-2.4768,-2.8520
declination,dec=+23.436 السرطان,0,48,-2.4261,-2.8400
declination,dec=+23.436 السرطان,0,49,-2.3759,-2.8283
declination,dec=+23.436 السرطان,0,50,-2.3261,-2.8169
declination,dec=+23.436 السرطان,0,51,-2.2769,-2.8059
declination,dec=+23.436 السرطان,0,52,-2.2119,-2.7916
declination,dec=+23.436 السرطان,0,53,-2.1477,-2.7778
declination,dec=+23.436 السرطان,0,54,-2.0842,-2.7645
declination,dec=+23.436 السرطان,0,55,-2.0214,-2.7516
declination,dec=+23.436 السرطان,0,56,-1.9593,-2.7393
declination,dec=+23.436 السرطان,0,57,-1.8978,-2.7274
declination,dec=+23.436 السرطان,0,58,-1.8370,-2.7159
declination,dec=+23.436 السرطان,0,59,-1.7767,-2.7049
declination,dec=+23.436 السرطان,0,60,-1.7171,-2.6943
declination,dec=+23.436 السرطان,0,61,-1.6579,-2.6841
declination,dec=+23.436 السرطان,0,62,-1.5993,-2.6743
declination,dec=+23.436 السرطان,0,63,-1.5412,-2.6649
declination,dec=+23.436 السرطان,0,64,-1.4836,-2.6559
declination,dec=+23.436 السرطان,0,65,-1.4264,-2.6472
declination,dec=+23.436 السرطان,0,66,-1.3696,-2.6390
declination,dec=+23.436 السرطان,0,67,-1.3133,-2.6311
declination,dec=+23.436 السرطان,0,68,-1.2573,-2.6236
declination,dec=+23.436 السرطان,0,69,-1.2017,-2.6164
declination,dec=+23.436 السرطان,0,70,-1.1465,-2.6096
declination,dec=+23.436 السرطان,0,71,-1.0916,-2.6031
declination,dec=+23.436 السرطان,0,72,-1.0370,-2.5970
declination,dec=+23.436 السرطان,0,73,-0.9828,-2.5912
declination,dec=+23.436 السرطان,0,74,-0.9288,-2.5857
declination,dec=+23.436 السرطان,0,75,-0.8750,-2.5805
declination,dec=+23.436 السرطان,0,76,-0.8216,-2.5757
declination,dec=+23.436 السرطان,0,77,-0.7683,-2.5711
declination,dec=+23.436 السرطان,0,78,-0.7153,-2.5669
declination,dec=+23.436 السرطان,0,79,-0.6625,-2.5630
declination,dec=+23.436 السرطان,0,80,-0.6098,-2.5594
declination,dec=+23.436 السرطان,0,81,-0.5573,-2.5561
declination,dec=+23.436 السرطان,0,82,-0.5050,-2.5531
declination,dec=+23.436 السرطان,0,83,-0.4528,-2.5505
declination,dec=+23.436 السرطان,0,84,-0.4008,-2.5481
declination,dec=+23.436 السرطان,0,85,-0.3488,-2.5459
declination,dec=+23.436 السرطان,0,86,-0.2970,-2.5441
declination,dec=+23.436 السرطان,0,87,-0.2452,-2.5426
declination,dec=+23.436 السرطان,0,88,-0.1935,-2.5414
declination,dec=+23.436 السرطان,0,89,-0.1419,-2.5405
declination,dec=+23.436 السرطان,0,90,-0.0903,-2.5398
declination,dec=+23.436 السرطان,0,91,-0.0387,-2.5394
declination,dec=+23.436 السرطان,0,92,0.0129,-2.5394
declination,dec=+23.436 السرطان,0,93,0.0645,-2.5396
declination,dec=+23.436 السرطان,0,94,0.1161,-2.5401
declination,dec=+23.436 السرطان,0,95,0.1677,-2.5409
declination,dec=+23.436 السرطان,0,96,0.2194,-2.5420
declination,dec=+23.436 السرطان,0,97,0.2711,-2.5433
declination,dec=+23.436 السرطان,0,98,0.3229,-2.5450
declination,dec=+23.436 السرطان,0,99,0.3748,-2.5470
declination,dec=+23.436 السرطان,0,100,0.4268,-2.5492
declination,dec=+23.436 السرطان,0,101,0.4789,-2.5518
declination,dec=+23.436 السرطان,0,102,0.5312,-2.5546
declination,dec=+23.436 السرطان,0,103,0.5836,-2.5577
declination,dec=+23.436 السرطان,0,104,0.6361,-2.5612
declination,dec=+23.436 السرطان,0,105,0.6889,-2.5649
declination,dec=+23.436 السرطان,0,106,0.7418,-2.5690
declination,dec=+23.436 السرطان,0,107,0.7949,-2.5734
declination,dec=+23.436 السرطان,0,108,0.8483,-2.5781
declination,dec=+23.436 السرطان,0,109,0.9019,-2.5831
declination,dec=+23.436 السرطان,0,110,0.9557,-2.5884
declination,dec=+23.436 السرطان,0,111,1.0099,-2.5940
declination,dec=+23.436 السرطان,0,112,1.0643,-2.6000
declination,dec=+23.436 السرطان,0,113,1.1190,-2.6063
declination,dec=+23.436 السرطان,0,114,1.1741,-2.6130
declination,dec=+23.436 السرطان,0,115,1.2295,-2.6200
declination,dec=+23.436 السرطان,0,116,1.2852,-2.6273
declination,dec=+23.436 السرطان,0,117,1.3414,-2.6350
declination,dec=+23.436 السرطان,0,118,1.3979,-2.6431
declination,dec=+23.436 السرطان,0,119,1.4549,-2.6515
declination,dec=+23.436 السرطان,0,120,1.5123,-2.6603
declination,dec=+23.436 السرطان,0,121,1.5702,-2.6695
declination,dec=+23.436 السرطان,0,122,1.6286,-2.6791
declination,dec=+23.436 السرطان,0,123,1.6874,-2.6891
declination,dec=+23.436 السرطان,0,124,1.7468,-2.6995
declination,dec=+23.436 السرطان,0,125,1.8068,-2.7103
declination,dec=+23.436 السرطان,0,126,1.8673,-2.7216
declination,dec=+23.436 السرطان,0,127,1.9285,-2.7333
declination,dec=+23.436 السرطان,0,128,1.9903,-2.7454
declination,dec=+23.436 السرطان,0,129,2.0527,-2.7580
declination,dec=+23.436 السرطان,0,130,2.1158,-2.7711
declination,dec=+23.436 السرطان,0,131,2.1797,-2.7846
declination,dec=+23.436 السرطان,0,132,2.2443,-2.7987
declination,dec=+23.436 السرطان,0,133,2.2932,-2.8095
declination,dec=+23.436 السرطان,0,134,2.3427,-2.8207
declination,dec=+23.436 السرطان,0,135,2.3925,-2.8322
declination,dec=+23.436 السرطان,0,136,2.4429,-2.8439
declination,dec=+23.436 السرطان,0,137,2.4938,-2.8560
declination,dec=+23.436 السرطان,0,138,2.5452,-2.8684
declination,dec=+23.436 السرطان,0,139,2.5971,-2.8812
declination,dec=+23.436 السرطان,0,140,2.6495,-2.8942
declination,dec=+23.436 السرطان,0,141,2.7025,-2.9076
declination,dec=+23.436 السرطان,0,142,2.7561,-2.9214
declination,dec=+23.436 السرطان,0,143,2.8103,-2.9355
declination,dec=+23.436 السرطان,0,144,2.8652,-2.9500
declination,dec=+23.436 السرطان,0,145,2.9206,-2.9649
declination,dec=+23.436 السرطان,0,146,2.9767,-2.9801
declination,dec=+23.436 السرطان,0,147,3.0335,-2.9958
declination,dec=+23.436 السرطان,0,148,3.0911,-3.0118
declination,dec=+23.436 السرطان,0,149,3.1493,-3.0283
declination,dec=+23.436 السرطان,0,150,3.2083,-3.0452
declination,dec=+23.436 السرطان,0,151,3.2680,-3.0626
declination,dec=+23.436 السرطان,0,152,3.3286,-3.0804
declination,dec=+23.436 السرطان,0,153,3.3899,-3.0987
declination,dec=+23.436 السرطان,0,154,3.4522,-3.1174
declination,dec=+23.436 السرطان,0,155,3.5153,-3.1366
declination,dec=+23.436 السرطان,0,156,3.5793,-3.1564
declination,dec=+23.436 السرطان,0,157,3.6443,-3.1767
declination,dec=+23.436 السرطان,0,158,3.7102,-3.1975
declination,dec=+23.436 السرطان,0,159,3.7772,-3.2189
declination,dec=+23.436 السرطان,0,160,3.8452,-3.2408
declination,dec=+23.436 السرطان,0,161,3.9142,-3.2633
declination,dec=+23.436 السرطان,0,162,3.9844,-3.2865
declination,dec=+23.436 السرطان,0,163,4.0557,-3.3102
declination,dec=+23.436 السرطان,0,164,4.1040,-3.3264
declination,dec=+23.436 السرطان,0,165,4.1527,-3.3429
declination,dec=+23.436 السرطان,0,166,4.2021,-3.3597
declination,dec=+23.436 السرطان,0,167,4.2519,-3.3768
declination,dec=+23.436 السرطان,0,168,4.3024,-3.3943
declination,dec=+23.436 السرطان,0,169,4.3535,-3.4120
declination,dec=+23.436 السرطان,0,170,4.4052,-3.4301
declination,dec=+23.436 السرطان,0,171,4.4575,-3.4485
declination,dec=+23.436 السرطان,0,172,4.5105,-3.4672
declination,dec=+23.436 السرطان,0,173,4.5641,-3.4863
declination,dec=+23.436 السرطان,0,174,4.6184,-3.5058
declination,dec=+23.436 السرطان,0,175,4.6734,-3.5257
declination,dec=+23.436 السرطان,0,176,4.7291,-3.5459
declination,dec=+23.436 السرطان,0,177,4.7855,-3.5665
declination,dec=+23.436 السرطان,0,178,4.8427,-3.5875
declination,dec=+23.436 السرطان,0,179,4.9007,-3.6089
declination,dec=+23.436 السرطان,0,180,4.9594,-3.6307
declination,dec=+23.436 السرطان,0,181,5.0190,-3.6530
declination,dec=+23.436 السرطان,0,182,5.0794,-3.6757
declination,dec=+23.436 السرطان,0,183,5.1406,-3.6988
declination,dec=+23.436 السرطان,0,184,5.1571,-3.7050
declination,dec=-11.471 الحوت/العقرب,0,0,-6.2214,1.2713
declination,dec=-11.471 الحوت/العقرب,0,1,-6.1407,1.2561
declination,dec=-11.471 الحوت/العقرب,0,2,-6.0457,1.2382
declination,dec=-11.471 الحوت/العقرب,0,3,-5.9524,1.2208
declination,dec=-11.471 الحوت/العقرب,0,4,-5.8608,1.2039
declination,dec=-11.471 الحوت/العقرب,0,5,-5.7709,1.1873
declination,dec=-11.471 الحوت/العقرب,0,6,-5.6826,1.1711
declination,dec=-11.471 الحوت/العقرب,0,7,-5.5959,1.1553
declination,dec=-11.471 الحوت/العقرب,0,8,-5.5106,1.1399
declination,dec=-11.471 الحوت/العقرب,0,9,-5.4269,1.1249
declination,dec=-11.471 الحوت/العقرب,0,10,-5.3445,1.1102
declination,dec=-11.471 الحوت/العقرب,0,11,-5.2635,1.0958
declination,dec=-11.471 الحوت/العقرب,0,12,-5.1839,1.0818
declination,dec=-11.471 الحوت/العقرب,0,13,-5.1055,1.0680
declination,dec=-11.471 الحوت/العقرب,0,14,-5.0284,1.0546
declination,dec=-11.471 الحوت/العقرب,0,15,-4.9524,1.0415
declination,dec=-11.471 الحوت/العقرب,0,16,-4.8777,1.0287
declination,dec=-11.471 الحوت/العقرب,0,17,-4.8041,1.0162
declination,dec=-11.471 الحوت/العقرب,0,18,-4.7316,1.0040
declination,dec=-11.471 الحوت/العقرب,0,19,-4.6601,0.9920
declination,dec=-11.471 الحوت/العقرب,0,20,-4.5898,0.9803
declination,dec=-11.471 الحوت/العقرب,0,21,-4.5204,0.9688
declination,dec=-11.471 الحوت/العقرب,0,22,-4.4520,0.9576
declination,dec=-11.471 الحوت/العقرب,0,23,-4.3845,0.9466
declination,dec=-11.471 الحوت/العقرب,0,24,-4.3180,0.9359
declination,dec=-11.471 الحوت/العقرب,0,25,-4.2524,0.9254
declination,dec=-11.471 الحوت/العقرب,0,26,-4.1876,0.9152
declination,dec=-11.471 الحوت/العقرب,0,27,-4.1237,0.9051
declination,dec=-11.471 الحوت/العقرب,0,28,-4.0606,0.8953
declination,dec=-11.471 الحوت/العقرب,0,29,-3.9984,0.8857
declination,dec=-11.471 الحوت/العقرب,0,30,-3.9369,0.8762
declination,dec=-11.471 الحوت/العقرب,0,31,-3.8761,0.8670
declination,dec=-11.471 الحوت/العقرب,0,32,-3.8161,0.8580
declination,dec=-11.471 الحوت/العقرب,0,33,-3.7569,0.8492
declination,dec=-11.471 الحوت/العقرب,0,34,-3.6983,0.8405
declination,dec=-11.471 الحوت/العقرب,0,35,-3.6404,0.8321
declination,dec=-11.471 الحوت/العقرب,0,36,-3.5832,0.8238
declination,dec=-11.471 الحوت/العقرب,0,37,-3.5266,0.8157
declination,dec=-11.471 الحوت/العقرب,0,38,-3.4706,0.8078
declination,dec=-11.471 الحوت/العقرب,0,39,-3.4152,0.8000
declination,dec=-11.471 الحوت/العقرب,0,40,-3.3605,0.7924
declination,dec=-11.471 الحوت/العقرب,0,41,-3.3063,0.7849
declination,dec=-11.471 الحوت/العقرب,0,42,-3.2527,0.7776
declination,dec=-11.471 الحوت/العقرب,0,43,-3.1996,0.7705
declination,dec=-11.471 الحوت/العقرب,0,44,-3.1471,0.7635
declination,dec=-11.471 الحوت/العقرب,0,45,-3.0951,0.7567
declination,dec=-11.471 الحوت/العقرب,0,46,-3.0436,0.7500
declination,dec=-11.471 الحوت/العقرب,0,47,-2.9926,0.7434
declination,dec=-11.471 الحوت/العقرب,0,48,-2.9421,0.7370
declination,dec=-11.471 الحوت/العقرب,0,49,-2.8920,0.7307
declination,dec=-11.471 الحوت/العقرب,0,50,-2.8178,0.7216
declination,dec=-11.471 الحوت/العقرب,0,51,-2.7446,0.7127
declination,dec=-11.471 الحوت/العقرب,0,52,-2.6723,0.7041
declination,dec=-11.471 الحوت/العقرب,0,53,-2.6009,0.6958
declination,dec=-11.471 الحوت/العقرب,0,54,-2.5304,0.6878
declination,dec=-11.471 الحوت/العقرب,0,55,-2.4607,0.6800
declination,dec=-11.471 الحوت/العقرب,0,56,-2.3919,0.6725
declination,dec=-11.471 الحوت/العقرب,0,57,-2.3238,0.6653
declination,dec=-11.471 الحوت/العقرب,0,58,-2.2565,0.6582
declination,dec=-11.471 الحوت/العقرب,0,59,-2.1900,0.6515
declination,dec=-11.471 الحوت/العقرب,0,60,-2.1241,0.6449
declination,dec=-11.471 الحوت/العقرب,0,61,-2.0588,0.6386
declination,dec=-11.471 الحوت/العقرب,0,62,-1.9942,0.6325
declination,dec=-11.471 الحوت/العقرب,0,63,-1.9303,0.6267
declination,dec=-11.471 الحوت/العقرب,0,64,-1.8669,0.6210
declination,dec=-11.471 الحوت/العقرب,0,65,-1.8040,0.6156
declination,dec=-11.471 الحوت/العقرب,0,66,-1.7417,0.6103
declination,dec=-11.471 الحوت/العقرب,0,67,-1.6800,0.6053
declination,dec=-11.471 الحوت/العقرب,0,68,-1.6187,0.6005
declination,dec=-11.471 الحوت/العقرب,0,69,-1.5579,0.5958
declination,dec=-11.471 الحوت/العقرب,0,70,-1.4975,0.5914
declination,dec=-11.471 الحوت/العقرب,0,71,-1.4376,0.5871
declination,dec=-11.471 الحوت/العقرب,0,72,-1.3781,0.5831
declination,dec=-11.471 الحوت/العقرب,0,73,-1.3190,0.5792
declination,dec=-11.471 الحوت/العقرب,0,74,-1.2602,0.5755
declination,dec=-11.471 الحوت/العقرب,0,75,-1.2018,0.5719
declination,dec=-11.471 الحوت/العقرب,0,76,-1.1438,0.5686
declination,dec=-11.471 الحوت/العقرب,0,77,-1.0860,0.5654
declination,dec=-11.471 الحوت/العقرب,0,78,-1.0286,0.5624
declination,dec=-11.471 الحوت/العقرب,0,79,-0.9714,0.5596
declination,dec=-11.471 الحوت/العقرب,0,80,-0.9145,0.5569
declination,dec=-11.471 الحوت/العقرب,0,81,-0.8579,0.5544
declination,dec=-11.471 الحوت/العقرب,0,82,-0.8015,0.5521
declination,dec=-11.471 الحوت/العقرب,0,83,-0.7453,0.5499
declination,dec=-11.471 الحوت/العقرب,0,84,-0.6893,0.5479
declination,dec=-11.471 الحوت/العقرب,0,85,-0.6335,0.5460
declination,dec=-11.471 الحوت/العقرب,0,86,-0.5778,0.5443
declination,dec=-11.471 الحوت/العقرب,0,87,-0.5223,0.5428
declination,dec=-11.471 الحوت/العقرب,0,88,-0.4670,0.5414
declination,dec=-11.471 الحوت/العقرب,0,89,-0.4117,0.5402
declination,dec=-11.471 الحوت/العقرب,0,90,-0.3566,0.5391
declination,dec=-11.471 الحوت/العقرب,0,91,-0.3016,0.5382
declination,dec=-11.471 الحوت/العقرب,0,92,-0.2467,0.5374
declination,dec=-11.471 الحوت/العقرب,0,93,-0.1918,0.5368
declination,dec=-11.471 الحوت/العقرب,0,94,-0.1369,0.5364
declination,dec=-11.471 الحوت/العقرب,0,95,-0.0822,0.5361
declination,dec=-11.471 الحوت/العقرب,0,96,-0.0274,0.5359
declination,dec=-11.471 الحوت/العقرب,0,97,0.0274,0.5359
declination,dec=-11.471 الحوت/العقرب,0,98,0.0822,0.5361
declination,dec=-11.471 الحوت/العقرب,0,99,0.1369,0.5364
declination,dec=-11.471 الحوت/العقرب,0,100,0.1918,0.5368
declination,dec=-11.471 الحوت/العقرب,0,101,0.2467,0.5374
declination,dec=-11.471 الحوت/العقرب,0,102,0.3016,0.5382
declination,dec=-11.471 الحوت/العقرب,0,103,0.3566,0.5391
declination,dec=-11.471 الحوت/العقرب,0,104,0.4117,0.5402
declination,dec=-11.471 الحوت/العقرب,0,105,0.4670,0.5414
declination,dec=-11.471 الحوت/العقرب,0,106,0.5223,0.5428
declination,dec=-11.471 الحوت/العقرب,0,107,0.5778,0.5443
declination,dec=-11.471 الحوت/العقرب,0,108,0.6335,0.5460
declination,dec=-11.471 الحوت/العقرب,0,109,0.6893,0.5479
declination,dec=-11.471 الحوت/العقرب,0,110,0.7453,0.5499
declination,dec=-11.471 الحوت/العقرب,0,111,0.8015,0.5521
declination,dec=-11.471 الحوت/العقرب,0,112,0.8579,0.5544
declination,dec=-11.471 الحوت/العقرب,0,113,0.9145,0.5569
declination,dec=-11.471 الحوت/العقرب,0,114,0.9714,0.5596
declination,dec=-11.471 الحوت/العقرب,0,115,1.0286,0.5624
declination,dec=-11.471 الحوت/العقرب,0,116,1.0860,0.5654
declination,dec=-11.471 الحوت/العقرب,0,117,1.1438,0.5686
declination,dec=-11.471 الحوت/العقرب,0,118,1.2018,0.5719
declination,dec=-11.471 الحوت/العقرب,0,119,1.2602,0.5755
declination,dec=-11.471 الحوت/العقرب,0,120,1.3190,0.5792
declination,dec=-11.471 الحوت/العقرب,0,121,1.3781,0.5831
declination,dec=-11.471 الحوت/العقرب,0,122,1.4376,0.5871
declination,dec=-11.471 الحوت/العقرب,0,123,1.4975,0.5914
declination,dec=-11.471 الحوت/العقرب,0,124,1.5579,0.5958
declination,dec=-11.471 الحوت/العقرب,0,125,1.6187,0.6005
declination,dec=-11.471 الحوت/العقرب,0,126,1.6800,0.6053
declination,dec=-11.471 الحوت/العقرب,0,127,1.7417,0.6103
declination,dec=-11.471 الحوت/العقرب,0,128,1.8040,0.6156
declination,dec=-11.471 الحوت/العقرب,0,129,1.8669,0.6210
declination,dec=-11.471 الحوت/العقرب,0,130,1.9303,0.6267
declination,dec=-11.471 الحوت/العقرب,0,131,1.9942,0.6325
declination,dec=-11.471 الحوت/العقرب,0,132,2.0588,0.6386
declination,dec=-11.471 الحوت/العقرب,0,133,2.1241,0.6449
declination,dec=-11.471 الحوت/العقرب,0,134,2.1900,0.6515
declination,dec=-11.471 الحوت/العقرب,0,135,2.2565,0.6582
declination,dec=-11.471 الحوت/العقرب,0,136,2.3238,0.6653
declination,dec=-11.471 الحوت/العقرب,0,137,2.3919,0.6725
declination,dec=-11.471 الحوت/العقرب,0,138,2.4607,0.6800
declination,dec=-11.471 الحوت/العقرب,0,139,2.5304,0.6878
declination,dec=-11.471 الحوت/العقرب,0,140,2.6009,0.6958
declination,dec=-11.471 الحوت/العقرب,0,141,2.6723,0.7041
declination,dec=-11.471 الحوت/العقرب,0,142,2.7446,0.7127
declination,dec=-11.471 الحوت/العقرب,0,143,2.8178,0.7216
declination,dec=-11.471 الحوت/العقرب,0,144,2.8920,0.7307
declination,dec=-11.471 الحوت/العقرب,0,145,2.9421,0.7370
declination,dec=-11.471 الحوت/العقرب,0,146,2.9926,0.7434
declination,dec=-11.471 الحوت/العقرب,0,147,3.0436,0.7500
declination,dec=-11.471 الحوت/العقرب,0,148,3.0951,0.7567
declination,dec=-11.471 الحوت/العقرب,0,149,3.1471,0.7635
declination,dec=-11.471 الحوت/العقرب,0,150,3.1996,0.7705
declination,dec=-11.471 الحوت/العقرب,0,151,3.2527,0.7776
declination,dec=-11.471 الحوت/العقرب,0,152,3.3063,0.7849
declination,dec=-11.471 الحوت/العقرب,0,153,3.3605,0.7924
declination,dec=-11.471 الحوت/العقرب,0,154,3.4152,0.8000
declination,dec=-11.471 الحوت/العقرب,0,155,3.4706,0.8078
declination,dec=-11.471 الحوت/العقرب,0,156,3.5266,0.8157
declination,dec=-11.471 الحوت/العقرب,0,157,3.5832,0.8238
declination,dec=-11.471 الحوت/العقرب,0,158,3.6404,0.8321
declination,dec=-11.471 الحوت/العقرب,0,159,3.6983,0.8405
declination,dec=-11.471 الحوت/العقرب,0,160,3.7569,0.8492
declination,dec=-11.471 الحوت/العقرب,0,161,3.8161,0.8580
declination,dec=-11.471 الحوت/العقرب,0,162,3.8761,0.8670
declination,dec=-11.471 الحوت/العقرب,0,163,3.9369,0.8762
declination,dec=-11.471 الحوت/العقرب,0,164,3.9984,0.8857
declination,dec=-11.471 الحوت/العقرب,0,165,4.0606,0.8953
declination,dec=-11.471 الحوت/العقرب,0,166,4.1237,0.9051
declination,dec=-11.471 الحوت/العقرب,0,167,4.1876,0.9152
declination,dec=-11.471 الحوت/العقرب,0,168,4.2524,0.9254
declination,dec=-11.471 الحوت/العقرب,0,169,4.3180,0.9359
declination,dec=-11.471 الحوت/العقرب,0,170,4.3845,0.9466
declination,dec=-11.471 الحوت/العقرب,0,171,4.4520,0.9576
declination,dec=-11.471 الحوت/العقرب,0,172,4.5204,0.9688
declination,dec=-11.471 الحوت/العقرب,0,173,4.5898,0.9803
declination,dec=-11.471 الحوت/العقرب,0,174,4.6601,0.9920
declination,dec=-11.471 الحوت/العقرب,0,175,4.7316,1.0040
declination,dec=-11.471 الحوت/العقرب,0,176,4.8041,1.0162
declination,dec=-11.471 الحوت/العقرب,0,177,4.8777,1.0287
declination,dec=-11.471 الحوت/العقرب,0,178,4.9524,1.0415
declination,dec=-11.471 الحوت/العقرب,0,179,5.0284,1.0546
declination,dec=-11.471 الحوت/العقرب,0,180,5.1055,1.0680
declination,dec=-11.471 الحوت/العقرب,0,181,5.1839,1.0818
declination,dec=-11.471 الحوت/العقرب,0,182,5.2635,1.0958
declination,dec=-11.471 الحوت/العقرب,0,183,5.3445,1.1102
declination,dec=-11.471 الحوت/العقرب,0,184,5.4269,1.1249
declination,dec=-11.471 الحوت/العقرب,0,185,5.5106,1.1399
declination,dec=-11.471 الحوت/العقرب,0,186,5.5959,1.1553
declination,dec=-11.471 الحوت/العقرب,0,187,5.6826,1.1711
declination,dec=-11.471 الحوت/العقرب,0,188,5.7709,1.1873
declination,dec=-11.471 الحوت/العقرب,0,189,5.8608,1.2039
declination,dec=-11.471 الحوت/العقرب,0,190,5.9524,1.2208
declination,dec=-11.471 الحوت/العقرب,0,191,6.0457,1.2382
declination,dec=-11.471 الحوت/العقرب,0,192,6.1407,1.2561
declination,dec=-11.471 الحوت/العقرب,0,193,6.2214,1.2713
declination,dec=-20.148 الدلو/القوس,0,0,-5.6328,2.9317
declination,dec=-20.148 الدلو/القوس,0,1,-5.5842,2.9156
declination,dec=-20.148 الدلو/القوس,0,2,-5.4930,2.8855
declination,dec=-20.148 الدلو/القوس,0,3,-5.4035,2.8562
declination,dec=-20.148 الدلو/القوس,0,4,-5.3154,2.8276
declination,dec=-20.148 الدلو/القوس,0,5,-5.2289,2.7996
declination,dec=-20.148 الدلو/القوس,0,6,-5.1439,2.7724
declination,dec=-20.148 الدلو/القوس,0,7,-5.0602,2.7458
declination,dec=-20.148 الدلو/القوس,0,8,-4.9780,2.7198
declination,dec=-20.148 الدلو/القوس,0,9,-4.8970,2.6944
declination,dec=-20.148 الدلو/القوس,0,10,-4.8173,2.6697
declination,dec=-20.148 الدلو/القوس,0,11,-4.7388,2.6455
declination,dec=-20.148 الدلو/القوس,0,12,-4.6616,2.6219
declination,dec=-20.148 الدلو/القوس,0,13,-4.5855,2.5988
declination,dec=-20.148 الدلو/القوس,0,14,-4.5105,2.5763
declination,dec=-20.148 الدلو/القوس,0,15,-4.4367,2.5543
declination,dec=-20.148 الدلو/القوس,0,16,-4.3638,2.5328
declination,dec=-20.148 الدلو/القوس,0,17,-4.2921,2.5117
declination,dec=-20.148 الدلو/القوس,0,18,-4.2213,2.4912
declination,dec=-20.148 الدلو/القوس,0,19,-4.1515,2.4711
declination,dec=-20.148 الدلو/القوس,0,20,-4.0826,2.4515
declination,dec=-20.148 الدلو/القوس,0,21,-4.0146,2.4324
declination,dec=-20.148 الدلو/القوس,0,22,-3.9475,2.4136
declination,dec=-20.148 الدلو/القوس,0,23,-3.8813,2.3953
declination,dec=-20.148 الدلو/القوس,0,24,-3.8159,2.3774
declination,dec=-20.148 الدلو/القوس,0,25,-3.7513,2.3599
declination,dec=-20.148 الدلو/القوس,0,26,-3.6876,2.3428
declination,dec=-20.148 الدلو/القوس,0,27,-3.6245,2.3261
declination,dec=-20.148 الدلو/القوس,0,28,-3.5623,2.3098
declination,dec=-20.148 الدلو/القوس,0,29,-3.5007,2.2938
declination,dec=-20.148 الدلو/القوس,0,30,-3.4399,2.2782
declination,dec=-20.148 الدلو/القوس,0,31,-3.3797,2.2629
declination,dec=-20.148 الدلو/القوس,0,32,-3.3202,2.2480
declination,dec=-20.148 الدلو/القوس,0,33,-3.2613,2.2334
declination,dec=-20.148 الدلو/القوس,0,34,-3.2031,2.2192
declination,dec=-20.148 الدلو/القوس,0,35,-3.1455,2.2053
declination,dec=-20.148 الدلو/القوس,0,36,-3.0885,2.1916
declination,dec=-20.148 الدلو/القوس,0,37,-3.0320,2.1783
declination,dec=-20.148 الدلو/القوس,0,38,-2.9761,2.1653
declination,dec=-20.148 الدلو/القوس,0,39,-2.9208,2.1526
declination,dec=-20.148 الدلو/القوس,0,40,-2.8660,2.1402
declination,dec=-20.148 الدلو/القوس,0,41,-2.8117,2.1281
declination,dec=-20.148 الدلو/القوس,0,42,-2.7579,2.1163
declination,dec=-20.148 الدلو/القوس,0,43,-2.7046,2.1047
declination,dec=-20.148 الدلو/القوس,0,44,-2.6517,2.0934
declination,dec=-20.148 الدلو/القوس,0,45,-2.5994,2.0824
declination,dec=-20.148 الدلو/القوس,0,46,-2.5474,2.0716
declination,dec=-20.148 الدلو/القوس,0,47,-2.4959,2.0611
declination,dec=-20.148 الدلو/القوس,0,48,-2.4449,2.0509
declination,dec=-20.148 الدلو/القوس,0,49,-2.3942,2.0409
declination,dec=-20.148 الدلو/القوس,0,50,-2.3440,2.0311
declination,dec=-20.148 الدلو/القوس,0,51,-2.2941,2.0216
declination,dec=-20.148 الدلو/القوس,0,52,-2.2446,2.0123
declination,dec=-20.148 الدلو/القوس,0,53,-2.1710,1.9988
declination,dec=-20.148 الدلو/القوس,0,54,-2.0983,1.9858
declination,dec=-20.148 الدلو/القوس,0,55,-2.0263,1.9733
declination,dec=-20.148 الدلو/القوس,0,56,-1.9550,1.9613
declination,dec=-20.148 الدلو/القوس,0,57,-1.8844,1.9498
declination,dec=-20.148 الدلو/القوس,0,58,-1.8145,1.9388
declination,dec=-20.148 الدلو/القوس,0,59,-1.7452,1.9282
declination,dec=-20.148 الدلو/القوس,0,60,-1.6765,1.9180
declination,dec=-20.148 الدلو/القوس,0,61,-1.6083,1.9084
declination,dec=-20.148 الدلو/القوس,0,62,-1.5407,1.8991
declination,dec=-20.148 الدلو/القوس,0,63,-1.4737,1.8903
declination,dec=-20.148 الدلو/القوس,0,64,-1.4071,1.8818
declination,dec=-20.148 الدلو/القوس,0,65,-1.3410,1.8738
declination,dec=-20.148 الدلو/القوس,0,66,-1.2753,1.8663
declination,dec=-20.148 الدلو/القوس,0,67,-1.2101,1.8591
declination,dec=-20.148 الدلو/القوس,0,68,-1.1452,1.8523
declination,dec=-20.148 الدلو/القوس,0,69,-1.0807,1.8459
declination,dec=-20.148 الدلو/القوس,0,70,-1.0166,1.8398
declination,dec=-20.148 الدلو/القوس,0,71,-0.9528,1.8342
declination,dec=-20.148 الدلو/القوس,0,72,-0.8892,1.8289
declination,dec=-20.148 الدلو/القوس,0,73,-0.8260,1.8240
declination,dec=-20.148 الدلو/القوس,0,74,-0.7630,1.8195
declination,dec=-20.148 الدلو/القوس,0,75,-0.7003,1.8153
declination,dec=-20.148 الدلو/القوس,0,76,-0.6378,1.8115
declination,dec=-20.148 الدلو/القوس,0,77,-0.5755,1.8081
declination,dec=-20.148 الدلو/القوس,0,78,-0.5134,1.8050
declination,dec=-20.148 الدلو/القوس,0,79,-0.4514,1.8023
declination,dec=-20.148 الدلو/القوس,0,80,-0.3896,1.7999
declination,dec=-20.148 الدلو/القوس,0,81,-0.3279,1.7979
declination,dec=-20.148 الدلو/القوس,0,82,-0.2663,1.7962
declination,dec=-20.148 الدلو/القوس,0,83,-0.2047,1.7949
declination,dec=-20.148 الدلو/القوس,0,84,-0.1433,1.7939
declination,dec=-20.148 الدلو/القوس,0,85,-0.0819,1.7933
declination,dec=-20.148 الدلو/القوس,0,86,-0.0205,1.7930
declination,dec=-20.148 الدلو/القوس,0,87,0.0409,1.7930
declination,dec=-20.148 الدلو/القوس,0,88,0.1023,1.7935
declination,dec=-20.148 الدلو/القوس,0,89,0.1638,1.7942
declination,dec=-20.148 الدلو/القوس,0,90,0.2252,1.7953
declination,dec=-20.148 الدلو/القوس,0,91,0.2868,1.7967
declination,dec=-20.148 الدلو/القوس,0,92,0.3484,1.7985
declination,dec=-20.148 الدلو/القوس,0,93,0.4102,1.8007
declination,dec=-20.148 الدلو/القوس,0,94,0.4720,1.8032
declination,dec=-20.148 الدلو/القوس,0,95,0.5341,1.8060
declination,dec=-20.148 الدلو/القوس,0,96,0.5963,1.8092
declination,dec=-20.148 الدلو/القوس,0,97,0.6586,1.8128
declination,dec=-20.148 الدلو/القوس,0,98,0.7212,1.8167
declination,dec=-20.148 الدلو/القوس,0,99,0.7840,1.8210
declination,dec=-20.148 الدلو/القوس,0,100,0.8471,1.8256
declination,dec=-20.148 الدلو/القوس,0,101,0.9104,1.8306
declination,dec=-20.148 الدلو/القوس,0,102,0.9740,1.8360
declination,dec=-20.148 الدلو/القوس,0,103,1.0379,1.8418
declination,dec=-20.148 الدلو/القوس,0,104,1.1022,1.8479
declination,dec=-20.148 الدلو/القوس,0,105,1.1668,1.8545
declination,dec=-20.148 الدلو/القوس,0,106,1.2318,1.8614
declination,dec=-20.148 الدلو/القوس,0,107,1.2972,1.8687
declination,dec=-20.148 الدلو/القوس,0,108,1.3630,1.8765
declination,dec=-20.148 الدلو/القوس,0,109,1.4292,1.8846
declination,dec=-20.148 الدلو/القوس,0,110,1.4960,1.8932
declination,dec=-20.148 الدلو/القوس,0,111,1.5632,1.9021
declination,dec=-20.148 الدلو/القوس,0,112,1.6310,1.9115
declination,dec=-20.148 الدلو/القوس,0,113,1.6993,1.9214
declination,dec=-20.148 الدلو/القوس,0,114,1.7682,1.9317
declination,dec=-20.148 الدلو/القوس,0,115,1.8377,1.9424
declination,dec=-20.148 الدلو/القوس,0,116,1.9079,1.9536
declination,dec=-20.148 الدلو/القوس,0,117,1.9787,1.9653
declination,dec=-20.148 الدلو/القوس,0,118,2.0502,1.9774
declination,dec=-20.148 الدلو/القوس,0,119,2.1225,1.9901
declination,dec=-20.148 الدلو/القوس,0,120,2.1955,2.0032
declination,dec=-20.148 الدلو/القوس,0,121,2.2693,2.0169
declination,dec=-20.148 الدلو/القوس,0,122,2.3190,2.0263
declination,dec=-20.148 الدلو/القوس,0,123,2.3690,2.0360
declination,dec=-20.148 الدلو/القوس,0,124,2.4195,2.0458
declination,dec=-20.148 الدلو/القوس,0,125,2.4703,2.0560
declination,dec=-20.148 الدلو/القوس,0,126,2.5216,2.0663
declination,dec=-20.148 الدلو/القوس,0,127,2.5733,2.0770
declination,dec=-20.148 الدلو/القوس,0,128,2.6255,2.0879
declination,dec=-20.148 الدلو/القوس,0,129,2.6781,2.0990
declination,dec=-20.148 الدلو/القوس,0,130,2.7312,2.1105
declination,dec=-20.148 الدلو/القوس,0,131,2.7847,2.1222
declination,dec=-20.148 الدلو/القوس,0,132,2.8388,2.1341
declination,dec=-20.148 الدلو/القوس,0,133,2.8933,2.1464
declination,dec=-20.148 الدلو/القوس,0,134,2.9484,2.1590
declination,dec=-20.148 الدلو/القوس,0,135,3.0040,2.1718
declination,dec=-20.148 الدلو/القوس,0,136,3.0602,2.1850
declination,dec=-20.148 الدلو/القوس,0,137,3.1169,2.1984
declination,dec=-20.148 الدلو/القوس,0,138,3.1742,2.2122
declination,dec=-20.148 الدلو/القوس,0,139,3.2321,2.2263
declination,dec=-20.148 الدلو/القوس,0,140,3.2907,2.2407
declination,dec=-20.148 الدلو/القوس,0,141,3.3499,2.2554
declination,dec=-20.148 الدلو/القوس,0,142,3.4097,2.2705
declination,dec=-20.148 الدلو/القوس,0,143,3.4702,2.2859
declination,dec=-20.148 الدلو/القوس,0,144,3.5314,2.3017
declination,dec=-20.148 الدلو/القوس,0,145,3.5933,2.3179
declination,dec=-20.148 الدلو/القوس,0,146,3.6560,2.3344
declination,dec=-20.148 الدلو/القوس,0,147,3.7194,2.3513
declination,dec=-20.148 الدلو/القوس,0,148,3.7835,2.3686
declination,dec=-20.148 الدلو/القوس,0,149,3.8485,2.3863
declination,dec=-20.148 الدلو/القوس,0,150,3.9143,2.4044
declination,dec=-20.148 الدلو/القوس,0,151,3.9810,2.4229
declination,dec=-20.148 الدلو/القوس,0,152,4.0485,2.4419
declination,dec=-20.148 الدلو/القوس,0,153,4.1169,2.4613
declination,dec=-20.148 الدلو/القوس,0,154,4.1862,2.4811
declination,dec=-20.148 الدلو/القوس,0,155,4.2565,2.5014
declination,dec=-20.148 الدلو/القوس,0,156,4.3278,2.5222
declination,dec=-20.148 الدلو/القوس,0,157,4.4001,2.5435
declination,dec=-20.148 الدلو/القوس,0,158,4.4735,2.5652
declination,dec=-20.148 الدلو/القوس,0,159,4.5479,2.5875
declination,dec=-20.148 الدلو/القوس,0,160,4.6234,2.6103
declination,dec=-20.148 الدلو/القوس,0,161,4.7001,2.6336
declination,dec=-20.148 الدلو/القوس,0,162,4.7779,2.6575
declination,dec=-20.148 الدلو/القوس,0,163,4.8570,2.6820
declination,dec=-20.148 الدلو/القوس,0,164,4.9373,2.7070
declination,dec=-20.148 الدلو/القوس,0,165,5.0189,2.7327
declination,dec=-20.148 الدلو/القوس,0,166,5.1019,2.7590
declination,dec=-20.148 الدلو/القوس,0,167,5.1862,2.7859
declination,dec=-20.148 الدلو/القوس,0,168,5.2720,2.8135
declination,dec=-20.148 الدلو/القوس,0,169,5.3593,2.8418
declination,dec=-20.148 الدلو/القوس,0,170,5.4480,2.8707
declination,dec=-20.148 الدلو/القوس,0,171,5.5384,2.9004
declination,dec=-20.148 الدلو/القوس,0,172,5.6304,2.9309
declination,dec=-20.148 الدلو/القوس,0,173,5.6328,2.9317
declination,dec=-23.436 الجدي,0,0,-5.2375,3.5905
declination,dec=-23.436 الجدي,0,1,-5.1546,3.5589
declination,dec=-23.436 الجدي,0,2,-5.0681,3.5262
declination,dec=-23.436 الجدي,0,3,-4.9830,3.4943
declination,dec=-23.436 الجدي,0,4,-4.8993,3.4632
declination,dec=-23.436 الجدي,0,5,-4.8170,3.4328
declination,dec=-23.436 الجدي,0,6,-4.7359,3.4032
declination,dec=-23.436 الجدي,0,7,-4.6561,3.3742
declination,dec=-23.436 الجدي,0,8,-4.5776,3.3460
declination,dec=-23.436 الجدي,0,9,-4.5001,3.3184
declination,dec=-23.436 الجدي,0,10,-4.4239,3.2914
declination,dec=-23.436 الجدي,0,11,-4.3487,3.2651
declination,dec=-23.436 الجدي,0,12,-4.2746,3.2395
declination,dec=-23.436 الجدي,0,13,-4.2016,3.2144
declination,dec=-23.436 الجدي,0,14,-4.1295,3.1899
declination,dec=-23.436 الجدي,0,15,-4.0585,3.1660
declination,dec=-23.436 الجدي,0,16,-3.9883,3.1426
declination,dec=-23.436 الجدي,0,17,-3.9191,3.1197
declination,dec=-23.436 الجدي,0,18,-3.8508,3.0974
declination,dec=-23.436 الجدي,0,19,-3.7834,3.0757
declination,dec=-23.436 الجدي,0,20,-3.7168,3.0544
declination,dec=-23.436 الجدي,0,21,-3.6510,3.0336
declination,dec=-23.436 الجدي,0,22,-3.5860,3.0133
declination,dec=-23.436 الجدي,0,23,-3.5218,2.9935
declination,dec=-23.436 الجدي,0,24,-3.4583,2.9741
declination,dec=-23.436 الجدي,0,25,-3.3956,2.9552
declination,dec=-23.436 الجدي,0,26,-3.3336,2.9367
declination,dec=-23.436 الجدي,0,27,-3.2722,2.9186
declination,dec=-23.436 الجدي,0,28,-3.2115,2.9010
declination,dec=-23.436 الجدي,0,29,-3.1515,2.8838
declination,dec=-23.436 الجدي,0,30,-3.0921,2.8669
declination,dec=-23.436 الجدي,0,31,-3.0333,2.8505
declination,dec=-23.436 الجدي,0,32,-2.9751,2.8345
declination,dec=-23.436 الجدي,0,33,-2.9174,2.8188
declination,dec=-23.436 الجدي,0,34,-2.8604,2.8035
declination,dec=-23.436 الجدي,0,35,-2.8038,2.7886
declination,dec=-23.436 الجدي,0,36,-2.7478,2.7741
declination,dec=-23.436 الجدي,0,37,-2.6923,2.7599
declination,dec=-23.436 الجدي,0,38,-2.6374,2.7460
declination,dec=-23.436 الجدي,0,39,-2.5829,2.7325
declination,dec=-23.436 الجدي,0,40,-2.5288,2.7193
declination,dec=-23.436 الجدي,0,41,-2.4752,2.7064
declination,dec=-23.436 الجدي,0,42,-2.4221,2.6939
declination,dec=-23.436 الجدي,0,43,-2.3694,2.6816
declination,dec=-23.436 الجدي,0,44,-2.3171,2.6697
declination,dec=-23.436 الجدي,0,45,-2.2652,2.6581
declination,dec=-23.436 الجدي,0,46,-2.2138,2.6468
declination,dec=-23.436 الجدي,0,47,-2.1626,2.6358
declination,dec=-23.436 الجدي,0,48,-2.1119,2.6251
declination,dec=-23.436 الجدي,0,49,-2.0615,2.6146
declination,dec=-23.436 الجدي,0,50,-2.0115,2.6045
declination,dec=-23.436 الجدي,0,51,-1.9618,2.5946
declination,dec=-23.436 الجدي,0,52,-1.9125,2.5850
declination,dec=-23.436 الجدي,0,53,-1.8390,2.5711
declination,dec=-23.436 الجدي,0,54,-1.7663,2.5578
declination,dec=-23.436 الجدي,0,55,-1.6941,2.5451
declination,dec=-23.436 الجدي,0,56,-1.6226,2.5329
declination,dec=-23.436 الجدي,0,57,-1.5517,2.5214
declination,dec=-23.436 الجدي,0,58,-1.4814,2.5104
declination,dec=-23.436 الجدي,0,59,-1.4115,2.4999
declination,dec=-23.436 الجدي,0,60,-1.3422,2.4899
declination,dec=-23.436 الجدي,0,61,-1.2733,2.4805
declination,dec=-23.436 الجدي,0,62,-1.2049,2.4716
declination,dec=-23.436 الجدي,0,63,-1.1369,2.4633
declination,dec=-23.436 الجدي,0,64,-1.0693,2.4554
declination,dec=-23.436 الجدي,0,65,-1.0021,2.4480
declination,dec=-23.436 الجدي,0,66,-0.9352,2.4411
declination,dec=-23.436 الجدي,0,67,-0.8686,2.4347
declination,dec=-23.436 الجدي,0,68,-0.8023,2.4288
declination,dec=-23.436 الجدي,0,69,-0.7363,2.4234
declination,dec=-23.436 الجدي,0,70,-0.6705,2.4184
declination,dec=-23.436 الجدي,0,71,-0.6050,2.4139
declination,dec=-23.436 الجدي,0,72,-0.5396,2.4099
declination,dec=-23.436 الجدي,0,73,-0.4745,2.4063
declination,dec=-23.436 الجدي,0,74,-0.4095,2.4032
declination,dec=-23.436 الجدي,0,75,-0.3446,2.4006
declination,dec=-23.436 الجدي,0,76,-0.2798,2.3984
declination,dec=-23.436 الجدي,0,77,-0.2152,2.3967
declination,dec=-23.436 الجدي,0,78,-0.1506,2.3954
declination,dec=-23.436 الجدي,0,79,-0.0860,2.3946
declination,dec=-23.436 الجدي,0,80,-0.0215,2.3942
declination,dec=-23.436 الجدي,0,81,0.0430,2.3943
declination,dec=-23.436 الجدي,0,82,0.1075,2.3948
declination,dec=-23.436 الجدي,0,83,0.1721,2.3958
declination,dec=-23.436 الجدي,0,84,0.2367,2.3972
declination,dec=-23.436 الجدي,0,85,0.3014,2.3991
declination,dec=-23.436 الجدي,0,86,0.3662,2.4014
declination,dec=-23.436 الجدي,0,87,0.4311,2.4042
declination,dec=-23.436 الجدي,0,88,0.4962,2.4075
declination,dec=-23.436 الجدي,0,89,0.5614,2.4112
declination,dec=-23.436 الجدي,0,90,0.6268,2.4154
declination,dec=-23.436 الجدي,0,91,0.6924,2.4200
declination,dec=-23.436 الجدي,0,92,0.7583,2.4251
declination,dec=-23.436 الجدي,0,93,0.8244,2.4307
declination,dec=-23.436 الجدي,0,94,0.8908,2.4368
declination,dec=-23.436 الجدي,0,95,0.9574,2.4434
declination,dec=-23.436 الجدي,0,96,1.0244,2.4504
declination,dec=-23.436 الجدي,0,97,1.0918,2.4579
declination,dec=-23.436 الجدي,0,98,1.1595,2.4660
declination,dec=-23.436 الجدي,0,99,1.2277,2.4745
declination,dec=-23.436 الجدي,0,100,1.2962,2.4836
declination,dec=-23.436 الجدي,0,101,1.3653,2.4932
declination,dec=-23.436 الجدي,0,102,1.4348,2.5033
declination,dec=-23.436 الجدي,0,103,1.5048,2.5140
declination,dec=-23.436 الجدي,0,104,1.5753,2.5252
declination,dec=-23.436 الجدي,0,105,1.6464,2.5369
declination,dec=-23.436 الجدي,0,106,1.7181,2.5493
declination,dec=-23.436 الجدي,0,107,1.7904,2.5622
declination,dec=-23.436 الجدي,0,108,1.8634,2.5757
declination,dec=-23.436 الجدي,0,109,1.9371,2.5898
declination,dec=-23.436 الجدي,0,110,1.9866,2.5995
declination,dec=-23.436 الجدي,0,111,2.0365,2.6095
declination,dec=-23.436 الجدي,0,112,2.0867,2.6198
declination,dec=-23.436 الجدي,0,113,2.1372,2.6304
declination,dec=-23.436 الجدي,0,114,2.1882,2.6412
declination,dec=-23.436 الجدي,0,115,2.2394,2.6524
declination,dec=-23.436 الجدي,0,116,2.2911,2.6639
declination,dec=-23.436 الجدي,0,117,2.3432,2.6756
declination,dec=-23.436 الجدي,0,118,2.3957,2.6877
declination,dec=-23.436 الجدي,0,119,2.4486,2.7001
declination,dec=-23.436 الجدي,0,120,2.5020,2.7128
declination,dec=-23.436 الجدي,0,121,2.5558,2.7258
declination,dec=-23.436 الجدي,0,122,2.6100,2.7392
declination,dec=-23.436 الجدي,0,123,2.6648,2.7529
declination,dec=-23.436 الجدي,0,124,2.7200,2.7669
declination,dec=-23.436 الجدي,0,125,2.7758,2.7813
declination,dec=-23.436 الجدي,0,126,2.8320,2.7960
declination,dec=-23.436 الجدي,0,127,2.8888,2.8111
declination,dec=-23.436 الجدي,0,128,2.9462,2.8266
declination,dec=-23.436 الجدي,0,129,3.0041,2.8425
declination,dec=-23.436 الجدي,0,130,3.0626,2.8587
declination,dec=-23.436 الجدي,0,131,3.1217,2.8753
declination,dec=-23.436 الجدي,0,132,3.1814,2.8923
declination,dec=-23.436 الجدي,0,133,3.2418,2.9097
declination,dec=-23.436 الجدي,0,134,3.3028,2.9276
declination,dec=-23.436 الجدي,0,135,3.3645,2.9459
declination,dec=-23.436 الجدي,0,136,3.4269,2.9646
declination,dec=-23.436 الجدي,0,137,3.4900,2.9837
declination,dec=-23.436 الجدي,0,138,3.5538,3.0033
declination,dec=-23.436 الجدي,0,139,3.6184,3.0234
declination,dec=-23.436 الجدي,0,140,3.6838,3.0439
declination,dec=-23.436 الجدي,0,141,3.7500,3.0650
declination,dec=-23.436 الجدي,0,142,3.8170,3.0865
declination,dec=-23.436 الجدي,0,143,3.8849,3.1085
declination,dec=-23.436 الجدي,0,144,3.9536,3.1311
declination,dec=-23.436 الجدي,0,145,4.0233,3.1542
declination,dec=-23.436 الجدي,0,146,4.0939,3.1778
declination,dec=-23.436 الجدي,0,147,4.1654,3.2021
declination,dec=-23.436 الجدي,0,148,4.2380,3.2268
declination,dec=-23.436 الجدي,0,149,4.3115,3.2522
declination,dec=-23.436 الجدي,0,150,4.3862,3.2782
declination,dec=-23.436 الجدي,0,151,4.4619,3.3048
declination,dec=-23.436 الجدي,0,152,4.5387,3.3321
declination,dec=-23.436 الجدي,0,153,4.6167,3.3600
declination,dec=-23.436 الجدي,0,154,4.6959,3.3886
declination,dec=-23.436 الجدي,0,155,4.7763,3.4179
declination,dec=-23.436 الجدي,0,156,4.8580,3.4479
declination,dec=-23.436 الجدي,0,157,4.9410,3.4787
declination,dec=-23.436 الجدي,0,158,5.0254,3.5102
declination,dec=-23.436 الجدي,0,159,5.1112,3.5425
declination,dec=-23.436 الجدي,0,160,5.1984,3.5756
declination,dec=-23.436 الجدي,0,161,5.2375,3.5905
asr,shafii k=1,0,0,6.2136,1.3090
asr,shafii k=1,0,1,6.2091,1.2589
asr,shafii k=1,0,2,6.2018,1.1817
asr,shafii k=1,0,3,6.1941,1.1053
asr,shafii k=1,0,4,6.1861,1.0296
asr,shafii k=1,0,5,6.1778,0.9546
asr,shafii k=1,0,6,6.1691,0.8803
asr,shafii k=1,0,7,6.1601,0.8066
asr,shafii k=1,0,8,6.1508,0.7336
asr,shafii k=1,0,9,6.1411,0.6613
asr,shafii k=1,0,10,6.1311,0.5896
asr,shafii k=1,0,11,6.1208,0.5186
asr,shafii k=1,0,12,6.1102,0.4482
asr,shafii k=1,0,13,6.0992,0.3784
asr,shafii k=1,0,14,6.0879,0.3093
asr,shafii k=1,0,15,6.0762,0.2407
asr,shafii k=1,0,16,6.0643,0.1727
asr,shafii k=1,0,17,6.0520,0.1053
asr,shafii k=1,0,18,6.0394,0.0385
asr,shafii k=1,0,19,6.0265,-0.0277
asr,shafii k=1,0,20,6.0133,-0.0934
asr,shafii k=1,0,21,5.9997,-0.1585
asr,shafii k=1,0,22,5.9858,-0.2230
asr,shafii k=1,0,23,5.9717,-0.2870
asr,shafii k=1,0,24,5.9572,-0.3505
asr,shafii k=1,0,25,5.9424,-0.4134
asr,shafii k=1,0,26,5.9272,-0.4758
asr,shafii k=1,0,27,5.9118,-0.5377
asr,shafii k=1,0,28,5.8961,-0.5990
asr,shafii k=1,0,29,5.8800,-0.6599
asr,shafii k=1,0,30,5.8637,-0.7202
asr,shafii k=1,0,31,5.8470,-0.7800
asr,shafii k=1,0,32,5.8301,-0.8393
asr,shafii k=1,0,33,5.8128,-0.8981
asr,shafii k=1,0,34,5.7953,-0.9565
asr,shafii k=1,0,35,5.7774,-1.0143
asr,shafii k=1,0,36,5.7593,-1.0716
asr,shafii k=1,0,37,5.7408,-1.1285
asr,shafii k=1,0,38,5.7221,-1.1849
asr,shafii k=1,0,39,5.7030,-1.2408
asr,shafii k=1,0,40,5.6837,-1.2962
asr,shafii k=1,0,41,5.6641,-1.3512
asr,shafii k=1,0,42,5.6442,-1.4057
asr,shafii k=1,0,43,5.6240,-1.4597
asr,shafii k=1,0,44,5.6035,-1.5133
asr,shafii k=1,0,45,5.5827,-1.5664
asr,shafii k=1,0,46,5.5617,-1.6191
asr,shafii k=1,0,47,5.5403,-1.6713
asr,shafii k=1,0,48,5.5187,-1.7230
asr,shafii k=1,0,49,5.4968,-1.7743
asr,shafii k=1,0,50,5.4747,-1.8252
asr,shafii k=1,0,51,5.4522,-1.8756
asr,shafii k=1,0,52,5.4295,-1.9256
asr,shafii k=1,0,53,5.4065,-1.9751
asr,shafii k=1,0,54,5.3832,-2.0242
asr,shafii k=1,0,55,5.3597,-2.0729
asr,shafii k=1,0,56,5.3359,-2.1211
asr,shafii k=1,0,57,5.3118,-2.1689
asr,shafii k=1,0,58,5.2874,-2.2162
asr,shafii k=1,0,59,5.2628,-2.2632
asr,shafii k=1,0,60,5.2379,-2.3097
asr,shafii k=1,0,61,5.2128,-2.3557
asr,shafii k=1,0,62,5.1874,-2.4014
asr,shafii k=1,0,63,5.1617,-2.4466
asr,shafii k=1,0,64,5.1358,-2.4914
asr,shafii k=1,0,65,5.1096,-2.5358
asr,shafii k=1,0,66,5.0831,-2.5797
asr,shafii k=1,0,67,5.0564,-2.6232
asr,shafii k=1,0,68,5.0295,-2.6663
asr,shafii k=1,0,69,5.0023,-2.7090
asr,shafii k=1,0,70,4.9748,-2.7513
asr,shafii k=1,0,71,4.9471,-2.7932
asr,shafii k=1,0,72,4.9051,-2.8552
asr,shafii k=1,0,73,4.8625,-2.9163
asr,shafii k=1,0,74,4.8193,-2.9764
asr,shafii k=1,0,75,4.7756,-3.0356
asr,shafii k=1,0,76,4.7314,-3.0939
asr,shafii k=1,0,77,4.6866,-3.1513
asr,shafii k=1,0,78,4.6413,-3.2078
asr,shafii k=1,0,79,4.5954,-3.2633
asr,shafii k=1,0,80,4.5490,-3.3179
asr,shafii k=1,0,81,4.5021,-3.3717
asr,shafii k=1,0,82,4.4546,-3.4245
asr,shafii k=1,0,83,4.4387,-3.4419
meridian,true noon,0,0,0.0000,2.3942
meridian,true noon,0,1,0.0000,2.2967
meridian,true noon,0,2,0.0000,2.2014
meridian,true noon,0,3,0.0000,2.1083
meridian,true noon,0,4,0.0000,2.0172
meridian,true noon,0,5,0.0000,1.9282
meridian,true noon,0,6,0.0000,1.8410
meridian,true noon,0,7,0.0000,1.7556
meridian,true noon,0,8,0.0000,1.6720
meridian,true noon,0,9,0.0000,1.5901
meridian,true noon,0,10,0.0000,1.5098
meridian,true noon,0,11,0.0000,1.4311
meridian,true noon,0,12,0.0000,1.3539
meridian,true noon,0,13,0.0000,1.2782
meridian,true noon,0,14,0.0000,1.2038
meridian,true noon,0,15,0.0000,1.1308
meridian,true noon,0,16,0.0000,1.0592
meridian,true noon,0,17,0.0000,0.9888
meridian,true noon,0,18,0.0000,0.9196
meridian,true noon,0,19,0.0000,0.8515
meridian,true noon,0,20,0.0000,0.7846
meridian,true noon,0,21,0.0000,0.7189
meridian,true noon,0,22,0.0000,0.6541
meridian,true noon,0,23,0.0000,0.5904
meridian,true noon,0,24,0.0000,0.5277
meridian,true noon,0,25,0.0000,0.4660
meridian,true noon,0,26,0.0000,0.4052
meridian,true noon,0,27,0.0000,0.3453
meridian,true noon,0,28,0.0000,0.2862
meridian,true noon,0,29,0.0000,0.2280
meridian,true noon,0,30,0.0000,0.1706
meridian,true noon,0,31,0.0000,0.1140
meridian,true noon,0,32,0.0000,0.0582
meridian,true noon,0,33,0.0000,0.0031
meridian,true noon,0,34,0.0000,-0.0513
meridian,true noon,0,35,0.0000,-0.1049
meridian,true noon,0,36,0.0000,-0.1579
meridian,true noon,0,37,0.0000,-0.2103
meridian,true noon,0,38,0.0000,-0.2620
meridian,true noon,0,39,0.0000,-0.3131
meridian,true noon,0,40,0.0000,-0.3636
meridian,true noon,0,41,0.0000,-0.4382
meridian,true noon,0,42,0.0000,-0.5116
meridian,true noon,0,43,0.0000,-0.5839
meridian,true noon,0,44,0.0000,-0.6550
meridian,true noon,0,45,0.0000,-0.7250
meridian,true noon,0,46,0.0000,-0.7939
meridian,true noon,0,47,0.0000,-0.8619
meridian,true noon,0,48,0.0000,-0.9289
meridian,true noon,0,49,0.0000,-0.9951
meridian,true noon,0,50,0.0000,-1.0603
meridian,true noon,0,51,0.0000,-1.1248
meridian,true noon,0,52,0.0000,-1.1884
meridian,true noon,0,53,0.0000,-1.2513
meridian,true noon,0,54,0.0000,-1.3135
meridian,true noon,0,55,0.0000,-1.3750
meridian,true noon,0,56,0.0000,-1.4358
meridian,true noon,0,57,0.0000,-1.4960
meridian,true noon,0,58,0.0000,-1.5557
meridian,true noon,0,59,0.0000,-1.6147
meridian,true noon,0,60,0.0000,-1.6733
meridian,true noon,0,61,0.0000,-1.7313
meridian,true noon,0,62,0.0000,-1.7888
meridian,true noon,0,63,0.0000,-1.8459
meridian,true noon,0,64,0.0000,-1.9026
meridian,true noon,0,65,0.0000,-1.9588
meridian,true noon,0,66,0.0000,-2.0147
meridian,true noon,0,67,0.0000,-2.0702
meridian,true noon,0,68,0.0000,-2.1254
meridian,true noon,0,69,0.0000,-2.1802
meridian,true noon,0,70,0.0000,-2.2348
meridian,true noon,0,71,0.0000,-2.2891
meridian,true noon,0,72,0.0000,-2.3431
meridian,true noon,0,73,0.0000,-2.3969
meridian,true noon,0,74,0.0000,-2.4505
meridian,true noon,0,75,0.0000,-2.5039
meridian,true noon,0,76,0.0000,-2.5394
